#! /c/Source/iverilog-install/bin/vvp
:ivl_version "12.0 (devel)" "(s20150603-1539-g2693dd32b)";
:ivl_delay_selection "TYPICAL";
:vpi_time_precision - 12;
:vpi_module "D:\SOFTWA~1\iverilog\iverilog\lib\ivl\system.vpi";
:vpi_module "D:\SOFTWA~1\iverilog\iverilog\lib\ivl\vhdl_sys.vpi";
:vpi_module "D:\SOFTWA~1\iverilog\iverilog\lib\ivl\vhdl_textio.vpi";
:vpi_module "D:\SOFTWA~1\iverilog\iverilog\lib\ivl\v2005_math.vpi";
:vpi_module "D:\SOFTWA~1\iverilog\iverilog\lib\ivl\va_math.vpi";
S_000001f813787e90 .scope module, "tb_uart_axi_bridge" "tb_uart_axi_bridge" 2 4;
 .timescale -9 -12;
P_000001f8137b3dd0 .param/l "AXI_TIMEOUT_CYCLES" 1 2 10, +C4<00000000000000000000000000100000>;
P_000001f8137b3e08 .param/l "CLK_PERIOD_NS" 1 2 6, +C4<00000000000000000000000000010100>;
P_000001f8137b3e40 .param/l "RX_TIMEOUT_CYCLES" 1 2 11, +C4<00000000000000111101000010010000>;
P_000001f8137b3e78 .param/l "TB_SYS_CLK_FREQ_HZ" 1 2 7, +C4<00000010111110101111000010000000>;
P_000001f8137b3eb0 .param/l "TB_UART_BAUD_RATE" 1 2 8, +C4<00000000010111110101111000010000>;
P_000001f8137b3ee8 .param/l "TB_UART_CLKS_PER_BIT" 1 2 9, +C4<00000000000000000000000000001000>;
v000001f813e32800_0 .var/i "r_case_count", 31 0;
v000001f813e346a0_0 .var "r_clk", 0 0;
v000001f813e34740 .array "r_data_buf", 1023 0, 7 0;
v000001f813e33520 .array "r_exp_buf", 2047 0, 7 0;
v000001f813e32120_0 .var/i "r_exp_count", 31 0;
v000001f813e330c0_0 .var/i "r_fail_count", 31 0;
v000001f813e323a0_0 .var/i "r_frame_drop_count", 31 0;
v000001f813e326c0_0 .var "r_full_ar_wait_cycles", 7 0;
v000001f813e33b60_0 .var "r_full_aw_wait_cycles", 7 0;
v000001f813e32760_0 .var "r_full_b_wait_cycles", 7 0;
v000001f813e338e0_0 .var "r_full_block_ar", 0 0;
v000001f813e335c0_0 .var "r_full_block_aw", 0 0;
v000001f813e32da0_0 .var "r_full_block_b", 0 0;
v000001f813e341a0_0 .var "r_full_block_r", 0 0;
v000001f813e32e40_0 .var "r_full_block_w", 0 0;
v000001f813e321c0_0 .var "r_full_force_bresp_err", 0 0;
v000001f813e32ee0_0 .var "r_full_force_rresp_err", 0 0;
v000001f813e329e0_0 .var "r_full_mem_mismatch", 0 0;
v000001f813e33700_0 .var "r_full_r_wait_cycles", 7 0;
v000001f813e34240_0 .var "r_full_w_wait_cycles", 7 0;
v000001f813e32940_0 .var/i "r_idx", 31 0;
v000001f813e337a0_0 .var "r_lite_ar_wait_cycles", 7 0;
v000001f813e33980_0 .var "r_lite_aw_wait_cycles", 7 0;
v000001f813e33160_0 .var "r_lite_b_wait_cycles", 7 0;
v000001f813e32a80_0 .var "r_lite_block_ar", 0 0;
v000001f813e33d40_0 .var "r_lite_block_aw", 0 0;
v000001f813e33c00_0 .var "r_lite_block_b", 0 0;
v000001f813e34880_0 .var "r_lite_block_r", 0 0;
v000001f813e347e0_0 .var "r_lite_block_w", 0 0;
v000001f813e32c60_0 .var "r_lite_force_bresp_err", 0 0;
v000001f813e32d00_0 .var "r_lite_force_rresp_err", 0 0;
v000001f813e32b20_0 .var "r_lite_r_wait_cycles", 7 0;
v000001f813e32f80_0 .var "r_lite_w_wait_cycles", 7 0;
v000001f813e33de0_0 .var "r_rst_n", 0 0;
v000001f813e33e80 .array "r_rx_buf", 2047 0, 7 0;
v000001f813e33020_0 .var/i "r_rx_count", 31 0;
v000001f813e342e0 .array "r_tx_buf", 2047 0, 7 0;
v000001f813e33f20_0 .var/i "r_tx_count", 31 0;
v000001f813e4fc00_0 .var "r_uart_rx_line", 0 0;
v000001f813e4f0c0_0 .net "w_host_rx_byte", 7 0, v000001f813e32440_0;  1 drivers
v000001f813e4f7a0_0 .net "w_host_rx_dv", 0 0, v000001f813e33840_0;  1 drivers
v000001f813e4f3e0_0 .net "w_m_axi_araddr", 39 0, v000001f813e00df0_0;  1 drivers
v000001f813e4fac0_0 .net "w_m_axi_arburst", 1 0, v000001f813dffdb0_0;  1 drivers
v000001f813e4f520_0 .net "w_m_axi_arcache", 3 0, v000001f813dffe50_0;  1 drivers
v000001f813e4f480_0 .net "w_m_axi_arlen", 7 0, v000001f813e01110_0;  1 drivers
v000001f813e4eee0_0 .net "w_m_axi_arlock", 0 0, v000001f813e01890_0;  1 drivers
v000001f813e4f200_0 .net "w_m_axi_arprot", 2 0, v000001f813e008f0_0;  1 drivers
v000001f813e4eda0_0 .net "w_m_axi_arqos", 3 0, v000001f813e014d0_0;  1 drivers
v000001f813e4ef80_0 .net "w_m_axi_arready", 0 0, v000001f813e31a90_0;  1 drivers
v000001f813e4f660_0 .net "w_m_axi_arsize", 2 0, v000001f813e00170_0;  1 drivers
v000001f813e4fe80_0 .net "w_m_axi_arvalid", 0 0, v000001f813e01570_0;  1 drivers
v000001f813e4f020_0 .net "w_m_axi_awaddr", 39 0, v000001f813e00530_0;  1 drivers
v000001f813e4ebc0_0 .net "w_m_axi_awburst", 1 0, v000001f813e012f0_0;  1 drivers
v000001f813e4fb60_0 .net "w_m_axi_awcache", 3 0, v000001f813e017f0_0;  1 drivers
v000001f813e4ec60_0 .net "w_m_axi_awlen", 7 0, v000001f813dffa90_0;  1 drivers
v000001f813e4f5c0_0 .net "w_m_axi_awlock", 0 0, v000001f813dffb30_0;  1 drivers
v000001f813e4ed00_0 .net "w_m_axi_awprot", 2 0, v000001f813e00e90_0;  1 drivers
v000001f813e4fca0_0 .net "w_m_axi_awqos", 3 0, v000001f813dfff90_0;  1 drivers
v000001f813e4fd40_0 .net "w_m_axi_awready", 0 0, v000001f813e30ff0_0;  1 drivers
v000001f813e4ee40_0 .net "w_m_axi_awsize", 2 0, v000001f813e00fd0_0;  1 drivers
v000001f813e4f700_0 .net "w_m_axi_awvalid", 0 0, v000001f813e00210_0;  1 drivers
v000001f813e4fde0_0 .net "w_m_axi_bready", 0 0, v000001f813e01390_0;  1 drivers
v000001f813e4ff20_0 .net "w_m_axi_bresp", 1 0, v000001f813e31950_0;  1 drivers
v000001f813e4f160_0 .net "w_m_axi_bvalid", 0 0, v000001f813e31b30_0;  1 drivers
v000001f813e4f840_0 .net "w_m_axi_rdata", 31 0, v000001f813e31f90_0;  1 drivers
v000001f813e4f2a0_0 .net "w_m_axi_rlast", 0 0, v000001f813e30910_0;  1 drivers
v000001f813e4f8e0_0 .net "w_m_axi_rready", 0 0, L_000001f813cc4990;  1 drivers
v000001f813e4f980_0 .net "w_m_axi_rresp", 1 0, v000001f813e30e10_0;  1 drivers
v000001f813e4fa20_0 .net "w_m_axi_rvalid", 0 0, v000001f813e30b90_0;  1 drivers
v000001f813e4ffc0_0 .net "w_m_axi_wdata", 31 0, L_000001f813cc4760;  1 drivers
v000001f813e50060_0 .net "w_m_axi_wlast", 0 0, L_000001f813cc4450;  1 drivers
v000001f813e4f340_0 .net "w_m_axi_wready", 0 0, v000001f813e30c30_0;  1 drivers
L_000001f813e50940 .functor BUFT 1, C4<1111>, C4<0>, C4<0>, C4<0>;
v000001f813e50100_0 .net "w_m_axi_wstrb", 3 0, L_000001f813e50940;  1 drivers
v000001f813e4ea80_0 .net "w_m_axi_wvalid", 0 0, L_000001f813cc58e0;  1 drivers
v000001f813e4eb20_0 .net "w_m_axil_araddr", 39 0, v000001f813e02720_0;  1 drivers
v000001f813e4d040_0 .net "w_m_axil_arprot", 2 0, v000001f813e02400_0;  1 drivers
v000001f813e4e260_0 .net "w_m_axil_arready", 0 0, v000001f813e35dc0_0;  1 drivers
v000001f813e4cfa0_0 .net "w_m_axil_arvalid", 0 0, v000001f813e033a0_0;  1 drivers
v000001f813e4d220_0 .net "w_m_axil_awaddr", 39 0, v000001f813e027c0_0;  1 drivers
v000001f813e4d9a0_0 .net "w_m_axil_awprot", 2 0, v000001f813e02180_0;  1 drivers
v000001f813e4d4a0_0 .net "w_m_axil_awready", 0 0, v000001f813e34c40_0;  1 drivers
v000001f813e4d2c0_0 .net "w_m_axil_awvalid", 0 0, v000001f813e022c0_0;  1 drivers
v000001f813e4caa0_0 .net "w_m_axil_bready", 0 0, v000001f813e03580_0;  1 drivers
v000001f813e4d0e0_0 .net "w_m_axil_bresp", 1 0, v000001f813e34ce0_0;  1 drivers
v000001f813e4d7c0_0 .net "w_m_axil_bvalid", 0 0, v000001f813e34920_0;  1 drivers
v000001f813e4e080_0 .net "w_m_axil_rdata", 31 0, v000001f813e34d80_0;  1 drivers
v000001f813e4ce60_0 .net "w_m_axil_rready", 0 0, v000001f813e03620_0;  1 drivers
v000001f813e4d360_0 .net "w_m_axil_rresp", 1 0, v000001f813e34e20_0;  1 drivers
v000001f813e4d860_0 .net "w_m_axil_rvalid", 0 0, v000001f813e34ec0_0;  1 drivers
v000001f813e4d720_0 .net "w_m_axil_wdata", 31 0, v000001f813e02860_0;  1 drivers
v000001f813e4d900_0 .net "w_m_axil_wready", 0 0, v000001f813e34f60_0;  1 drivers
v000001f813e4d5e0_0 .net "w_m_axil_wstrb", 3 0, v000001f813e02f40_0;  1 drivers
v000001f813e4da40_0 .net "w_m_axil_wvalid", 0 0, v000001f813e02fe0_0;  1 drivers
v000001f813e4dae0_0 .net "w_uart_tx_line", 0 0, v000001f813e2abb0_0;  1 drivers
L_000001f813ea87b0 .reduce/nor v000001f813e33de0_0;
L_000001f813ea8710 .reduce/nor v000001f813e33de0_0;
L_000001f813eaa8d0 .reduce/nor v000001f813e33de0_0;
S_000001f813bbd630 .scope task, "build_expected_response" "build_expected_response" 2 419, 2 419 0, S_000001f813787e90;
 .timescale -9 -12;
v000001f813d05e00_0 .var/i "j", 31 0;
v000001f813d059a0_0 .var/i "payload_count", 31 0;
v000001f813d05720_0 .var "r_chk", 7 0;
v000001f813d06080_0 .var "resp_addr_i", 39 0;
v000001f813d05f40_0 .var "resp_cmd_i", 7 0;
v000001f813d06440_0 .var "resp_len_i", 15 0;
v000001f813d04dc0_0 .var "resp_status_i", 7 0;
TD_tb_uart_axi_bridge.build_expected_response ;
    %pushi/vec4 0, 0, 32;
    %store/vec4 v000001f813e32120_0, 0, 32;
    %pushi/vec4 0, 0, 8;
    %store/vec4 v000001f813d05720_0, 0, 8;
    %pushi/vec4 0, 0, 32;
    %store/vec4 v000001f813d059a0_0, 0, 32;
    %load/vec4 v000001f813d04dc0_0;
    %cmpi/e 0, 0, 8;
    %jmp/0xz  T_0.0, 4;
    %load/vec4 v000001f813d05f40_0;
    %dup/vec4;
    %pushi/vec4 2, 0, 8;
    %cmp/u;
    %jmp/1 T_0.2, 6;
    %dup/vec4;
    %pushi/vec4 4, 0, 8;
    %cmp/u;
    %jmp/1 T_0.3, 6;
    %pushi/vec4 0, 0, 32;
    %store/vec4 v000001f813d059a0_0, 0, 32;
    %jmp T_0.5;
T_0.2 ;
    %load/vec4 v000001f813d06440_0;
    %pad/u 32;
    %store/vec4 v000001f813d059a0_0, 0, 32;
    %jmp T_0.5;
T_0.3 ;
    %load/vec4 v000001f813d06440_0;
    %pad/u 32;
    %store/vec4 v000001f813d059a0_0, 0, 32;
    %jmp T_0.5;
T_0.5 ;
    %pop/vec4 1;
T_0.0 ;
    %pushi/vec4 170, 0, 8;
    %ix/getv/s 4, v000001f813e32120_0;
    %store/vec4a v000001f813e33520, 4, 0;
    %load/vec4 v000001f813d05720_0;
    %pushi/vec4 170, 0, 8;
    %xor;
    %store/vec4 v000001f813d05720_0, 0, 8;
    %load/vec4 v000001f813e32120_0;
    %addi 1, 0, 32;
    %store/vec4 v000001f813e32120_0, 0, 32;
    %load/vec4 v000001f813d06440_0;
    %parti/s 8, 8, 5;
    %ix/getv/s 4, v000001f813e32120_0;
    %store/vec4a v000001f813e33520, 4, 0;
    %load/vec4 v000001f813d05720_0;
    %load/vec4 v000001f813d06440_0;
    %parti/s 8, 8, 5;
    %xor;
    %store/vec4 v000001f813d05720_0, 0, 8;
    %load/vec4 v000001f813e32120_0;
    %addi 1, 0, 32;
    %store/vec4 v000001f813e32120_0, 0, 32;
    %load/vec4 v000001f813d06440_0;
    %parti/s 8, 0, 2;
    %ix/getv/s 4, v000001f813e32120_0;
    %store/vec4a v000001f813e33520, 4, 0;
    %load/vec4 v000001f813d05720_0;
    %load/vec4 v000001f813d06440_0;
    %parti/s 8, 0, 2;
    %xor;
    %store/vec4 v000001f813d05720_0, 0, 8;
    %load/vec4 v000001f813e32120_0;
    %addi 1, 0, 32;
    %store/vec4 v000001f813e32120_0, 0, 32;
    %load/vec4 v000001f813d05f40_0;
    %ix/getv/s 4, v000001f813e32120_0;
    %store/vec4a v000001f813e33520, 4, 0;
    %load/vec4 v000001f813d05720_0;
    %load/vec4 v000001f813d05f40_0;
    %xor;
    %store/vec4 v000001f813d05720_0, 0, 8;
    %load/vec4 v000001f813e32120_0;
    %addi 1, 0, 32;
    %store/vec4 v000001f813e32120_0, 0, 32;
    %load/vec4 v000001f813d06080_0;
    %parti/s 8, 32, 7;
    %ix/getv/s 4, v000001f813e32120_0;
    %store/vec4a v000001f813e33520, 4, 0;
    %load/vec4 v000001f813d05720_0;
    %load/vec4 v000001f813d06080_0;
    %parti/s 8, 32, 7;
    %xor;
    %store/vec4 v000001f813d05720_0, 0, 8;
    %load/vec4 v000001f813e32120_0;
    %addi 1, 0, 32;
    %store/vec4 v000001f813e32120_0, 0, 32;
    %load/vec4 v000001f813d06080_0;
    %parti/s 8, 24, 6;
    %ix/getv/s 4, v000001f813e32120_0;
    %store/vec4a v000001f813e33520, 4, 0;
    %load/vec4 v000001f813d05720_0;
    %load/vec4 v000001f813d06080_0;
    %parti/s 8, 24, 6;
    %xor;
    %store/vec4 v000001f813d05720_0, 0, 8;
    %load/vec4 v000001f813e32120_0;
    %addi 1, 0, 32;
    %store/vec4 v000001f813e32120_0, 0, 32;
    %load/vec4 v000001f813d06080_0;
    %parti/s 8, 16, 6;
    %ix/getv/s 4, v000001f813e32120_0;
    %store/vec4a v000001f813e33520, 4, 0;
    %load/vec4 v000001f813d05720_0;
    %load/vec4 v000001f813d06080_0;
    %parti/s 8, 16, 6;
    %xor;
    %store/vec4 v000001f813d05720_0, 0, 8;
    %load/vec4 v000001f813e32120_0;
    %addi 1, 0, 32;
    %store/vec4 v000001f813e32120_0, 0, 32;
    %load/vec4 v000001f813d06080_0;
    %parti/s 8, 8, 5;
    %ix/getv/s 4, v000001f813e32120_0;
    %store/vec4a v000001f813e33520, 4, 0;
    %load/vec4 v000001f813d05720_0;
    %load/vec4 v000001f813d06080_0;
    %parti/s 8, 8, 5;
    %xor;
    %store/vec4 v000001f813d05720_0, 0, 8;
    %load/vec4 v000001f813e32120_0;
    %addi 1, 0, 32;
    %store/vec4 v000001f813e32120_0, 0, 32;
    %load/vec4 v000001f813d06080_0;
    %parti/s 8, 0, 2;
    %ix/getv/s 4, v000001f813e32120_0;
    %store/vec4a v000001f813e33520, 4, 0;
    %load/vec4 v000001f813d05720_0;
    %load/vec4 v000001f813d06080_0;
    %parti/s 8, 0, 2;
    %xor;
    %store/vec4 v000001f813d05720_0, 0, 8;
    %load/vec4 v000001f813e32120_0;
    %addi 1, 0, 32;
    %store/vec4 v000001f813e32120_0, 0, 32;
    %load/vec4 v000001f813d04dc0_0;
    %ix/getv/s 4, v000001f813e32120_0;
    %store/vec4a v000001f813e33520, 4, 0;
    %load/vec4 v000001f813d05720_0;
    %load/vec4 v000001f813d04dc0_0;
    %xor;
    %store/vec4 v000001f813d05720_0, 0, 8;
    %load/vec4 v000001f813e32120_0;
    %addi 1, 0, 32;
    %store/vec4 v000001f813e32120_0, 0, 32;
    %pushi/vec4 0, 0, 32;
    %store/vec4 v000001f813d05e00_0, 0, 32;
T_0.6 ;
    %load/vec4 v000001f813d05e00_0;
    %load/vec4 v000001f813d059a0_0;
    %cmp/s;
    %jmp/0xz T_0.7, 5;
    %ix/getv/s 4, v000001f813d05e00_0;
    %load/vec4a v000001f813e34740, 4;
    %ix/getv/s 4, v000001f813e32120_0;
    %store/vec4a v000001f813e33520, 4, 0;
    %load/vec4 v000001f813d05720_0;
    %ix/getv/s 4, v000001f813d05e00_0;
    %load/vec4a v000001f813e34740, 4;
    %xor;
    %store/vec4 v000001f813d05720_0, 0, 8;
    %load/vec4 v000001f813e32120_0;
    %addi 1, 0, 32;
    %store/vec4 v000001f813e32120_0, 0, 32;
    %load/vec4 v000001f813d05e00_0;
    %addi 1, 0, 32;
    %store/vec4 v000001f813d05e00_0, 0, 32;
    %jmp T_0.6;
T_0.7 ;
    %load/vec4 v000001f813d05720_0;
    %ix/getv/s 4, v000001f813e32120_0;
    %store/vec4a v000001f813e33520, 4, 0;
    %load/vec4 v000001f813e32120_0;
    %addi 1, 0, 32;
    %store/vec4 v000001f813e32120_0, 0, 32;
    %pushi/vec4 85, 0, 8;
    %ix/getv/s 4, v000001f813e32120_0;
    %store/vec4a v000001f813e33520, 4, 0;
    %load/vec4 v000001f813e32120_0;
    %addi 1, 0, 32;
    %store/vec4 v000001f813e32120_0, 0, 32;
    %end;
S_000001f8137cebf0 .scope task, "build_request" "build_request" 2 367, 2 367 0, S_000001f813787e90;
 .timescale -9 -12;
v000001f813d05220_0 .var/i "j", 31 0;
v000001f813d064e0_0 .var/i "payload_count", 31 0;
v000001f813d05b80_0 .var "r_chk", 7 0;
v000001f813d06940_0 .var "req_addr", 39 0;
v000001f813d06120_0 .var "req_cmd", 7 0;
v000001f813d061c0_0 .var "req_len", 15 0;
TD_tb_uart_axi_bridge.build_request ;
    %pushi/vec4 0, 0, 32;
    %store/vec4 v000001f813e33f20_0, 0, 32;
    %pushi/vec4 0, 0, 8;
    %store/vec4 v000001f813d05b80_0, 0, 8;
    %pushi/vec4 0, 0, 32;
    %store/vec4 v000001f813d064e0_0, 0, 32;
    %load/vec4 v000001f813d06120_0;
    %dup/vec4;
    %pushi/vec4 1, 0, 8;
    %cmp/u;
    %jmp/1 T_1.8, 6;
    %dup/vec4;
    %pushi/vec4 3, 0, 8;
    %cmp/u;
    %jmp/1 T_1.9, 6;
    %pushi/vec4 0, 0, 32;
    %store/vec4 v000001f813d064e0_0, 0, 32;
    %jmp T_1.11;
T_1.8 ;
    %load/vec4 v000001f813d061c0_0;
    %pad/u 32;
    %store/vec4 v000001f813d064e0_0, 0, 32;
    %jmp T_1.11;
T_1.9 ;
    %load/vec4 v000001f813d061c0_0;
    %pad/u 32;
    %store/vec4 v000001f813d064e0_0, 0, 32;
    %jmp T_1.11;
T_1.11 ;
    %pop/vec4 1;
    %pushi/vec4 170, 0, 8;
    %ix/getv/s 4, v000001f813e33f20_0;
    %store/vec4a v000001f813e342e0, 4, 0;
    %load/vec4 v000001f813d05b80_0;
    %pushi/vec4 170, 0, 8;
    %xor;
    %store/vec4 v000001f813d05b80_0, 0, 8;
    %load/vec4 v000001f813e33f20_0;
    %addi 1, 0, 32;
    %store/vec4 v000001f813e33f20_0, 0, 32;
    %load/vec4 v000001f813d061c0_0;
    %parti/s 8, 8, 5;
    %ix/getv/s 4, v000001f813e33f20_0;
    %store/vec4a v000001f813e342e0, 4, 0;
    %load/vec4 v000001f813d05b80_0;
    %load/vec4 v000001f813d061c0_0;
    %parti/s 8, 8, 5;
    %xor;
    %store/vec4 v000001f813d05b80_0, 0, 8;
    %load/vec4 v000001f813e33f20_0;
    %addi 1, 0, 32;
    %store/vec4 v000001f813e33f20_0, 0, 32;
    %load/vec4 v000001f813d061c0_0;
    %parti/s 8, 0, 2;
    %ix/getv/s 4, v000001f813e33f20_0;
    %store/vec4a v000001f813e342e0, 4, 0;
    %load/vec4 v000001f813d05b80_0;
    %load/vec4 v000001f813d061c0_0;
    %parti/s 8, 0, 2;
    %xor;
    %store/vec4 v000001f813d05b80_0, 0, 8;
    %load/vec4 v000001f813e33f20_0;
    %addi 1, 0, 32;
    %store/vec4 v000001f813e33f20_0, 0, 32;
    %load/vec4 v000001f813d06120_0;
    %ix/getv/s 4, v000001f813e33f20_0;
    %store/vec4a v000001f813e342e0, 4, 0;
    %load/vec4 v000001f813d05b80_0;
    %load/vec4 v000001f813d06120_0;
    %xor;
    %store/vec4 v000001f813d05b80_0, 0, 8;
    %load/vec4 v000001f813e33f20_0;
    %addi 1, 0, 32;
    %store/vec4 v000001f813e33f20_0, 0, 32;
    %load/vec4 v000001f813d06940_0;
    %parti/s 8, 32, 7;
    %ix/getv/s 4, v000001f813e33f20_0;
    %store/vec4a v000001f813e342e0, 4, 0;
    %load/vec4 v000001f813d05b80_0;
    %load/vec4 v000001f813d06940_0;
    %parti/s 8, 32, 7;
    %xor;
    %store/vec4 v000001f813d05b80_0, 0, 8;
    %load/vec4 v000001f813e33f20_0;
    %addi 1, 0, 32;
    %store/vec4 v000001f813e33f20_0, 0, 32;
    %load/vec4 v000001f813d06940_0;
    %parti/s 8, 24, 6;
    %ix/getv/s 4, v000001f813e33f20_0;
    %store/vec4a v000001f813e342e0, 4, 0;
    %load/vec4 v000001f813d05b80_0;
    %load/vec4 v000001f813d06940_0;
    %parti/s 8, 24, 6;
    %xor;
    %store/vec4 v000001f813d05b80_0, 0, 8;
    %load/vec4 v000001f813e33f20_0;
    %addi 1, 0, 32;
    %store/vec4 v000001f813e33f20_0, 0, 32;
    %load/vec4 v000001f813d06940_0;
    %parti/s 8, 16, 6;
    %ix/getv/s 4, v000001f813e33f20_0;
    %store/vec4a v000001f813e342e0, 4, 0;
    %load/vec4 v000001f813d05b80_0;
    %load/vec4 v000001f813d06940_0;
    %parti/s 8, 16, 6;
    %xor;
    %store/vec4 v000001f813d05b80_0, 0, 8;
    %load/vec4 v000001f813e33f20_0;
    %addi 1, 0, 32;
    %store/vec4 v000001f813e33f20_0, 0, 32;
    %load/vec4 v000001f813d06940_0;
    %parti/s 8, 8, 5;
    %ix/getv/s 4, v000001f813e33f20_0;
    %store/vec4a v000001f813e342e0, 4, 0;
    %load/vec4 v000001f813d05b80_0;
    %load/vec4 v000001f813d06940_0;
    %parti/s 8, 8, 5;
    %xor;
    %store/vec4 v000001f813d05b80_0, 0, 8;
    %load/vec4 v000001f813e33f20_0;
    %addi 1, 0, 32;
    %store/vec4 v000001f813e33f20_0, 0, 32;
    %load/vec4 v000001f813d06940_0;
    %parti/s 8, 0, 2;
    %ix/getv/s 4, v000001f813e33f20_0;
    %store/vec4a v000001f813e342e0, 4, 0;
    %load/vec4 v000001f813d05b80_0;
    %load/vec4 v000001f813d06940_0;
    %parti/s 8, 0, 2;
    %xor;
    %store/vec4 v000001f813d05b80_0, 0, 8;
    %load/vec4 v000001f813e33f20_0;
    %addi 1, 0, 32;
    %store/vec4 v000001f813e33f20_0, 0, 32;
    %pushi/vec4 0, 0, 32;
    %store/vec4 v000001f813d05220_0, 0, 32;
T_1.12 ;
    %load/vec4 v000001f813d05220_0;
    %load/vec4 v000001f813d064e0_0;
    %cmp/s;
    %jmp/0xz T_1.13, 5;
    %ix/getv/s 4, v000001f813d05220_0;
    %load/vec4a v000001f813e34740, 4;
    %ix/getv/s 4, v000001f813e33f20_0;
    %store/vec4a v000001f813e342e0, 4, 0;
    %load/vec4 v000001f813d05b80_0;
    %ix/getv/s 4, v000001f813d05220_0;
    %load/vec4a v000001f813e34740, 4;
    %xor;
    %store/vec4 v000001f813d05b80_0, 0, 8;
    %load/vec4 v000001f813e33f20_0;
    %addi 1, 0, 32;
    %store/vec4 v000001f813e33f20_0, 0, 32;
    %load/vec4 v000001f813d05220_0;
    %addi 1, 0, 32;
    %store/vec4 v000001f813d05220_0, 0, 32;
    %jmp T_1.12;
T_1.13 ;
    %load/vec4 v000001f813d05b80_0;
    %ix/getv/s 4, v000001f813e33f20_0;
    %store/vec4a v000001f813e342e0, 4, 0;
    %load/vec4 v000001f813e33f20_0;
    %addi 1, 0, 32;
    %store/vec4 v000001f813e33f20_0, 0, 32;
    %pushi/vec4 85, 0, 8;
    %ix/getv/s 4, v000001f813e33f20_0;
    %store/vec4a v000001f813e342e0, 4, 0;
    %load/vec4 v000001f813e33f20_0;
    %addi 1, 0, 32;
    %store/vec4 v000001f813e33f20_0, 0, 32;
    %end;
S_000001f813d4edf0 .scope task, "clear_data_buf" "clear_data_buf" 2 343, 2 343 0, S_000001f813787e90;
 .timescale -9 -12;
v000001f813d069e0_0 .var/i "j", 31 0;
TD_tb_uart_axi_bridge.clear_data_buf ;
    %pushi/vec4 0, 0, 32;
    %store/vec4 v000001f813d069e0_0, 0, 32;
T_2.14 ;
    %load/vec4 v000001f813d069e0_0;
    %cmpi/s 1024, 0, 32;
    %jmp/0xz T_2.15, 5;
    %pushi/vec4 0, 0, 8;
    %ix/getv/s 4, v000001f813d069e0_0;
    %store/vec4a v000001f813e34740, 4, 0;
    %load/vec4 v000001f813d069e0_0;
    %addi 1, 0, 32;
    %store/vec4 v000001f813d069e0_0, 0, 32;
    %jmp T_2.14;
T_2.15 ;
    %end;
S_000001f813cfca30 .scope task, "clear_model_memories" "clear_model_memories" 2 578, 2 578 0, S_000001f813787e90;
 .timescale -9 -12;
v000001f813d068a0_0 .var/i "j", 31 0;
TD_tb_uart_axi_bridge.clear_model_memories ;
    %pushi/vec4 0, 0, 32;
    %store/vec4 v000001f813d068a0_0, 0, 32;
T_3.16 ;
    %load/vec4 v000001f813d068a0_0;
    %cmpi/s 256, 0, 32;
    %jmp/0xz T_3.17, 5;
    %pushi/vec4 0, 0, 32;
    %ix/getv/s 4, v000001f813d068a0_0;
    %store/vec4a v000001f813e34060, 4, 0;
    %load/vec4 v000001f813d068a0_0;
    %addi 1, 0, 32;
    %store/vec4 v000001f813d068a0_0, 0, 32;
    %jmp T_3.16;
T_3.17 ;
    %pushi/vec4 0, 0, 32;
    %store/vec4 v000001f813d068a0_0, 0, 32;
T_3.18 ;
    %load/vec4 v000001f813d068a0_0;
    %cmpi/s 1024, 0, 32;
    %jmp/0xz T_3.19, 5;
    %pushi/vec4 0, 0, 32;
    %ix/getv/s 4, v000001f813d068a0_0;
    %store/vec4a v000001f813e35780, 4, 0;
    %load/vec4 v000001f813d068a0_0;
    %addi 1, 0, 32;
    %store/vec4 v000001f813d068a0_0, 0, 32;
    %jmp T_3.18;
T_3.19 ;
    %end;
S_000001f813d07970 .scope task, "clear_rx_buffer" "clear_rx_buffer" 2 337, 2 337 0, S_000001f813787e90;
 .timescale -9 -12;
TD_tb_uart_axi_bridge.clear_rx_buffer ;
    %pushi/vec4 0, 0, 32;
    %store/vec4 v000001f813e33020_0, 0, 32;
    %end;
S_000001f813d22090 .scope task, "compare_expected" "compare_expected" 2 497, 2 497 0, S_000001f813787e90;
 .timescale -9 -12;
v000001f813d06580_0 .var "case_name", 255 0;
v000001f813d05ea0_0 .var/i "j", 31 0;
v000001f813d05ae0_0 .var "r_mismatch", 0 0;
TD_tb_uart_axi_bridge.compare_expected ;
    %pushi/vec4 0, 0, 1;
    %store/vec4 v000001f813d05ae0_0, 0, 1;
    %load/vec4 v000001f813e33020_0;
    %load/vec4 v000001f813e32120_0;
    %cmp/ne;
    %jmp/0xz  T_5.20, 4;
    %pushi/vec4 1, 0, 1;
    %store/vec4 v000001f813d05ae0_0, 0, 1;
    %jmp T_5.21;
T_5.20 ;
    %pushi/vec4 0, 0, 32;
    %store/vec4 v000001f813d05ea0_0, 0, 32;
T_5.22 ;
    %load/vec4 v000001f813d05ea0_0;
    %load/vec4 v000001f813e32120_0;
    %cmp/s;
    %jmp/0xz T_5.23, 5;
    %ix/getv/s 4, v000001f813d05ea0_0;
    %load/vec4a v000001f813e33e80, 4;
    %ix/getv/s 4, v000001f813d05ea0_0;
    %load/vec4a v000001f813e33520, 4;
    %cmp/ne;
    %jmp/0xz  T_5.24, 6;
    %pushi/vec4 1, 0, 1;
    %store/vec4 v000001f813d05ae0_0, 0, 1;
T_5.24 ;
    %load/vec4 v000001f813d05ea0_0;
    %addi 1, 0, 32;
    %store/vec4 v000001f813d05ea0_0, 0, 32;
    %jmp T_5.22;
T_5.23 ;
T_5.21 ;
    %load/vec4 v000001f813d05ae0_0;
    %flag_set/vec4 8;
    %jmp/0xz  T_5.26, 8;
    %vpi_call 2 516 "$display", "[FAIL] %0s: response r_mismatch", v000001f813d06580_0 {0 0 0};
    %vpi_call 2 517 "$write", "  expected:" {0 0 0};
    %pushi/vec4 0, 0, 32;
    %store/vec4 v000001f813d05ea0_0, 0, 32;
T_5.28 ;
    %load/vec4 v000001f813d05ea0_0;
    %load/vec4 v000001f813e32120_0;
    %cmp/s;
    %jmp/0xz T_5.29, 5;
    %vpi_call 2 519 "$write", " %02x", &A<v000001f813e33520, v000001f813d05ea0_0 > {0 0 0};
    %load/vec4 v000001f813d05ea0_0;
    %addi 1, 0, 32;
    %store/vec4 v000001f813d05ea0_0, 0, 32;
    %jmp T_5.28;
T_5.29 ;
    %vpi_call 2 521 "$write", "\012  actual  :" {0 0 0};
    %pushi/vec4 0, 0, 32;
    %store/vec4 v000001f813d05ea0_0, 0, 32;
T_5.30 ;
    %load/vec4 v000001f813d05ea0_0;
    %load/vec4 v000001f813e33020_0;
    %cmp/s;
    %jmp/0xz T_5.31, 5;
    %vpi_call 2 523 "$write", " %02x", &A<v000001f813e33e80, v000001f813d05ea0_0 > {0 0 0};
    %load/vec4 v000001f813d05ea0_0;
    %addi 1, 0, 32;
    %store/vec4 v000001f813d05ea0_0, 0, 32;
    %jmp T_5.30;
T_5.31 ;
    %vpi_call 2 525 "$write", "\012" {0 0 0};
    %load/vec4 v000001f813e330c0_0;
    %addi 1, 0, 32;
    %store/vec4 v000001f813e330c0_0, 0, 32;
    %jmp T_5.27;
T_5.26 ;
    %vpi_call 2 529 "$display", "[PASS] %0s", v000001f813d06580_0 {0 0 0};
T_5.27 ;
    %end;
S_000001f813d4ddb0 .scope module, "dut" "uart_axi_bridge" 2 117, 3 4 0, S_000001f813787e90;
 .timescale -9 -12;
    .port_info 0 /INPUT 1 "i_clk";
    .port_info 1 /INPUT 1 "i_rst_n";
    .port_info 2 /INPUT 1 "i_uart_rx";
    .port_info 3 /OUTPUT 1 "o_uart_tx";
    .port_info 4 /OUTPUT 40 "o_m_axil_awaddr";
    .port_info 5 /OUTPUT 3 "o_m_axil_awprot";
    .port_info 6 /OUTPUT 1 "o_m_axil_awvalid";
    .port_info 7 /INPUT 1 "i_m_axil_awready";
    .port_info 8 /OUTPUT 32 "o_m_axil_wdata";
    .port_info 9 /OUTPUT 4 "o_m_axil_wstrb";
    .port_info 10 /OUTPUT 1 "o_m_axil_wvalid";
    .port_info 11 /INPUT 1 "i_m_axil_wready";
    .port_info 12 /INPUT 2 "i_m_axil_bresp";
    .port_info 13 /INPUT 1 "i_m_axil_bvalid";
    .port_info 14 /OUTPUT 1 "o_m_axil_bready";
    .port_info 15 /OUTPUT 40 "o_m_axil_araddr";
    .port_info 16 /OUTPUT 3 "o_m_axil_arprot";
    .port_info 17 /OUTPUT 1 "o_m_axil_arvalid";
    .port_info 18 /INPUT 1 "i_m_axil_arready";
    .port_info 19 /INPUT 32 "i_m_axil_rdata";
    .port_info 20 /INPUT 2 "i_m_axil_rresp";
    .port_info 21 /INPUT 1 "i_m_axil_rvalid";
    .port_info 22 /OUTPUT 1 "o_m_axil_rready";
    .port_info 23 /OUTPUT 40 "o_m_axi_awaddr";
    .port_info 24 /OUTPUT 8 "o_m_axi_awlen";
    .port_info 25 /OUTPUT 3 "o_m_axi_awsize";
    .port_info 26 /OUTPUT 2 "o_m_axi_awburst";
    .port_info 27 /OUTPUT 1 "o_m_axi_awlock";
    .port_info 28 /OUTPUT 4 "o_m_axi_awcache";
    .port_info 29 /OUTPUT 3 "o_m_axi_awprot";
    .port_info 30 /OUTPUT 4 "o_m_axi_awqos";
    .port_info 31 /OUTPUT 1 "o_m_axi_awvalid";
    .port_info 32 /INPUT 1 "i_m_axi_awready";
    .port_info 33 /OUTPUT 32 "o_m_axi_wdata";
    .port_info 34 /OUTPUT 4 "o_m_axi_wstrb";
    .port_info 35 /OUTPUT 1 "o_m_axi_wlast";
    .port_info 36 /OUTPUT 1 "o_m_axi_wvalid";
    .port_info 37 /INPUT 1 "i_m_axi_wready";
    .port_info 38 /INPUT 2 "i_m_axi_bresp";
    .port_info 39 /INPUT 1 "i_m_axi_bvalid";
    .port_info 40 /OUTPUT 1 "o_m_axi_bready";
    .port_info 41 /OUTPUT 40 "o_m_axi_araddr";
    .port_info 42 /OUTPUT 8 "o_m_axi_arlen";
    .port_info 43 /OUTPUT 3 "o_m_axi_arsize";
    .port_info 44 /OUTPUT 2 "o_m_axi_arburst";
    .port_info 45 /OUTPUT 1 "o_m_axi_arlock";
    .port_info 46 /OUTPUT 4 "o_m_axi_arcache";
    .port_info 47 /OUTPUT 3 "o_m_axi_arprot";
    .port_info 48 /OUTPUT 4 "o_m_axi_arqos";
    .port_info 49 /OUTPUT 1 "o_m_axi_arvalid";
    .port_info 50 /INPUT 1 "i_m_axi_arready";
    .port_info 51 /INPUT 32 "i_m_axi_rdata";
    .port_info 52 /INPUT 2 "i_m_axi_rresp";
    .port_info 53 /INPUT 1 "i_m_axi_rlast";
    .port_info 54 /INPUT 1 "i_m_axi_rvalid";
    .port_info 55 /OUTPUT 1 "o_m_axi_rready";
P_000001f813723630 .param/l "AXI_ADDR_WIDTH" 0 3 7, +C4<00000000000000000000000000101000>;
P_000001f813723668 .param/l "AXI_FULL_ARCACHE" 0 3 11, C4<0011>;
P_000001f8137236a0 .param/l "AXI_FULL_ARPROT" 0 3 13, C4<000>;
P_000001f8137236d8 .param/l "AXI_FULL_ARQOS" 0 3 15, C4<0000>;
P_000001f813723710 .param/l "AXI_FULL_AWCACHE" 0 3 10, C4<0011>;
P_000001f813723748 .param/l "AXI_FULL_AWPROT" 0 3 12, C4<000>;
P_000001f813723780 .param/l "AXI_FULL_AWQOS" 0 3 14, C4<0000>;
P_000001f8137237b8 .param/l "AXI_TIMEOUT_CYCLES" 0 3 8, +C4<00000000000000000000000000100000>;
P_000001f8137237f0 .param/l "LP_MAX_FRAME_DATA_BYTES" 1 3 77, +C4<00000000000000000000010000000000>;
P_000001f813723828 .param/l "LP_UART_CLKS_PER_BIT" 1 3 76, +C4<00000000000000000000000000001000>;
P_000001f813723860 .param/l "LP_UART_CLKS_PER_BIT_RAW" 1 3 75, +C4<00000000000000000000000000001000>;
P_000001f813723898 .param/l "MAX_FRAME_DATA_BYTES" 0 3 9, +C4<00000000000000000000010000000000>;
P_000001f8137238d0 .param/l "SYS_CLK_FREQ_HZ" 0 3 5, +C4<00000010111110101111000010000000>;
P_000001f813723908 .param/l "UART_BAUD_RATE" 0 3 6, +C4<00000000010111110101111000010000>;
L_000001f813cc4f40 .functor NOT 1, L_000001f813e4dfe0, C4<0>, C4<0>, C4<0>;
L_000001f813cc4ae0 .functor AND 1, v000001f813e29170_0, L_000001f813cc4f40, C4<1>, C4<1>;
v000001f813e2a4d0_0 .net *"_ivl_0", 0 0, L_000001f813cc4f40;  1 drivers
v000001f813e2ac50_0 .net "i_clk", 0 0, v000001f813e346a0_0;  1 drivers
v000001f813e2a390_0 .net "i_m_axi_arready", 0 0, v000001f813e31a90_0;  alias, 1 drivers
v000001f813e2a430_0 .net "i_m_axi_awready", 0 0, v000001f813e30ff0_0;  alias, 1 drivers
v000001f813e29850_0 .net "i_m_axi_bresp", 1 0, v000001f813e31950_0;  alias, 1 drivers
v000001f813e2a930_0 .net "i_m_axi_bvalid", 0 0, v000001f813e31b30_0;  alias, 1 drivers
v000001f813e29cb0_0 .net "i_m_axi_rdata", 31 0, v000001f813e31f90_0;  alias, 1 drivers
v000001f813e2a750_0 .net "i_m_axi_rlast", 0 0, v000001f813e30910_0;  alias, 1 drivers
v000001f813e2a7f0_0 .net "i_m_axi_rresp", 1 0, v000001f813e30e10_0;  alias, 1 drivers
v000001f813e2a890_0 .net "i_m_axi_rvalid", 0 0, v000001f813e30b90_0;  alias, 1 drivers
v000001f813e2af70_0 .net "i_m_axi_wready", 0 0, v000001f813e30c30_0;  alias, 1 drivers
v000001f813e29210_0 .net "i_m_axil_arready", 0 0, v000001f813e35dc0_0;  alias, 1 drivers
v000001f813e293f0_0 .net "i_m_axil_awready", 0 0, v000001f813e34c40_0;  alias, 1 drivers
v000001f813e29670_0 .net "i_m_axil_bresp", 1 0, v000001f813e34ce0_0;  alias, 1 drivers
v000001f813e297b0_0 .net "i_m_axil_bvalid", 0 0, v000001f813e34920_0;  alias, 1 drivers
v000001f813e29e90_0 .net "i_m_axil_rdata", 31 0, v000001f813e34d80_0;  alias, 1 drivers
v000001f813e29df0_0 .net "i_m_axil_rresp", 1 0, v000001f813e34e20_0;  alias, 1 drivers
v000001f813e298f0_0 .net "i_m_axil_rvalid", 0 0, v000001f813e34ec0_0;  alias, 1 drivers
v000001f813e29990_0 .net "i_m_axil_wready", 0 0, v000001f813e34f60_0;  alias, 1 drivers
v000001f813e2df90_0 .net "i_rst_n", 0 0, v000001f813e33de0_0;  1 drivers
v000001f813e2d630_0 .net "i_uart_rx", 0 0, v000001f813e4fc00_0;  1 drivers
v000001f813e2caf0_0 .net "o_m_axi_araddr", 39 0, v000001f813e00df0_0;  alias, 1 drivers
v000001f813e2c410_0 .net "o_m_axi_arburst", 1 0, v000001f813dffdb0_0;  alias, 1 drivers
v000001f813e2d950_0 .net "o_m_axi_arcache", 3 0, v000001f813dffe50_0;  alias, 1 drivers
v000001f813e2d130_0 .net "o_m_axi_arlen", 7 0, v000001f813e01110_0;  alias, 1 drivers
v000001f813e2db30_0 .net "o_m_axi_arlock", 0 0, v000001f813e01890_0;  alias, 1 drivers
v000001f813e2cf50_0 .net "o_m_axi_arprot", 2 0, v000001f813e008f0_0;  alias, 1 drivers
v000001f813e2cc30_0 .net "o_m_axi_arqos", 3 0, v000001f813e014d0_0;  alias, 1 drivers
v000001f813e2cff0_0 .net "o_m_axi_arsize", 2 0, v000001f813e00170_0;  alias, 1 drivers
v000001f813e2ddb0_0 .net "o_m_axi_arvalid", 0 0, v000001f813e01570_0;  alias, 1 drivers
v000001f813e2d810_0 .net "o_m_axi_awaddr", 39 0, v000001f813e00530_0;  alias, 1 drivers
v000001f813e2c730_0 .net "o_m_axi_awburst", 1 0, v000001f813e012f0_0;  alias, 1 drivers
v000001f813e2c5f0_0 .net "o_m_axi_awcache", 3 0, v000001f813e017f0_0;  alias, 1 drivers
v000001f813e2d1d0_0 .net "o_m_axi_awlen", 7 0, v000001f813dffa90_0;  alias, 1 drivers
v000001f813e2dd10_0 .net "o_m_axi_awlock", 0 0, v000001f813dffb30_0;  alias, 1 drivers
v000001f813e2de50_0 .net "o_m_axi_awprot", 2 0, v000001f813e00e90_0;  alias, 1 drivers
v000001f813e2d090_0 .net "o_m_axi_awqos", 3 0, v000001f813dfff90_0;  alias, 1 drivers
v000001f813e2ccd0_0 .net "o_m_axi_awsize", 2 0, v000001f813e00fd0_0;  alias, 1 drivers
v000001f813e2cd70_0 .net "o_m_axi_awvalid", 0 0, v000001f813e00210_0;  alias, 1 drivers
v000001f813e2d9f0_0 .net "o_m_axi_bready", 0 0, v000001f813e01390_0;  alias, 1 drivers
v000001f813e2c7d0_0 .net "o_m_axi_rready", 0 0, L_000001f813cc4990;  alias, 1 drivers
v000001f813e2c4b0_0 .net "o_m_axi_wdata", 31 0, L_000001f813cc4760;  alias, 1 drivers
v000001f813e2d590_0 .net "o_m_axi_wlast", 0 0, L_000001f813cc4450;  alias, 1 drivers
v000001f813e2ca50_0 .net "o_m_axi_wstrb", 3 0, L_000001f813e50940;  alias, 1 drivers
v000001f813e2d270_0 .net "o_m_axi_wvalid", 0 0, L_000001f813cc58e0;  alias, 1 drivers
v000001f813e2d310_0 .net "o_m_axil_araddr", 39 0, v000001f813e02720_0;  alias, 1 drivers
v000001f813e2c230_0 .net "o_m_axil_arprot", 2 0, v000001f813e02400_0;  alias, 1 drivers
v000001f813e2d8b0_0 .net "o_m_axil_arvalid", 0 0, v000001f813e033a0_0;  alias, 1 drivers
v000001f813e2c870_0 .net "o_m_axil_awaddr", 39 0, v000001f813e027c0_0;  alias, 1 drivers
v000001f813e2def0_0 .net "o_m_axil_awprot", 2 0, v000001f813e02180_0;  alias, 1 drivers
v000001f813e2ce10_0 .net "o_m_axil_awvalid", 0 0, v000001f813e022c0_0;  alias, 1 drivers
v000001f813e2d6d0_0 .net "o_m_axil_bready", 0 0, v000001f813e03580_0;  alias, 1 drivers
v000001f813e2d3b0_0 .net "o_m_axil_rready", 0 0, v000001f813e03620_0;  alias, 1 drivers
v000001f813e2da90_0 .net "o_m_axil_wdata", 31 0, v000001f813e02860_0;  alias, 1 drivers
v000001f813e2c2d0_0 .net "o_m_axil_wstrb", 3 0, v000001f813e02f40_0;  alias, 1 drivers
v000001f813e2dbd0_0 .net "o_m_axil_wvalid", 0 0, v000001f813e02fe0_0;  alias, 1 drivers
v000001f813e2c370_0 .net "o_uart_tx", 0 0, v000001f813e2abb0_0;  alias, 1 drivers
v000001f813e2d770_0 .net "w_axif_cmd_addr", 39 0, v000001f813e06ba0_0;  1 drivers
v000001f813e2c0f0_0 .net "w_axif_cmd_beats", 8 0, v000001f813e06100_0;  1 drivers
v000001f813e2c9b0_0 .net "w_axif_cmd_done", 0 0, v000001f813e003f0_0;  1 drivers
v000001f813e2c190_0 .net "w_axif_cmd_error", 0 0, v000001f813e007b0_0;  1 drivers
v000001f813e2dc70_0 .net "w_axif_cmd_ready", 0 0, L_000001f813e4c320;  1 drivers
v000001f813e2c550_0 .net "w_axif_cmd_timeout", 0 0, v000001f813e00490_0;  1 drivers
v000001f813e2c690_0 .net "w_axif_cmd_valid", 0 0, v000001f813e064c0_0;  1 drivers
v000001f813e2c910_0 .net "w_axif_cmd_write", 0 0, v000001f813e05d40_0;  1 drivers
v000001f813e2ceb0_0 .net "w_axif_rd_data", 31 0, v000001f813e024a0_0;  1 drivers
v000001f813e2d450_0 .net "w_axif_rd_ready", 0 0, v000001f813e066a0_0;  1 drivers
v000001f813e2cb90_0 .net "w_axif_rd_valid", 0 0, v000001f813e02c20_0;  1 drivers
v000001f813e2d4f0_0 .net "w_axif_wr_data", 31 0, L_000001f813cc52c0;  1 drivers
v000001f813e2f5b0_0 .net "w_axif_wr_ready", 0 0, L_000001f813cc5250;  1 drivers
v000001f813e302d0_0 .net "w_axif_wr_valid", 0 0, L_000001f813cc4610;  1 drivers
v000001f813e30370_0 .net "w_axil_cmd_addr", 39 0, v000001f813e06b00_0;  1 drivers
v000001f813e2f790_0 .net "w_axil_cmd_done", 0 0, v000001f813e02ea0_0;  1 drivers
v000001f813e2f290_0 .net "w_axil_cmd_error", 0 0, v000001f813e01c80_0;  1 drivers
v000001f813e2fab0_0 .net "w_axil_cmd_rdata", 31 0, v000001f813e034e0_0;  1 drivers
v000001f813e2e570_0 .net "w_axil_cmd_ready", 0 0, L_000001f813e4e9e0;  1 drivers
v000001f813e2ee30_0 .net "w_axil_cmd_timeout", 0 0, v000001f813e03120_0;  1 drivers
v000001f813e2fb50_0 .net "w_axil_cmd_valid", 0 0, v000001f813e07500_0;  1 drivers
v000001f813e30730_0 .net "w_axil_cmd_wdata", 31 0, v000001f813e06ce0_0;  1 drivers
v000001f813e2e890_0 .net "w_axil_cmd_write", 0 0, v000001f813e062e0_0;  1 drivers
v000001f813e30410_0 .net "w_bridge_busy", 0 0, L_000001f813e4dfe0;  1 drivers
v000001f813e2ef70_0 .net "w_builder_resp_ready", 0 0, L_000001f813e4c5a0;  1 drivers
v000001f813e2f650_0 .net "w_builder_tx_byte", 7 0, L_000001f813cc4920;  1 drivers
v000001f813e2e930_0 .net "w_builder_tx_valid", 0 0, L_000001f813cc5090;  1 drivers
v000001f813e2e2f0_0 .net "w_parser_frame_drop_pulse", 0 0, v000001f813e1bce0_0;  1 drivers
v000001f813e2ff10_0 .net "w_parser_req_addr", 39 0, v000001f813e1bec0_0;  1 drivers
v000001f813e304b0_0 .net "w_parser_req_cmd", 7 0, v000001f813e1be20_0;  1 drivers
v000001f813e30690_0 .net "w_parser_req_data_wr_addr", 9 0, v000001f813e1cdc0_0;  1 drivers
v000001f813e30190_0 .net "w_parser_req_data_wr_byte", 7 0, v000001f813e1b420_0;  1 drivers
v000001f813e2f330_0 .net "w_parser_req_data_wr_en", 0 0, v000001f813e1b9c0_0;  1 drivers
v000001f813e30050_0 .net "w_parser_req_len", 15 0, v000001f813e1cf00_0;  1 drivers
v000001f813e2f3d0_0 .net "w_parser_req_ready", 0 0, v000001f813e07280_0;  1 drivers
v000001f813e2f6f0_0 .net "w_parser_req_valid", 0 0, v000001f813e1b2e0_0;  1 drivers
v000001f813e2f470_0 .net "w_resp_addr", 39 0, v000001f813e06560_0;  1 drivers
v000001f813e2f510_0 .net "w_resp_cmd", 7 0, v000001f813e06420_0;  1 drivers
v000001f813e305f0_0 .net "w_resp_data_count", 10 0, v000001f813e06d80_0;  1 drivers
v000001f813e2ffb0_0 .net "w_resp_data_wr_addr", 9 0, v000001f813e070a0_0;  1 drivers
v000001f813e2ec50_0 .net "w_resp_data_wr_byte", 7 0, v000001f813e07820_0;  1 drivers
v000001f813e300f0_0 .net "w_resp_data_wr_en", 0 0, v000001f813e06380_0;  1 drivers
v000001f813e2f0b0_0 .net "w_resp_len_field", 15 0, v000001f813e05b60_0;  1 drivers
v000001f813e2e9d0_0 .net "w_resp_status", 7 0, v000001f813e05ca0_0;  1 drivers
v000001f813e2ea70_0 .net "w_resp_valid", 0 0, v000001f813e05de0_0;  1 drivers
v000001f813e30550_0 .net "w_rst", 0 0, L_000001f813cc4ed0;  1 drivers
v000001f813e30230_0 .net "w_uart_rx_byte", 7 0, v000001f813e290d0_0;  1 drivers
v000001f813e2f150_0 .net "w_uart_rx_dv", 0 0, v000001f813e29170_0;  1 drivers
v000001f813e2f830_0 .net "w_uart_tx_ready", 0 0, L_000001f813e4e940;  1 drivers
S_000001f813b690e0 .scope module, "u_axi_full_master" "axi_full_master" 3 291, 4 4 0, S_000001f813d4ddb0;
 .timescale -9 -12;
    .port_info 0 /INPUT 1 "i_clk";
    .port_info 1 /INPUT 1 "i_rst";
    .port_info 2 /INPUT 1 "i_cmd_valid";
    .port_info 3 /OUTPUT 1 "o_cmd_ready";
    .port_info 4 /INPUT 1 "i_cmd_write";
    .port_info 5 /INPUT 40 "i_cmd_addr";
    .port_info 6 /INPUT 9 "i_cmd_beats";
    .port_info 7 /OUTPUT 1 "o_cmd_done";
    .port_info 8 /OUTPUT 1 "o_cmd_error";
    .port_info 9 /OUTPUT 1 "o_cmd_timeout";
    .port_info 10 /INPUT 32 "i_wr_data";
    .port_info 11 /INPUT 1 "i_wr_valid";
    .port_info 12 /OUTPUT 1 "o_wr_ready";
    .port_info 13 /OUTPUT 32 "o_rd_data";
    .port_info 14 /OUTPUT 1 "o_rd_valid";
    .port_info 15 /INPUT 1 "i_rd_ready";
    .port_info 16 /OUTPUT 40 "o_m_axi_awaddr";
    .port_info 17 /OUTPUT 8 "o_m_axi_awlen";
    .port_info 18 /OUTPUT 3 "o_m_axi_awsize";
    .port_info 19 /OUTPUT 2 "o_m_axi_awburst";
    .port_info 20 /OUTPUT 1 "o_m_axi_awlock";
    .port_info 21 /OUTPUT 4 "o_m_axi_awcache";
    .port_info 22 /OUTPUT 3 "o_m_axi_awprot";
    .port_info 23 /OUTPUT 4 "o_m_axi_awqos";
    .port_info 24 /OUTPUT 1 "o_m_axi_awvalid";
    .port_info 25 /INPUT 1 "i_m_axi_awready";
    .port_info 26 /OUTPUT 32 "o_m_axi_wdata";
    .port_info 27 /OUTPUT 4 "o_m_axi_wstrb";
    .port_info 28 /OUTPUT 1 "o_m_axi_wlast";
    .port_info 29 /OUTPUT 1 "o_m_axi_wvalid";
    .port_info 30 /INPUT 1 "i_m_axi_wready";
    .port_info 31 /INPUT 2 "i_m_axi_bresp";
    .port_info 32 /INPUT 1 "i_m_axi_bvalid";
    .port_info 33 /OUTPUT 1 "o_m_axi_bready";
    .port_info 34 /OUTPUT 40 "o_m_axi_araddr";
    .port_info 35 /OUTPUT 8 "o_m_axi_arlen";
    .port_info 36 /OUTPUT 3 "o_m_axi_arsize";
    .port_info 37 /OUTPUT 2 "o_m_axi_arburst";
    .port_info 38 /OUTPUT 1 "o_m_axi_arlock";
    .port_info 39 /OUTPUT 4 "o_m_axi_arcache";
    .port_info 40 /OUTPUT 3 "o_m_axi_arprot";
    .port_info 41 /OUTPUT 4 "o_m_axi_arqos";
    .port_info 42 /OUTPUT 1 "o_m_axi_arvalid";
    .port_info 43 /INPUT 1 "i_m_axi_arready";
    .port_info 44 /INPUT 32 "i_m_axi_rdata";
    .port_info 45 /INPUT 2 "i_m_axi_rresp";
    .port_info 46 /INPUT 1 "i_m_axi_rlast";
    .port_info 47 /INPUT 1 "i_m_axi_rvalid";
    .port_info 48 /OUTPUT 1 "o_m_axi_rready";
P_000001f813bcdad0 .param/l "AXI_ADDR_WIDTH" 0 4 5, +C4<00000000000000000000000000101000>;
P_000001f813bcdb08 .param/l "AXI_ARCACHE" 0 4 8, C4<0011>;
P_000001f813bcdb40 .param/l "AXI_ARPROT" 0 4 10, C4<000>;
P_000001f813bcdb78 .param/l "AXI_ARQOS" 0 4 12, C4<0000>;
P_000001f813bcdbb0 .param/l "AXI_AWCACHE" 0 4 7, C4<0011>;
P_000001f813bcdbe8 .param/l "AXI_AWPROT" 0 4 9, C4<000>;
P_000001f813bcdc20 .param/l "AXI_AWQOS" 0 4 11, C4<0000>;
P_000001f813bcdc58 .param/l "AXI_TIMEOUT_CYCLES" 0 4 6, +C4<00000000000000000000000000100000>;
P_000001f813bcdc90 .param/l "ST_IDLE" 1 4 65, C4<000>;
P_000001f813bcdcc8 .param/l "ST_RD_AR" 1 4 69, C4<100>;
P_000001f813bcdd00 .param/l "ST_RD_R" 1 4 70, C4<101>;
P_000001f813bcdd38 .param/l "ST_WR_AW" 1 4 66, C4<001>;
P_000001f813bcdd70 .param/l "ST_WR_B" 1 4 68, C4<011>;
P_000001f813bcdda8 .param/l "ST_WR_W" 1 4 67, C4<010>;
L_000001f813cc4840 .functor AND 1, L_000001f813e4c500, L_000001f813e4c820, C4<1>, C4<1>;
L_000001f813cc5250 .functor AND 1, L_000001f813cc4840, v000001f813e30c30_0, C4<1>, C4<1>;
L_000001f813cc4760 .functor BUFZ 32, L_000001f813cc52c0, C4<00000000000000000000000000000000>, C4<00000000000000000000000000000000>, C4<00000000000000000000000000000000>;
L_000001f813cc4060 .functor AND 1, L_000001f813e4c960, L_000001f813e4ca00, C4<1>, C4<1>;
L_000001f813cc4450 .functor AND 1, L_000001f813cc4060, L_000001f813e4c780, C4<1>, C4<1>;
L_000001f813cc5410 .functor AND 1, L_000001f813e4cc80, L_000001f813e4cf00, C4<1>, C4<1>;
L_000001f813cc58e0 .functor AND 1, L_000001f813cc5410, L_000001f813cc4610, C4<1>, C4<1>;
L_000001f813cc4990 .functor AND 1, L_000001f813e4d180, v000001f813e066a0_0, C4<1>, C4<1>;
L_000001f813cc4a70 .functor AND 1, L_000001f813cc58e0, v000001f813e30c30_0, C4<1>, C4<1>;
L_000001f813cc5480 .functor AND 1, v000001f813e30b90_0, L_000001f813cc4990, C4<1>, C4<1>;
L_000001f813e50868 .functor BUFT 1, C4<000>, C4<0>, C4<0>, C4<0>;
v000001f813d06620_0 .net/2u *"_ivl_0", 2 0, L_000001f813e50868;  1 drivers
L_000001f813e508f8 .functor BUFT 1, C4<010>, C4<0>, C4<0>, C4<0>;
v000001f813d052c0_0 .net/2u *"_ivl_10", 2 0, L_000001f813e508f8;  1 drivers
v000001f813d05900_0 .net *"_ivl_12", 0 0, L_000001f813e4c500;  1 drivers
v000001f813d05d60_0 .net *"_ivl_14", 0 0, L_000001f813e4c820;  1 drivers
v000001f813d06b20_0 .net *"_ivl_17", 0 0, L_000001f813cc4840;  1 drivers
L_000001f813e50988 .functor BUFT 1, C4<010>, C4<0>, C4<0>, C4<0>;
v000001f813d05360_0 .net/2u *"_ivl_24", 2 0, L_000001f813e50988;  1 drivers
v000001f813d05540_0 .net *"_ivl_26", 0 0, L_000001f813e4c960;  1 drivers
v000001f813d055e0_0 .net *"_ivl_28", 0 0, L_000001f813e4ca00;  1 drivers
v000001f813d057c0_0 .net *"_ivl_31", 0 0, L_000001f813cc4060;  1 drivers
L_000001f813e509d0 .functor BUFT 1, C4<010>, C4<0>, C4<0>, C4<0>;
v000001f813d05860_0 .net/2u *"_ivl_34", 2 0, L_000001f813e509d0;  1 drivers
v000001f813d05c20_0 .net *"_ivl_36", 0 0, L_000001f813e4cc80;  1 drivers
v000001f813d05cc0_0 .net *"_ivl_38", 0 0, L_000001f813e4cf00;  1 drivers
L_000001f813e508b0 .functor BUFT 1, C4<000000001>, C4<0>, C4<0>, C4<0>;
v000001f813cdbae0_0 .net/2u *"_ivl_4", 8 0, L_000001f813e508b0;  1 drivers
v000001f813e00a30_0 .net *"_ivl_41", 0 0, L_000001f813cc5410;  1 drivers
L_000001f813e50a18 .functor BUFT 1, C4<101>, C4<0>, C4<0>, C4<0>;
v000001f813e00ad0_0 .net/2u *"_ivl_44", 2 0, L_000001f813e50a18;  1 drivers
v000001f813e00c10_0 .net *"_ivl_46", 0 0, L_000001f813e4d180;  1 drivers
v000001f813e00b70_0 .net *"_ivl_6", 8 0, L_000001f813e4c460;  1 drivers
v000001f813dffd10_0 .net "i_clk", 0 0, v000001f813e346a0_0;  alias, 1 drivers
v000001f813e01750_0 .net "i_cmd_addr", 39 0, v000001f813e06ba0_0;  alias, 1 drivers
v000001f813e01930_0 .net "i_cmd_beats", 8 0, v000001f813e06100_0;  alias, 1 drivers
v000001f813e01430_0 .net "i_cmd_valid", 0 0, v000001f813e064c0_0;  alias, 1 drivers
v000001f813dffc70_0 .net "i_cmd_write", 0 0, v000001f813e05d40_0;  alias, 1 drivers
v000001f813e00f30_0 .net "i_m_axi_arready", 0 0, v000001f813e31a90_0;  alias, 1 drivers
v000001f813e00670_0 .net "i_m_axi_awready", 0 0, v000001f813e30ff0_0;  alias, 1 drivers
v000001f813e00350_0 .net "i_m_axi_bresp", 1 0, v000001f813e31950_0;  alias, 1 drivers
v000001f813e01070_0 .net "i_m_axi_bvalid", 0 0, v000001f813e31b30_0;  alias, 1 drivers
v000001f813e00cb0_0 .net "i_m_axi_rdata", 31 0, v000001f813e31f90_0;  alias, 1 drivers
v000001f813e01610_0 .net "i_m_axi_rlast", 0 0, v000001f813e30910_0;  alias, 1 drivers
v000001f813e016b0_0 .net "i_m_axi_rresp", 1 0, v000001f813e30e10_0;  alias, 1 drivers
v000001f813e002b0_0 .net "i_m_axi_rvalid", 0 0, v000001f813e30b90_0;  alias, 1 drivers
v000001f813e011b0_0 .net "i_m_axi_wready", 0 0, v000001f813e30c30_0;  alias, 1 drivers
v000001f813dffbd0_0 .net "i_rd_ready", 0 0, v000001f813e066a0_0;  alias, 1 drivers
v000001f813dffef0_0 .net "i_rst", 0 0, L_000001f813cc4ed0;  alias, 1 drivers
v000001f813e00710_0 .net "i_wr_data", 31 0, L_000001f813cc52c0;  alias, 1 drivers
v000001f813e01250_0 .net "i_wr_valid", 0 0, L_000001f813cc4610;  alias, 1 drivers
v000001f813e003f0_0 .var "o_cmd_done", 0 0;
v000001f813e007b0_0 .var "o_cmd_error", 0 0;
v000001f813e00d50_0 .net "o_cmd_ready", 0 0, L_000001f813e4c320;  alias, 1 drivers
v000001f813e00490_0 .var "o_cmd_timeout", 0 0;
v000001f813e00df0_0 .var "o_m_axi_araddr", 39 0;
v000001f813dffdb0_0 .var "o_m_axi_arburst", 1 0;
v000001f813dffe50_0 .var "o_m_axi_arcache", 3 0;
v000001f813e01110_0 .var "o_m_axi_arlen", 7 0;
v000001f813e01890_0 .var "o_m_axi_arlock", 0 0;
v000001f813e008f0_0 .var "o_m_axi_arprot", 2 0;
v000001f813e014d0_0 .var "o_m_axi_arqos", 3 0;
v000001f813e00170_0 .var "o_m_axi_arsize", 2 0;
v000001f813e01570_0 .var "o_m_axi_arvalid", 0 0;
v000001f813e00530_0 .var "o_m_axi_awaddr", 39 0;
v000001f813e012f0_0 .var "o_m_axi_awburst", 1 0;
v000001f813e017f0_0 .var "o_m_axi_awcache", 3 0;
v000001f813dffa90_0 .var "o_m_axi_awlen", 7 0;
v000001f813dffb30_0 .var "o_m_axi_awlock", 0 0;
v000001f813e00e90_0 .var "o_m_axi_awprot", 2 0;
v000001f813dfff90_0 .var "o_m_axi_awqos", 3 0;
v000001f813e00fd0_0 .var "o_m_axi_awsize", 2 0;
v000001f813e00210_0 .var "o_m_axi_awvalid", 0 0;
v000001f813e01390_0 .var "o_m_axi_bready", 0 0;
v000001f813e00030_0 .net "o_m_axi_rready", 0 0, L_000001f813cc4990;  alias, 1 drivers
v000001f813e000d0_0 .net "o_m_axi_wdata", 31 0, L_000001f813cc4760;  alias, 1 drivers
v000001f813e005d0_0 .net "o_m_axi_wlast", 0 0, L_000001f813cc4450;  alias, 1 drivers
v000001f813e00850_0 .net "o_m_axi_wstrb", 3 0, L_000001f813e50940;  alias, 1 drivers
v000001f813e00990_0 .net "o_m_axi_wvalid", 0 0, L_000001f813cc58e0;  alias, 1 drivers
v000001f813e024a0_0 .var "o_rd_data", 31 0;
v000001f813e02c20_0 .var "o_rd_valid", 0 0;
v000001f813e02680_0 .net "o_wr_ready", 0 0, L_000001f813cc5250;  alias, 1 drivers
v000001f813e02540_0 .var "r_cmd_beats_latched", 8 0;
v000001f813e031c0_0 .var "r_error_seen", 0 0;
v000001f813e02360_0 .var "r_rd_beat_idx", 8 0;
v000001f813e02ae0_0 .var "r_state", 2 0;
v000001f813e02b80_0 .var "r_timeout_cnt", 31 0;
v000001f813e02cc0_0 .var "r_wr_beat_idx", 8 0;
v000001f813e01dc0_0 .net "w_rd_handshake", 0 0, L_000001f813cc5480;  1 drivers
v000001f813e01e60_0 .net "w_wr_handshake", 0 0, L_000001f813cc4a70;  1 drivers
v000001f813e01fa0_0 .net "w_wr_last_beat", 0 0, L_000001f813e4c780;  1 drivers
E_000001f813d61700 .event posedge, v000001f813dffd10_0;
L_000001f813e4c320 .cmp/eq 3, v000001f813e02ae0_0, L_000001f813e50868;
L_000001f813e4c460 .arith/sub 9, v000001f813e02540_0, L_000001f813e508b0;
L_000001f813e4c780 .cmp/eq 9, v000001f813e02cc0_0, L_000001f813e4c460;
L_000001f813e4c500 .cmp/eq 3, v000001f813e02ae0_0, L_000001f813e508f8;
L_000001f813e4c820 .cmp/gt 9, v000001f813e02540_0, v000001f813e02cc0_0;
L_000001f813e4c960 .cmp/eq 3, v000001f813e02ae0_0, L_000001f813e50988;
L_000001f813e4ca00 .cmp/gt 9, v000001f813e02540_0, v000001f813e02cc0_0;
L_000001f813e4cc80 .cmp/eq 3, v000001f813e02ae0_0, L_000001f813e509d0;
L_000001f813e4cf00 .cmp/gt 9, v000001f813e02540_0, v000001f813e02cc0_0;
L_000001f813e4d180 .cmp/eq 3, v000001f813e02ae0_0, L_000001f813e50a18;
S_000001f813b69270 .scope module, "u_axi_lite_master" "axi_lite_master" 3 249, 5 4 0, S_000001f813d4ddb0;
 .timescale -9 -12;
    .port_info 0 /INPUT 1 "i_clk";
    .port_info 1 /INPUT 1 "i_rst";
    .port_info 2 /INPUT 1 "i_cmd_valid";
    .port_info 3 /OUTPUT 1 "o_cmd_ready";
    .port_info 4 /INPUT 1 "i_cmd_write";
    .port_info 5 /INPUT 40 "i_cmd_addr";
    .port_info 6 /INPUT 32 "i_cmd_wdata";
    .port_info 7 /OUTPUT 1 "o_cmd_done";
    .port_info 8 /OUTPUT 1 "o_cmd_error";
    .port_info 9 /OUTPUT 1 "o_cmd_timeout";
    .port_info 10 /OUTPUT 32 "o_cmd_rdata";
    .port_info 11 /OUTPUT 40 "o_m_axil_awaddr";
    .port_info 12 /OUTPUT 3 "o_m_axil_awprot";
    .port_info 13 /OUTPUT 1 "o_m_axil_awvalid";
    .port_info 14 /INPUT 1 "i_m_axil_awready";
    .port_info 15 /OUTPUT 32 "o_m_axil_wdata";
    .port_info 16 /OUTPUT 4 "o_m_axil_wstrb";
    .port_info 17 /OUTPUT 1 "o_m_axil_wvalid";
    .port_info 18 /INPUT 1 "i_m_axil_wready";
    .port_info 19 /INPUT 2 "i_m_axil_bresp";
    .port_info 20 /INPUT 1 "i_m_axil_bvalid";
    .port_info 21 /OUTPUT 1 "o_m_axil_bready";
    .port_info 22 /OUTPUT 40 "o_m_axil_araddr";
    .port_info 23 /OUTPUT 3 "o_m_axil_arprot";
    .port_info 24 /OUTPUT 1 "o_m_axil_arvalid";
    .port_info 25 /INPUT 1 "i_m_axil_arready";
    .port_info 26 /INPUT 32 "i_m_axil_rdata";
    .port_info 27 /INPUT 2 "i_m_axil_rresp";
    .port_info 28 /INPUT 1 "i_m_axil_rvalid";
    .port_info 29 /OUTPUT 1 "o_m_axil_rready";
P_000001f81374bc70 .param/l "AXI_ADDR_WIDTH" 0 5 5, +C4<00000000000000000000000000101000>;
P_000001f81374bca8 .param/l "AXI_TIMEOUT_CYCLES" 0 5 6, +C4<00000000000000000000000000100000>;
P_000001f81374bce0 .param/l "ST_IDLE" 1 5 40, C4<000>;
P_000001f81374bd18 .param/l "ST_RD_AR" 1 5 44, C4<100>;
P_000001f81374bd50 .param/l "ST_RD_R" 1 5 45, C4<101>;
P_000001f81374bd88 .param/l "ST_WR_AW" 1 5 41, C4<001>;
P_000001f81374bdc0 .param/l "ST_WR_B" 1 5 43, C4<011>;
P_000001f81374bdf8 .param/l "ST_WR_W" 1 5 42, C4<010>;
L_000001f813e50820 .functor BUFT 1, C4<000>, C4<0>, C4<0>, C4<0>;
v000001f813e02d60_0 .net/2u *"_ivl_0", 2 0, L_000001f813e50820;  1 drivers
v000001f813e03080_0 .net "i_clk", 0 0, v000001f813e346a0_0;  alias, 1 drivers
v000001f813e038a0_0 .net "i_cmd_addr", 39 0, v000001f813e06b00_0;  alias, 1 drivers
v000001f813e025e0_0 .net "i_cmd_valid", 0 0, v000001f813e07500_0;  alias, 1 drivers
v000001f813e01f00_0 .net "i_cmd_wdata", 31 0, v000001f813e06ce0_0;  alias, 1 drivers
v000001f813e02e00_0 .net "i_cmd_write", 0 0, v000001f813e062e0_0;  alias, 1 drivers
v000001f813e020e0_0 .net "i_m_axil_arready", 0 0, v000001f813e35dc0_0;  alias, 1 drivers
v000001f813e01be0_0 .net "i_m_axil_awready", 0 0, v000001f813e34c40_0;  alias, 1 drivers
v000001f813e03260_0 .net "i_m_axil_bresp", 1 0, v000001f813e34ce0_0;  alias, 1 drivers
v000001f813e02900_0 .net "i_m_axil_bvalid", 0 0, v000001f813e34920_0;  alias, 1 drivers
v000001f813e03760_0 .net "i_m_axil_rdata", 31 0, v000001f813e34d80_0;  alias, 1 drivers
v000001f813e03440_0 .net "i_m_axil_rresp", 1 0, v000001f813e34e20_0;  alias, 1 drivers
v000001f813e029a0_0 .net "i_m_axil_rvalid", 0 0, v000001f813e34ec0_0;  alias, 1 drivers
v000001f813e03300_0 .net "i_m_axil_wready", 0 0, v000001f813e34f60_0;  alias, 1 drivers
v000001f813e02220_0 .net "i_rst", 0 0, L_000001f813cc4ed0;  alias, 1 drivers
v000001f813e02ea0_0 .var "o_cmd_done", 0 0;
v000001f813e01c80_0 .var "o_cmd_error", 0 0;
v000001f813e034e0_0 .var "o_cmd_rdata", 31 0;
v000001f813e02a40_0 .net "o_cmd_ready", 0 0, L_000001f813e4e9e0;  alias, 1 drivers
v000001f813e03120_0 .var "o_cmd_timeout", 0 0;
v000001f813e02720_0 .var "o_m_axil_araddr", 39 0;
v000001f813e02400_0 .var "o_m_axil_arprot", 2 0;
v000001f813e033a0_0 .var "o_m_axil_arvalid", 0 0;
v000001f813e027c0_0 .var "o_m_axil_awaddr", 39 0;
v000001f813e02180_0 .var "o_m_axil_awprot", 2 0;
v000001f813e022c0_0 .var "o_m_axil_awvalid", 0 0;
v000001f813e03580_0 .var "o_m_axil_bready", 0 0;
v000001f813e03620_0 .var "o_m_axil_rready", 0 0;
v000001f813e02860_0 .var "o_m_axil_wdata", 31 0;
v000001f813e02f40_0 .var "o_m_axil_wstrb", 3 0;
v000001f813e02fe0_0 .var "o_m_axil_wvalid", 0 0;
v000001f813e03940_0 .var "r_state", 2 0;
v000001f813e036c0_0 .var "r_timeout_cnt", 31 0;
L_000001f813e4e9e0 .cmp/eq 3, v000001f813e03940_0, L_000001f813e50820;
S_000001f813763e90 .scope module, "u_bridge_ctrl" "bridge_ctrl" 3 166, 6 4 0, S_000001f813d4ddb0;
 .timescale -9 -12;
    .port_info 0 /INPUT 1 "i_clk";
    .port_info 1 /INPUT 1 "i_rst";
    .port_info 2 /INPUT 1 "i_req_valid";
    .port_info 3 /OUTPUT 1 "o_req_ready";
    .port_info 4 /INPUT 16 "i_req_len";
    .port_info 5 /INPUT 8 "i_req_cmd";
    .port_info 6 /INPUT 40 "i_req_addr";
    .port_info 7 /INPUT 1 "i_req_data_wr_en";
    .port_info 8 /INPUT 10 "i_req_data_wr_addr";
    .port_info 9 /INPUT 8 "i_req_data_wr_byte";
    .port_info 10 /OUTPUT 1 "o_resp_valid";
    .port_info 11 /INPUT 1 "i_resp_ready";
    .port_info 12 /OUTPUT 16 "o_resp_len_field";
    .port_info 13 /OUTPUT 11 "o_resp_data_count";
    .port_info 14 /OUTPUT 8 "o_resp_cmd";
    .port_info 15 /OUTPUT 40 "o_resp_addr";
    .port_info 16 /OUTPUT 8 "o_resp_status";
    .port_info 17 /OUTPUT 1 "o_resp_data_wr_en";
    .port_info 18 /OUTPUT 10 "o_resp_data_wr_addr";
    .port_info 19 /OUTPUT 8 "o_resp_data_wr_byte";
    .port_info 20 /OUTPUT 1 "o_axil_cmd_valid";
    .port_info 21 /INPUT 1 "i_axil_cmd_ready";
    .port_info 22 /OUTPUT 1 "o_axil_cmd_write";
    .port_info 23 /OUTPUT 40 "o_axil_cmd_addr";
    .port_info 24 /OUTPUT 32 "o_axil_cmd_wdata";
    .port_info 25 /INPUT 1 "i_axil_cmd_done";
    .port_info 26 /INPUT 1 "i_axil_cmd_error";
    .port_info 27 /INPUT 1 "i_axil_cmd_timeout";
    .port_info 28 /INPUT 32 "i_axil_cmd_rdata";
    .port_info 29 /OUTPUT 1 "o_axif_cmd_valid";
    .port_info 30 /INPUT 1 "i_axif_cmd_ready";
    .port_info 31 /OUTPUT 1 "o_axif_cmd_write";
    .port_info 32 /OUTPUT 40 "o_axif_cmd_addr";
    .port_info 33 /OUTPUT 9 "o_axif_cmd_beats";
    .port_info 34 /INPUT 1 "i_axif_cmd_done";
    .port_info 35 /INPUT 1 "i_axif_cmd_error";
    .port_info 36 /INPUT 1 "i_axif_cmd_timeout";
    .port_info 37 /OUTPUT 32 "o_axif_wr_data";
    .port_info 38 /OUTPUT 1 "o_axif_wr_valid";
    .port_info 39 /INPUT 1 "i_axif_wr_ready";
    .port_info 40 /INPUT 32 "i_axif_rd_data";
    .port_info 41 /INPUT 1 "i_axif_rd_valid";
    .port_info 42 /OUTPUT 1 "o_axif_rd_ready";
    .port_info 43 /OUTPUT 1 "o_busy";
P_000001f8136e2da0 .param/l "AXI_ADDR_WIDTH" 0 6 5, +C4<00000000000000000000000000101000>;
P_000001f8136e2dd8 .param/l "CMD_FULL_READ" 1 6 67, C4<00000100>;
P_000001f8136e2e10 .param/l "CMD_FULL_WRITE" 1 6 66, C4<00000011>;
P_000001f8136e2e48 .param/l "CMD_LITE_READ" 1 6 65, C4<00000010>;
P_000001f8136e2e80 .param/l "CMD_LITE_WRITE" 1 6 64, C4<00000001>;
P_000001f8136e2eb8 .param/l "LP_MAX_FRAME_DATA_BYTES" 1 6 75, +C4<00000000000000000000010000000000>;
P_000001f8136e2ef0 .param/l "MAX_FRAME_DATA_BYTES" 0 6 6, +C4<00000000000000000000010000000000>;
P_000001f8136e2f28 .param/l "STATUS_ALIGN_ERR" 1 6 70, C4<00000001>;
P_000001f8136e2f60 .param/l "STATUS_AXI_ERR" 1 6 71, C4<00000010>;
P_000001f8136e2f98 .param/l "STATUS_CMD_ERR" 1 6 73, C4<00000100>;
P_000001f8136e2fd0 .param/l "STATUS_LEN_ERR" 1 6 72, C4<00000011>;
P_000001f8136e3008 .param/l "STATUS_SUCCESS" 1 6 69, C4<00000000>;
P_000001f8136e3040 .param/l "ST_AXIF_READ" 1 6 60, C4<0110>;
P_000001f8136e3078 .param/l "ST_AXIF_START" 1 6 58, C4<0100>;
P_000001f8136e30b0 .param/l "ST_AXIF_WRITE" 1 6 59, C4<0101>;
P_000001f8136e30e8 .param/l "ST_AXIL_START" 1 6 56, C4<0010>;
P_000001f8136e3120 .param/l "ST_AXIL_WAIT" 1 6 57, C4<0011>;
P_000001f8136e3158 .param/l "ST_CHECK" 1 6 55, C4<0001>;
P_000001f8136e3190 .param/l "ST_IDLE" 1 6 54, C4<0000>;
P_000001f8136e31c8 .param/l "ST_RESP_COPY" 1 6 61, C4<0111>;
P_000001f8136e3200 .param/l "ST_RESP_SEND" 1 6 62, C4<1000>;
L_000001f813cc4610 .functor AND 1, L_000001f813e4c280, L_000001f813e4e620, C4<1>, C4<1>;
L_000001f813cc52c0 .functor BUFZ 32, L_000001f813e4de00, C4<00000000000000000000000000000000>, C4<00000000000000000000000000000000>, C4<00000000000000000000000000000000>;
L_000001f813e50238 .functor BUFT 1, C4<0000>, C4<0>, C4<0>, C4<0>;
v000001f813e03800_0 .net/2u *"_ivl_0", 3 0, L_000001f813e50238;  1 drivers
v000001f813e01aa0_0 .net *"_ivl_100", 0 0, L_000001f813e4e620;  1 drivers
v000001f813e01b40_0 .net *"_ivl_11", 7 0, L_000001f813e4d680;  1 drivers
L_000001f813e50280 .functor BUFT 1, C4<00>, C4<0>, C4<0>, C4<0>;
v000001f813e02040_0 .net/2u *"_ivl_12", 1 0, L_000001f813e50280;  1 drivers
v000001f813e01d20_0 .net *"_ivl_16", 7 0, L_000001f813e4e580;  1 drivers
L_000001f813e502c8 .functor BUFT 1, C4<0000000011>, C4<0>, C4<0>, C4<0>;
v000001f813e051d0_0 .net/2u *"_ivl_18", 9 0, L_000001f813e502c8;  1 drivers
v000001f813e04b90_0 .net *"_ivl_20", 9 0, L_000001f813e4c640;  1 drivers
v000001f813e053b0_0 .net *"_ivl_22", 11 0, L_000001f813e4db80;  1 drivers
L_000001f813e50310 .functor BUFT 1, C4<00>, C4<0>, C4<0>, C4<0>;
v000001f813e03c90_0 .net *"_ivl_25", 1 0, L_000001f813e50310;  1 drivers
v000001f813e04690_0 .net *"_ivl_26", 7 0, L_000001f813e4c3c0;  1 drivers
L_000001f813e50358 .functor BUFT 1, C4<0000000010>, C4<0>, C4<0>, C4<0>;
v000001f813e05310_0 .net/2u *"_ivl_28", 9 0, L_000001f813e50358;  1 drivers
v000001f813e047d0_0 .net *"_ivl_30", 9 0, L_000001f813e4d540;  1 drivers
v000001f813e03d30_0 .net *"_ivl_32", 11 0, L_000001f813e4dc20;  1 drivers
L_000001f813e503a0 .functor BUFT 1, C4<00>, C4<0>, C4<0>, C4<0>;
v000001f813e054f0_0 .net *"_ivl_35", 1 0, L_000001f813e503a0;  1 drivers
v000001f813e04a50_0 .net *"_ivl_36", 7 0, L_000001f813e4cdc0;  1 drivers
L_000001f813e503e8 .functor BUFT 1, C4<0000000001>, C4<0>, C4<0>, C4<0>;
v000001f813e04730_0 .net/2u *"_ivl_38", 9 0, L_000001f813e503e8;  1 drivers
v000001f813e04d70_0 .net *"_ivl_40", 9 0, L_000001f813e4d400;  1 drivers
v000001f813e05450_0 .net *"_ivl_42", 11 0, L_000001f813e4cb40;  1 drivers
L_000001f813e50430 .functor BUFT 1, C4<00>, C4<0>, C4<0>, C4<0>;
v000001f813e04af0_0 .net *"_ivl_45", 1 0, L_000001f813e50430;  1 drivers
v000001f813e04870_0 .net *"_ivl_46", 7 0, L_000001f813e4dcc0;  1 drivers
L_000001f813e50478 .functor BUFT 1, C4<0000000000>, C4<0>, C4<0>, C4<0>;
v000001f813e04550_0 .net/2u *"_ivl_48", 9 0, L_000001f813e50478;  1 drivers
v000001f813e05270_0 .net *"_ivl_50", 9 0, L_000001f813e4dd60;  1 drivers
v000001f813e04910_0 .net *"_ivl_52", 11 0, L_000001f813e4c6e0;  1 drivers
L_000001f813e504c0 .functor BUFT 1, C4<00>, C4<0>, C4<0>, C4<0>;
v000001f813e04c30_0 .net *"_ivl_55", 1 0, L_000001f813e504c0;  1 drivers
v000001f813e049b0_0 .net *"_ivl_63", 8 0, L_000001f813e4df40;  1 drivers
v000001f813e04cd0_0 .net *"_ivl_65", 1 0, L_000001f813e4e300;  1 drivers
L_000001f813e50508 .functor BUFT 1, C4<00>, C4<0>, C4<0>, C4<0>;
v000001f813e05590_0 .net/2u *"_ivl_66", 1 0, L_000001f813e50508;  1 drivers
v000001f813e03fb0_0 .net *"_ivl_68", 0 0, L_000001f813e4e1c0;  1 drivers
L_000001f813e50550 .functor BUFT 1, C4<000000001>, C4<0>, C4<0>, C4<0>;
v000001f813e03dd0_0 .net/2u *"_ivl_70", 8 0, L_000001f813e50550;  1 drivers
L_000001f813e50598 .functor BUFT 1, C4<000000000>, C4<0>, C4<0>, C4<0>;
v000001f813e05090_0 .net/2u *"_ivl_72", 8 0, L_000001f813e50598;  1 drivers
v000001f813e044b0_0 .net *"_ivl_74", 8 0, L_000001f813e4cd20;  1 drivers
L_000001f813e505e0 .functor BUFT 1, C4<00000000001>, C4<0>, C4<0>, C4<0>;
v000001f813e04190_0 .net/2u *"_ivl_78", 10 0, L_000001f813e505e0;  1 drivers
L_000001f813e50628 .functor BUFT 1, C4<00000000010>, C4<0>, C4<0>, C4<0>;
v000001f813e03f10_0 .net/2u *"_ivl_82", 10 0, L_000001f813e50628;  1 drivers
L_000001f813e50670 .functor BUFT 1, C4<00000000011>, C4<0>, C4<0>, C4<0>;
v000001f813e04e10_0 .net/2u *"_ivl_86", 10 0, L_000001f813e50670;  1 drivers
v000001f813e05130_0 .net *"_ivl_91", 1 0, L_000001f813e4e4e0;  1 drivers
L_000001f813e506b8 .functor BUFT 1, C4<00>, C4<0>, C4<0>, C4<0>;
v000001f813e05630_0 .net/2u *"_ivl_92", 1 0, L_000001f813e506b8;  1 drivers
L_000001f813e50700 .functor BUFT 1, C4<0101>, C4<0>, C4<0>, C4<0>;
v000001f813e056d0_0 .net/2u *"_ivl_96", 3 0, L_000001f813e50700;  1 drivers
v000001f813e04eb0_0 .net *"_ivl_98", 0 0, L_000001f813e4c280;  1 drivers
v000001f813e03b50_0 .net "i_axif_cmd_done", 0 0, v000001f813e003f0_0;  alias, 1 drivers
v000001f813e045f0_0 .net "i_axif_cmd_error", 0 0, v000001f813e007b0_0;  alias, 1 drivers
v000001f813e03bf0_0 .net "i_axif_cmd_ready", 0 0, L_000001f813e4c320;  alias, 1 drivers
v000001f813e04f50_0 .net "i_axif_cmd_timeout", 0 0, v000001f813e00490_0;  alias, 1 drivers
v000001f813e04ff0_0 .net "i_axif_rd_data", 31 0, v000001f813e024a0_0;  alias, 1 drivers
v000001f813e05770_0 .net "i_axif_rd_valid", 0 0, v000001f813e02c20_0;  alias, 1 drivers
v000001f813e05810_0 .net "i_axif_wr_ready", 0 0, L_000001f813cc5250;  alias, 1 drivers
v000001f813e04230_0 .net "i_axil_cmd_done", 0 0, v000001f813e02ea0_0;  alias, 1 drivers
v000001f813e03ab0_0 .net "i_axil_cmd_error", 0 0, v000001f813e01c80_0;  alias, 1 drivers
v000001f813e058b0_0 .net "i_axil_cmd_rdata", 31 0, v000001f813e034e0_0;  alias, 1 drivers
v000001f813e03e70_0 .net "i_axil_cmd_ready", 0 0, L_000001f813e4e9e0;  alias, 1 drivers
v000001f813e05950_0 .net "i_axil_cmd_timeout", 0 0, v000001f813e03120_0;  alias, 1 drivers
v000001f813e04050_0 .net "i_clk", 0 0, v000001f813e346a0_0;  alias, 1 drivers
v000001f813e040f0_0 .net "i_req_addr", 39 0, v000001f813e1bec0_0;  alias, 1 drivers
v000001f813e042d0_0 .net "i_req_cmd", 7 0, v000001f813e1be20_0;  alias, 1 drivers
v000001f813e04370_0 .net "i_req_data_wr_addr", 9 0, v000001f813e1cdc0_0;  alias, 1 drivers
v000001f813e04410_0 .net "i_req_data_wr_byte", 7 0, v000001f813e1b420_0;  alias, 1 drivers
v000001f813e06920_0 .net "i_req_data_wr_en", 0 0, v000001f813e1b9c0_0;  alias, 1 drivers
v000001f813e05ac0_0 .net "i_req_len", 15 0, v000001f813e1cf00_0;  alias, 1 drivers
v000001f813e06060_0 .net "i_req_valid", 0 0, v000001f813e1b2e0_0;  alias, 1 drivers
v000001f813e05e80_0 .net "i_resp_ready", 0 0, L_000001f813e4c5a0;  alias, 1 drivers
v000001f813e05c00_0 .net "i_rst", 0 0, L_000001f813cc4ed0;  alias, 1 drivers
v000001f813e06ba0_0 .var "o_axif_cmd_addr", 39 0;
v000001f813e06100_0 .var "o_axif_cmd_beats", 8 0;
v000001f813e064c0_0 .var "o_axif_cmd_valid", 0 0;
v000001f813e05d40_0 .var "o_axif_cmd_write", 0 0;
v000001f813e066a0_0 .var "o_axif_rd_ready", 0 0;
v000001f813e069c0_0 .net "o_axif_wr_data", 31 0, L_000001f813cc52c0;  alias, 1 drivers
v000001f813e07000_0 .net "o_axif_wr_valid", 0 0, L_000001f813cc4610;  alias, 1 drivers
v000001f813e06b00_0 .var "o_axil_cmd_addr", 39 0;
v000001f813e07500_0 .var "o_axil_cmd_valid", 0 0;
v000001f813e06ce0_0 .var "o_axil_cmd_wdata", 31 0;
v000001f813e062e0_0 .var "o_axil_cmd_write", 0 0;
v000001f813e06c40_0 .net "o_busy", 0 0, L_000001f813e4dfe0;  alias, 1 drivers
v000001f813e07280_0 .var "o_req_ready", 0 0;
v000001f813e06560_0 .var "o_resp_addr", 39 0;
v000001f813e06420_0 .var "o_resp_cmd", 7 0;
v000001f813e06d80_0 .var "o_resp_data_count", 10 0;
v000001f813e070a0_0 .var "o_resp_data_wr_addr", 9 0;
v000001f813e07820_0 .var "o_resp_data_wr_byte", 7 0;
v000001f813e06380_0 .var "o_resp_data_wr_en", 0 0;
v000001f813e05b60_0 .var "o_resp_len_field", 15 0;
v000001f813e05ca0_0 .var "o_resp_status", 7 0;
v000001f813e05de0_0 .var "o_resp_valid", 0 0;
v000001f813e06f60_0 .var "r_axif_beats_latched", 8 0;
v000001f813e07640_0 .var "r_axif_rd_byte_idx", 10 0;
v000001f813e06600_0 .var "r_axif_wr_word_idx", 8 0;
v000001f813e06e20_0 .var "r_copy_idx", 9 0;
v000001f813e076e0_0 .var/i "r_idx", 31 0;
v000001f813e05f20_0 .var "r_req_addr_latched", 39 0;
v000001f813e07140_0 .var "r_req_cmd_latched", 7 0;
v000001f813e071e0 .array "r_req_data_mem", 1023 0, 7 0;
v000001f813e07320_0 .var "r_req_len_field_latched", 15 0;
v000001f813e073c0_0 .var "r_resp_data_count_latched", 10 0;
v000001f813e06740 .array "r_resp_data_mem", 1023 0, 7 0;
v000001f813e067e0_0 .var "r_resp_len_field_latched", 15 0;
v000001f813e075a0_0 .var "r_resp_status_latched", 7 0;
v000001f813e06ec0_0 .var "r_state", 3 0;
v000001f813e05fc0_0 .net "w_axif_rd_idx_p1", 10 0, L_000001f813e4cbe0;  1 drivers
v000001f813e06880_0 .net "w_axif_rd_idx_p2", 10 0, L_000001f813e4e8a0;  1 drivers
v000001f813e07460_0 .net "w_axif_rd_idx_p3", 10 0, L_000001f813e4e3a0;  1 drivers
v000001f813e07780_0 .net "w_axif_wr_base", 9 0, L_000001f813e4e440;  1 drivers
v000001f813e06a60_0 .net "w_full_read_beats", 8 0, L_000001f813e4e120;  1 drivers
v000001f813e078c0_0 .net "w_full_req_byte_count", 15 0, v000001f813e07320_0;  1 drivers
v000001f813e07960_0 .net "w_full_req_word", 31 0, L_000001f813e4de00;  1 drivers
v000001f813e061a0_0 .net "w_full_write_beats", 8 0, L_000001f813e4dea0;  1 drivers
v000001f813e06240_0 .net "w_lite_req_word", 31 0, L_000001f813e4c8c0;  1 drivers
v000001f813e1c0a0_0 .net "w_req_addr_unaligned", 0 0, L_000001f813e4e6c0;  1 drivers
L_000001f813e4dfe0 .cmp/ne 4, v000001f813e06ec0_0, L_000001f813e50238;
v000001f813e071e0_0 .array/port v000001f813e071e0, 0;
v000001f813e071e0_1 .array/port v000001f813e071e0, 1;
v000001f813e071e0_2 .array/port v000001f813e071e0, 2;
v000001f813e071e0_3 .array/port v000001f813e071e0, 3;
L_000001f813e4c8c0 .concat [ 8 8 8 8], v000001f813e071e0_0, v000001f813e071e0_1, v000001f813e071e0_2, v000001f813e071e0_3;
L_000001f813e4d680 .part v000001f813e06600_0, 0, 8;
L_000001f813e4e440 .concat [ 2 8 0 0], L_000001f813e50280, L_000001f813e4d680;
L_000001f813e4e580 .array/port v000001f813e071e0, L_000001f813e4db80;
L_000001f813e4c640 .arith/sum 10, L_000001f813e4e440, L_000001f813e502c8;
L_000001f813e4db80 .concat [ 10 2 0 0], L_000001f813e4c640, L_000001f813e50310;
L_000001f813e4c3c0 .array/port v000001f813e071e0, L_000001f813e4dc20;
L_000001f813e4d540 .arith/sum 10, L_000001f813e4e440, L_000001f813e50358;
L_000001f813e4dc20 .concat [ 10 2 0 0], L_000001f813e4d540, L_000001f813e503a0;
L_000001f813e4cdc0 .array/port v000001f813e071e0, L_000001f813e4cb40;
L_000001f813e4d400 .arith/sum 10, L_000001f813e4e440, L_000001f813e503e8;
L_000001f813e4cb40 .concat [ 10 2 0 0], L_000001f813e4d400, L_000001f813e50430;
L_000001f813e4dcc0 .array/port v000001f813e071e0, L_000001f813e4c6e0;
L_000001f813e4dd60 .arith/sum 10, L_000001f813e4e440, L_000001f813e50478;
L_000001f813e4c6e0 .concat [ 10 2 0 0], L_000001f813e4dd60, L_000001f813e504c0;
L_000001f813e4de00 .concat [ 8 8 8 8], L_000001f813e4dcc0, L_000001f813e4cdc0, L_000001f813e4c3c0, L_000001f813e4e580;
L_000001f813e4dea0 .part v000001f813e07320_0, 2, 9;
L_000001f813e4df40 .part v000001f813e07320_0, 2, 9;
L_000001f813e4e300 .part v000001f813e07320_0, 0, 2;
L_000001f813e4e1c0 .cmp/ne 2, L_000001f813e4e300, L_000001f813e50508;
L_000001f813e4cd20 .functor MUXZ 9, L_000001f813e50598, L_000001f813e50550, L_000001f813e4e1c0, C4<>;
L_000001f813e4e120 .arith/sum 9, L_000001f813e4df40, L_000001f813e4cd20;
L_000001f813e4cbe0 .arith/sum 11, v000001f813e07640_0, L_000001f813e505e0;
L_000001f813e4e8a0 .arith/sum 11, v000001f813e07640_0, L_000001f813e50628;
L_000001f813e4e3a0 .arith/sum 11, v000001f813e07640_0, L_000001f813e50670;
L_000001f813e4e4e0 .part v000001f813e05f20_0, 0, 2;
L_000001f813e4e6c0 .cmp/ne 2, L_000001f813e4e4e0, L_000001f813e506b8;
L_000001f813e4c280 .cmp/eq 4, v000001f813e06ec0_0, L_000001f813e50700;
L_000001f813e4e620 .cmp/gt 9, v000001f813e06f60_0, v000001f813e06600_0;
S_000001f81377c270 .scope module, "u_frame_builder" "frame_builder" 3 215, 7 4 0, S_000001f813d4ddb0;
 .timescale -9 -12;
    .port_info 0 /INPUT 1 "i_clk";
    .port_info 1 /INPUT 1 "i_rst";
    .port_info 2 /INPUT 1 "i_resp_valid";
    .port_info 3 /OUTPUT 1 "o_resp_ready";
    .port_info 4 /INPUT 16 "i_resp_len_field";
    .port_info 5 /INPUT 11 "i_resp_data_count";
    .port_info 6 /INPUT 8 "i_resp_cmd";
    .port_info 7 /INPUT 40 "i_resp_addr";
    .port_info 8 /INPUT 8 "i_resp_status";
    .port_info 9 /INPUT 1 "i_resp_data_wr_en";
    .port_info 10 /INPUT 10 "i_resp_data_wr_addr";
    .port_info 11 /INPUT 8 "i_resp_data_wr_byte";
    .port_info 12 /OUTPUT 1 "o_tx_valid";
    .port_info 13 /INPUT 1 "i_tx_ready";
    .port_info 14 /OUTPUT 8 "o_tx_byte";
    .port_info 15 /OUTPUT 1 "o_busy";
P_000001f813704e50 .param/l "LP_MAX_FRAME_DATA_BYTES" 1 7 25, +C4<00000000000000000000010000000000>;
P_000001f813704e88 .param/l "MAX_FRAME_DATA_BYTES" 0 7 5, +C4<00000000000000000000010000000000>;
L_000001f813cc5090 .functor BUFZ 1, v000001f813e1c460_0, C4<0>, C4<0>, C4<0>;
L_000001f813cc4920 .functor BUFZ 8, v000001f813e1c820_0, C4<00000000>, C4<00000000>, C4<00000000>;
L_000001f813cc4fb0 .functor AND 1, v000001f813e1c460_0, L_000001f813e4e940, C4<1>, C4<1>;
L_000001f813e50790 .functor BUFT 1, C4<00000001011>, C4<0>, C4<0>, C4<0>;
v000001f813e1b100_0 .net/2u *"_ivl_10", 10 0, L_000001f813e50790;  1 drivers
L_000001f813e50748 .functor BUFT 1, C4<00000001010>, C4<0>, C4<0>, C4<0>;
v000001f813e1c140_0 .net/2u *"_ivl_6", 10 0, L_000001f813e50748;  1 drivers
v000001f813e1caa0_0 .net "i_clk", 0 0, v000001f813e346a0_0;  alias, 1 drivers
v000001f813e1cd20_0 .net "i_resp_addr", 39 0, v000001f813e06560_0;  alias, 1 drivers
v000001f813e1b380_0 .net "i_resp_cmd", 7 0, v000001f813e06420_0;  alias, 1 drivers
v000001f813e1c320_0 .net "i_resp_data_count", 10 0, v000001f813e06d80_0;  alias, 1 drivers
v000001f813e1bd80_0 .net "i_resp_data_wr_addr", 9 0, v000001f813e070a0_0;  alias, 1 drivers
v000001f813e1bc40_0 .net "i_resp_data_wr_byte", 7 0, v000001f813e07820_0;  alias, 1 drivers
v000001f813e1b6a0_0 .net "i_resp_data_wr_en", 0 0, v000001f813e06380_0;  alias, 1 drivers
v000001f813e1b740_0 .net "i_resp_len_field", 15 0, v000001f813e05b60_0;  alias, 1 drivers
v000001f813e1c1e0_0 .net "i_resp_status", 7 0, v000001f813e05ca0_0;  alias, 1 drivers
v000001f813e1b920_0 .net "i_resp_valid", 0 0, v000001f813e05de0_0;  alias, 1 drivers
v000001f813e1c280_0 .net "i_rst", 0 0, L_000001f813cc4ed0;  alias, 1 drivers
v000001f813e1c3c0_0 .net "i_tx_ready", 0 0, L_000001f813e4e940;  alias, 1 drivers
v000001f813e1c460_0 .var "o_busy", 0 0;
v000001f813e1bf60_0 .net "o_resp_ready", 0 0, L_000001f813e4c5a0;  alias, 1 drivers
v000001f813e1c500_0 .net "o_tx_byte", 7 0, L_000001f813cc4920;  alias, 1 drivers
v000001f813e1c8c0_0 .net "o_tx_valid", 0 0, L_000001f813cc5090;  alias, 1 drivers
v000001f813e1c5a0_0 .var "r_chk_accum", 7 0;
v000001f813e1b240_0 .var/i "r_idx", 31 0;
v000001f813e1c640_0 .var "r_resp_addr_latched", 39 0;
v000001f813e1ba60_0 .var "r_resp_cmd_latched", 7 0;
v000001f813e1b7e0_0 .var "r_resp_data_count_latched", 10 0;
v000001f813e1b4c0 .array "r_resp_data_mem", 1023 0, 7 0;
v000001f813e1c6e0_0 .var "r_resp_len_field_latched", 15 0;
v000001f813e1c780_0 .var "r_resp_status_latched", 7 0;
v000001f813e1cb40_0 .var "r_send_idx", 10 0;
v000001f813e1c820_0 .var "r_tx_byte_reg", 7 0;
v000001f813e1b060_0 .net "w_chk_idx", 10 0, L_000001f813e4e760;  1 drivers
v000001f813e1bb00_0 .net "w_eof_idx", 10 0, L_000001f813e4e800;  1 drivers
v000001f813e1cbe0_0 .net "w_send_handshake", 0 0, L_000001f813cc4fb0;  1 drivers
E_000001f813d61e80/0 .event anyedge, v000001f813e1cb40_0, v000001f813e1c6e0_0, v000001f813e1ba60_0, v000001f813e1c640_0;
v000001f813e1b4c0_0 .array/port v000001f813e1b4c0, 0;
v000001f813e1b4c0_1 .array/port v000001f813e1b4c0, 1;
E_000001f813d61e80/1 .event anyedge, v000001f813e1c780_0, v000001f813e1b060_0, v000001f813e1b4c0_0, v000001f813e1b4c0_1;
v000001f813e1b4c0_2 .array/port v000001f813e1b4c0, 2;
v000001f813e1b4c0_3 .array/port v000001f813e1b4c0, 3;
v000001f813e1b4c0_4 .array/port v000001f813e1b4c0, 4;
v000001f813e1b4c0_5 .array/port v000001f813e1b4c0, 5;
E_000001f813d61e80/2 .event anyedge, v000001f813e1b4c0_2, v000001f813e1b4c0_3, v000001f813e1b4c0_4, v000001f813e1b4c0_5;
v000001f813e1b4c0_6 .array/port v000001f813e1b4c0, 6;
v000001f813e1b4c0_7 .array/port v000001f813e1b4c0, 7;
v000001f813e1b4c0_8 .array/port v000001f813e1b4c0, 8;
v000001f813e1b4c0_9 .array/port v000001f813e1b4c0, 9;
E_000001f813d61e80/3 .event anyedge, v000001f813e1b4c0_6, v000001f813e1b4c0_7, v000001f813e1b4c0_8, v000001f813e1b4c0_9;
v000001f813e1b4c0_10 .array/port v000001f813e1b4c0, 10;
v000001f813e1b4c0_11 .array/port v000001f813e1b4c0, 11;
v000001f813e1b4c0_12 .array/port v000001f813e1b4c0, 12;
v000001f813e1b4c0_13 .array/port v000001f813e1b4c0, 13;
E_000001f813d61e80/4 .event anyedge, v000001f813e1b4c0_10, v000001f813e1b4c0_11, v000001f813e1b4c0_12, v000001f813e1b4c0_13;
v000001f813e1b4c0_14 .array/port v000001f813e1b4c0, 14;
v000001f813e1b4c0_15 .array/port v000001f813e1b4c0, 15;
v000001f813e1b4c0_16 .array/port v000001f813e1b4c0, 16;
v000001f813e1b4c0_17 .array/port v000001f813e1b4c0, 17;
E_000001f813d61e80/5 .event anyedge, v000001f813e1b4c0_14, v000001f813e1b4c0_15, v000001f813e1b4c0_16, v000001f813e1b4c0_17;
v000001f813e1b4c0_18 .array/port v000001f813e1b4c0, 18;
v000001f813e1b4c0_19 .array/port v000001f813e1b4c0, 19;
v000001f813e1b4c0_20 .array/port v000001f813e1b4c0, 20;
v000001f813e1b4c0_21 .array/port v000001f813e1b4c0, 21;
E_000001f813d61e80/6 .event anyedge, v000001f813e1b4c0_18, v000001f813e1b4c0_19, v000001f813e1b4c0_20, v000001f813e1b4c0_21;
v000001f813e1b4c0_22 .array/port v000001f813e1b4c0, 22;
v000001f813e1b4c0_23 .array/port v000001f813e1b4c0, 23;
v000001f813e1b4c0_24 .array/port v000001f813e1b4c0, 24;
v000001f813e1b4c0_25 .array/port v000001f813e1b4c0, 25;
E_000001f813d61e80/7 .event anyedge, v000001f813e1b4c0_22, v000001f813e1b4c0_23, v000001f813e1b4c0_24, v000001f813e1b4c0_25;
v000001f813e1b4c0_26 .array/port v000001f813e1b4c0, 26;
v000001f813e1b4c0_27 .array/port v000001f813e1b4c0, 27;
v000001f813e1b4c0_28 .array/port v000001f813e1b4c0, 28;
v000001f813e1b4c0_29 .array/port v000001f813e1b4c0, 29;
E_000001f813d61e80/8 .event anyedge, v000001f813e1b4c0_26, v000001f813e1b4c0_27, v000001f813e1b4c0_28, v000001f813e1b4c0_29;
v000001f813e1b4c0_30 .array/port v000001f813e1b4c0, 30;
v000001f813e1b4c0_31 .array/port v000001f813e1b4c0, 31;
v000001f813e1b4c0_32 .array/port v000001f813e1b4c0, 32;
v000001f813e1b4c0_33 .array/port v000001f813e1b4c0, 33;
E_000001f813d61e80/9 .event anyedge, v000001f813e1b4c0_30, v000001f813e1b4c0_31, v000001f813e1b4c0_32, v000001f813e1b4c0_33;
v000001f813e1b4c0_34 .array/port v000001f813e1b4c0, 34;
v000001f813e1b4c0_35 .array/port v000001f813e1b4c0, 35;
v000001f813e1b4c0_36 .array/port v000001f813e1b4c0, 36;
v000001f813e1b4c0_37 .array/port v000001f813e1b4c0, 37;
E_000001f813d61e80/10 .event anyedge, v000001f813e1b4c0_34, v000001f813e1b4c0_35, v000001f813e1b4c0_36, v000001f813e1b4c0_37;
v000001f813e1b4c0_38 .array/port v000001f813e1b4c0, 38;
v000001f813e1b4c0_39 .array/port v000001f813e1b4c0, 39;
v000001f813e1b4c0_40 .array/port v000001f813e1b4c0, 40;
v000001f813e1b4c0_41 .array/port v000001f813e1b4c0, 41;
E_000001f813d61e80/11 .event anyedge, v000001f813e1b4c0_38, v000001f813e1b4c0_39, v000001f813e1b4c0_40, v000001f813e1b4c0_41;
v000001f813e1b4c0_42 .array/port v000001f813e1b4c0, 42;
v000001f813e1b4c0_43 .array/port v000001f813e1b4c0, 43;
v000001f813e1b4c0_44 .array/port v000001f813e1b4c0, 44;
v000001f813e1b4c0_45 .array/port v000001f813e1b4c0, 45;
E_000001f813d61e80/12 .event anyedge, v000001f813e1b4c0_42, v000001f813e1b4c0_43, v000001f813e1b4c0_44, v000001f813e1b4c0_45;
v000001f813e1b4c0_46 .array/port v000001f813e1b4c0, 46;
v000001f813e1b4c0_47 .array/port v000001f813e1b4c0, 47;
v000001f813e1b4c0_48 .array/port v000001f813e1b4c0, 48;
v000001f813e1b4c0_49 .array/port v000001f813e1b4c0, 49;
E_000001f813d61e80/13 .event anyedge, v000001f813e1b4c0_46, v000001f813e1b4c0_47, v000001f813e1b4c0_48, v000001f813e1b4c0_49;
v000001f813e1b4c0_50 .array/port v000001f813e1b4c0, 50;
v000001f813e1b4c0_51 .array/port v000001f813e1b4c0, 51;
v000001f813e1b4c0_52 .array/port v000001f813e1b4c0, 52;
v000001f813e1b4c0_53 .array/port v000001f813e1b4c0, 53;
E_000001f813d61e80/14 .event anyedge, v000001f813e1b4c0_50, v000001f813e1b4c0_51, v000001f813e1b4c0_52, v000001f813e1b4c0_53;
v000001f813e1b4c0_54 .array/port v000001f813e1b4c0, 54;
v000001f813e1b4c0_55 .array/port v000001f813e1b4c0, 55;
v000001f813e1b4c0_56 .array/port v000001f813e1b4c0, 56;
v000001f813e1b4c0_57 .array/port v000001f813e1b4c0, 57;
E_000001f813d61e80/15 .event anyedge, v000001f813e1b4c0_54, v000001f813e1b4c0_55, v000001f813e1b4c0_56, v000001f813e1b4c0_57;
v000001f813e1b4c0_58 .array/port v000001f813e1b4c0, 58;
v000001f813e1b4c0_59 .array/port v000001f813e1b4c0, 59;
v000001f813e1b4c0_60 .array/port v000001f813e1b4c0, 60;
v000001f813e1b4c0_61 .array/port v000001f813e1b4c0, 61;
E_000001f813d61e80/16 .event anyedge, v000001f813e1b4c0_58, v000001f813e1b4c0_59, v000001f813e1b4c0_60, v000001f813e1b4c0_61;
v000001f813e1b4c0_62 .array/port v000001f813e1b4c0, 62;
v000001f813e1b4c0_63 .array/port v000001f813e1b4c0, 63;
v000001f813e1b4c0_64 .array/port v000001f813e1b4c0, 64;
v000001f813e1b4c0_65 .array/port v000001f813e1b4c0, 65;
E_000001f813d61e80/17 .event anyedge, v000001f813e1b4c0_62, v000001f813e1b4c0_63, v000001f813e1b4c0_64, v000001f813e1b4c0_65;
v000001f813e1b4c0_66 .array/port v000001f813e1b4c0, 66;
v000001f813e1b4c0_67 .array/port v000001f813e1b4c0, 67;
v000001f813e1b4c0_68 .array/port v000001f813e1b4c0, 68;
v000001f813e1b4c0_69 .array/port v000001f813e1b4c0, 69;
E_000001f813d61e80/18 .event anyedge, v000001f813e1b4c0_66, v000001f813e1b4c0_67, v000001f813e1b4c0_68, v000001f813e1b4c0_69;
v000001f813e1b4c0_70 .array/port v000001f813e1b4c0, 70;
v000001f813e1b4c0_71 .array/port v000001f813e1b4c0, 71;
v000001f813e1b4c0_72 .array/port v000001f813e1b4c0, 72;
v000001f813e1b4c0_73 .array/port v000001f813e1b4c0, 73;
E_000001f813d61e80/19 .event anyedge, v000001f813e1b4c0_70, v000001f813e1b4c0_71, v000001f813e1b4c0_72, v000001f813e1b4c0_73;
v000001f813e1b4c0_74 .array/port v000001f813e1b4c0, 74;
v000001f813e1b4c0_75 .array/port v000001f813e1b4c0, 75;
v000001f813e1b4c0_76 .array/port v000001f813e1b4c0, 76;
v000001f813e1b4c0_77 .array/port v000001f813e1b4c0, 77;
E_000001f813d61e80/20 .event anyedge, v000001f813e1b4c0_74, v000001f813e1b4c0_75, v000001f813e1b4c0_76, v000001f813e1b4c0_77;
v000001f813e1b4c0_78 .array/port v000001f813e1b4c0, 78;
v000001f813e1b4c0_79 .array/port v000001f813e1b4c0, 79;
v000001f813e1b4c0_80 .array/port v000001f813e1b4c0, 80;
v000001f813e1b4c0_81 .array/port v000001f813e1b4c0, 81;
E_000001f813d61e80/21 .event anyedge, v000001f813e1b4c0_78, v000001f813e1b4c0_79, v000001f813e1b4c0_80, v000001f813e1b4c0_81;
v000001f813e1b4c0_82 .array/port v000001f813e1b4c0, 82;
v000001f813e1b4c0_83 .array/port v000001f813e1b4c0, 83;
v000001f813e1b4c0_84 .array/port v000001f813e1b4c0, 84;
v000001f813e1b4c0_85 .array/port v000001f813e1b4c0, 85;
E_000001f813d61e80/22 .event anyedge, v000001f813e1b4c0_82, v000001f813e1b4c0_83, v000001f813e1b4c0_84, v000001f813e1b4c0_85;
v000001f813e1b4c0_86 .array/port v000001f813e1b4c0, 86;
v000001f813e1b4c0_87 .array/port v000001f813e1b4c0, 87;
v000001f813e1b4c0_88 .array/port v000001f813e1b4c0, 88;
v000001f813e1b4c0_89 .array/port v000001f813e1b4c0, 89;
E_000001f813d61e80/23 .event anyedge, v000001f813e1b4c0_86, v000001f813e1b4c0_87, v000001f813e1b4c0_88, v000001f813e1b4c0_89;
v000001f813e1b4c0_90 .array/port v000001f813e1b4c0, 90;
v000001f813e1b4c0_91 .array/port v000001f813e1b4c0, 91;
v000001f813e1b4c0_92 .array/port v000001f813e1b4c0, 92;
v000001f813e1b4c0_93 .array/port v000001f813e1b4c0, 93;
E_000001f813d61e80/24 .event anyedge, v000001f813e1b4c0_90, v000001f813e1b4c0_91, v000001f813e1b4c0_92, v000001f813e1b4c0_93;
v000001f813e1b4c0_94 .array/port v000001f813e1b4c0, 94;
v000001f813e1b4c0_95 .array/port v000001f813e1b4c0, 95;
v000001f813e1b4c0_96 .array/port v000001f813e1b4c0, 96;
v000001f813e1b4c0_97 .array/port v000001f813e1b4c0, 97;
E_000001f813d61e80/25 .event anyedge, v000001f813e1b4c0_94, v000001f813e1b4c0_95, v000001f813e1b4c0_96, v000001f813e1b4c0_97;
v000001f813e1b4c0_98 .array/port v000001f813e1b4c0, 98;
v000001f813e1b4c0_99 .array/port v000001f813e1b4c0, 99;
v000001f813e1b4c0_100 .array/port v000001f813e1b4c0, 100;
v000001f813e1b4c0_101 .array/port v000001f813e1b4c0, 101;
E_000001f813d61e80/26 .event anyedge, v000001f813e1b4c0_98, v000001f813e1b4c0_99, v000001f813e1b4c0_100, v000001f813e1b4c0_101;
v000001f813e1b4c0_102 .array/port v000001f813e1b4c0, 102;
v000001f813e1b4c0_103 .array/port v000001f813e1b4c0, 103;
v000001f813e1b4c0_104 .array/port v000001f813e1b4c0, 104;
v000001f813e1b4c0_105 .array/port v000001f813e1b4c0, 105;
E_000001f813d61e80/27 .event anyedge, v000001f813e1b4c0_102, v000001f813e1b4c0_103, v000001f813e1b4c0_104, v000001f813e1b4c0_105;
v000001f813e1b4c0_106 .array/port v000001f813e1b4c0, 106;
v000001f813e1b4c0_107 .array/port v000001f813e1b4c0, 107;
v000001f813e1b4c0_108 .array/port v000001f813e1b4c0, 108;
v000001f813e1b4c0_109 .array/port v000001f813e1b4c0, 109;
E_000001f813d61e80/28 .event anyedge, v000001f813e1b4c0_106, v000001f813e1b4c0_107, v000001f813e1b4c0_108, v000001f813e1b4c0_109;
v000001f813e1b4c0_110 .array/port v000001f813e1b4c0, 110;
v000001f813e1b4c0_111 .array/port v000001f813e1b4c0, 111;
v000001f813e1b4c0_112 .array/port v000001f813e1b4c0, 112;
v000001f813e1b4c0_113 .array/port v000001f813e1b4c0, 113;
E_000001f813d61e80/29 .event anyedge, v000001f813e1b4c0_110, v000001f813e1b4c0_111, v000001f813e1b4c0_112, v000001f813e1b4c0_113;
v000001f813e1b4c0_114 .array/port v000001f813e1b4c0, 114;
v000001f813e1b4c0_115 .array/port v000001f813e1b4c0, 115;
v000001f813e1b4c0_116 .array/port v000001f813e1b4c0, 116;
v000001f813e1b4c0_117 .array/port v000001f813e1b4c0, 117;
E_000001f813d61e80/30 .event anyedge, v000001f813e1b4c0_114, v000001f813e1b4c0_115, v000001f813e1b4c0_116, v000001f813e1b4c0_117;
v000001f813e1b4c0_118 .array/port v000001f813e1b4c0, 118;
v000001f813e1b4c0_119 .array/port v000001f813e1b4c0, 119;
v000001f813e1b4c0_120 .array/port v000001f813e1b4c0, 120;
v000001f813e1b4c0_121 .array/port v000001f813e1b4c0, 121;
E_000001f813d61e80/31 .event anyedge, v000001f813e1b4c0_118, v000001f813e1b4c0_119, v000001f813e1b4c0_120, v000001f813e1b4c0_121;
v000001f813e1b4c0_122 .array/port v000001f813e1b4c0, 122;
v000001f813e1b4c0_123 .array/port v000001f813e1b4c0, 123;
v000001f813e1b4c0_124 .array/port v000001f813e1b4c0, 124;
v000001f813e1b4c0_125 .array/port v000001f813e1b4c0, 125;
E_000001f813d61e80/32 .event anyedge, v000001f813e1b4c0_122, v000001f813e1b4c0_123, v000001f813e1b4c0_124, v000001f813e1b4c0_125;
v000001f813e1b4c0_126 .array/port v000001f813e1b4c0, 126;
v000001f813e1b4c0_127 .array/port v000001f813e1b4c0, 127;
v000001f813e1b4c0_128 .array/port v000001f813e1b4c0, 128;
v000001f813e1b4c0_129 .array/port v000001f813e1b4c0, 129;
E_000001f813d61e80/33 .event anyedge, v000001f813e1b4c0_126, v000001f813e1b4c0_127, v000001f813e1b4c0_128, v000001f813e1b4c0_129;
v000001f813e1b4c0_130 .array/port v000001f813e1b4c0, 130;
v000001f813e1b4c0_131 .array/port v000001f813e1b4c0, 131;
v000001f813e1b4c0_132 .array/port v000001f813e1b4c0, 132;
v000001f813e1b4c0_133 .array/port v000001f813e1b4c0, 133;
E_000001f813d61e80/34 .event anyedge, v000001f813e1b4c0_130, v000001f813e1b4c0_131, v000001f813e1b4c0_132, v000001f813e1b4c0_133;
v000001f813e1b4c0_134 .array/port v000001f813e1b4c0, 134;
v000001f813e1b4c0_135 .array/port v000001f813e1b4c0, 135;
v000001f813e1b4c0_136 .array/port v000001f813e1b4c0, 136;
v000001f813e1b4c0_137 .array/port v000001f813e1b4c0, 137;
E_000001f813d61e80/35 .event anyedge, v000001f813e1b4c0_134, v000001f813e1b4c0_135, v000001f813e1b4c0_136, v000001f813e1b4c0_137;
v000001f813e1b4c0_138 .array/port v000001f813e1b4c0, 138;
v000001f813e1b4c0_139 .array/port v000001f813e1b4c0, 139;
v000001f813e1b4c0_140 .array/port v000001f813e1b4c0, 140;
v000001f813e1b4c0_141 .array/port v000001f813e1b4c0, 141;
E_000001f813d61e80/36 .event anyedge, v000001f813e1b4c0_138, v000001f813e1b4c0_139, v000001f813e1b4c0_140, v000001f813e1b4c0_141;
v000001f813e1b4c0_142 .array/port v000001f813e1b4c0, 142;
v000001f813e1b4c0_143 .array/port v000001f813e1b4c0, 143;
v000001f813e1b4c0_144 .array/port v000001f813e1b4c0, 144;
v000001f813e1b4c0_145 .array/port v000001f813e1b4c0, 145;
E_000001f813d61e80/37 .event anyedge, v000001f813e1b4c0_142, v000001f813e1b4c0_143, v000001f813e1b4c0_144, v000001f813e1b4c0_145;
v000001f813e1b4c0_146 .array/port v000001f813e1b4c0, 146;
v000001f813e1b4c0_147 .array/port v000001f813e1b4c0, 147;
v000001f813e1b4c0_148 .array/port v000001f813e1b4c0, 148;
v000001f813e1b4c0_149 .array/port v000001f813e1b4c0, 149;
E_000001f813d61e80/38 .event anyedge, v000001f813e1b4c0_146, v000001f813e1b4c0_147, v000001f813e1b4c0_148, v000001f813e1b4c0_149;
v000001f813e1b4c0_150 .array/port v000001f813e1b4c0, 150;
v000001f813e1b4c0_151 .array/port v000001f813e1b4c0, 151;
v000001f813e1b4c0_152 .array/port v000001f813e1b4c0, 152;
v000001f813e1b4c0_153 .array/port v000001f813e1b4c0, 153;
E_000001f813d61e80/39 .event anyedge, v000001f813e1b4c0_150, v000001f813e1b4c0_151, v000001f813e1b4c0_152, v000001f813e1b4c0_153;
v000001f813e1b4c0_154 .array/port v000001f813e1b4c0, 154;
v000001f813e1b4c0_155 .array/port v000001f813e1b4c0, 155;
v000001f813e1b4c0_156 .array/port v000001f813e1b4c0, 156;
v000001f813e1b4c0_157 .array/port v000001f813e1b4c0, 157;
E_000001f813d61e80/40 .event anyedge, v000001f813e1b4c0_154, v000001f813e1b4c0_155, v000001f813e1b4c0_156, v000001f813e1b4c0_157;
v000001f813e1b4c0_158 .array/port v000001f813e1b4c0, 158;
v000001f813e1b4c0_159 .array/port v000001f813e1b4c0, 159;
v000001f813e1b4c0_160 .array/port v000001f813e1b4c0, 160;
v000001f813e1b4c0_161 .array/port v000001f813e1b4c0, 161;
E_000001f813d61e80/41 .event anyedge, v000001f813e1b4c0_158, v000001f813e1b4c0_159, v000001f813e1b4c0_160, v000001f813e1b4c0_161;
v000001f813e1b4c0_162 .array/port v000001f813e1b4c0, 162;
v000001f813e1b4c0_163 .array/port v000001f813e1b4c0, 163;
v000001f813e1b4c0_164 .array/port v000001f813e1b4c0, 164;
v000001f813e1b4c0_165 .array/port v000001f813e1b4c0, 165;
E_000001f813d61e80/42 .event anyedge, v000001f813e1b4c0_162, v000001f813e1b4c0_163, v000001f813e1b4c0_164, v000001f813e1b4c0_165;
v000001f813e1b4c0_166 .array/port v000001f813e1b4c0, 166;
v000001f813e1b4c0_167 .array/port v000001f813e1b4c0, 167;
v000001f813e1b4c0_168 .array/port v000001f813e1b4c0, 168;
v000001f813e1b4c0_169 .array/port v000001f813e1b4c0, 169;
E_000001f813d61e80/43 .event anyedge, v000001f813e1b4c0_166, v000001f813e1b4c0_167, v000001f813e1b4c0_168, v000001f813e1b4c0_169;
v000001f813e1b4c0_170 .array/port v000001f813e1b4c0, 170;
v000001f813e1b4c0_171 .array/port v000001f813e1b4c0, 171;
v000001f813e1b4c0_172 .array/port v000001f813e1b4c0, 172;
v000001f813e1b4c0_173 .array/port v000001f813e1b4c0, 173;
E_000001f813d61e80/44 .event anyedge, v000001f813e1b4c0_170, v000001f813e1b4c0_171, v000001f813e1b4c0_172, v000001f813e1b4c0_173;
v000001f813e1b4c0_174 .array/port v000001f813e1b4c0, 174;
v000001f813e1b4c0_175 .array/port v000001f813e1b4c0, 175;
v000001f813e1b4c0_176 .array/port v000001f813e1b4c0, 176;
v000001f813e1b4c0_177 .array/port v000001f813e1b4c0, 177;
E_000001f813d61e80/45 .event anyedge, v000001f813e1b4c0_174, v000001f813e1b4c0_175, v000001f813e1b4c0_176, v000001f813e1b4c0_177;
v000001f813e1b4c0_178 .array/port v000001f813e1b4c0, 178;
v000001f813e1b4c0_179 .array/port v000001f813e1b4c0, 179;
v000001f813e1b4c0_180 .array/port v000001f813e1b4c0, 180;
v000001f813e1b4c0_181 .array/port v000001f813e1b4c0, 181;
E_000001f813d61e80/46 .event anyedge, v000001f813e1b4c0_178, v000001f813e1b4c0_179, v000001f813e1b4c0_180, v000001f813e1b4c0_181;
v000001f813e1b4c0_182 .array/port v000001f813e1b4c0, 182;
v000001f813e1b4c0_183 .array/port v000001f813e1b4c0, 183;
v000001f813e1b4c0_184 .array/port v000001f813e1b4c0, 184;
v000001f813e1b4c0_185 .array/port v000001f813e1b4c0, 185;
E_000001f813d61e80/47 .event anyedge, v000001f813e1b4c0_182, v000001f813e1b4c0_183, v000001f813e1b4c0_184, v000001f813e1b4c0_185;
v000001f813e1b4c0_186 .array/port v000001f813e1b4c0, 186;
v000001f813e1b4c0_187 .array/port v000001f813e1b4c0, 187;
v000001f813e1b4c0_188 .array/port v000001f813e1b4c0, 188;
v000001f813e1b4c0_189 .array/port v000001f813e1b4c0, 189;
E_000001f813d61e80/48 .event anyedge, v000001f813e1b4c0_186, v000001f813e1b4c0_187, v000001f813e1b4c0_188, v000001f813e1b4c0_189;
v000001f813e1b4c0_190 .array/port v000001f813e1b4c0, 190;
v000001f813e1b4c0_191 .array/port v000001f813e1b4c0, 191;
v000001f813e1b4c0_192 .array/port v000001f813e1b4c0, 192;
v000001f813e1b4c0_193 .array/port v000001f813e1b4c0, 193;
E_000001f813d61e80/49 .event anyedge, v000001f813e1b4c0_190, v000001f813e1b4c0_191, v000001f813e1b4c0_192, v000001f813e1b4c0_193;
v000001f813e1b4c0_194 .array/port v000001f813e1b4c0, 194;
v000001f813e1b4c0_195 .array/port v000001f813e1b4c0, 195;
v000001f813e1b4c0_196 .array/port v000001f813e1b4c0, 196;
v000001f813e1b4c0_197 .array/port v000001f813e1b4c0, 197;
E_000001f813d61e80/50 .event anyedge, v000001f813e1b4c0_194, v000001f813e1b4c0_195, v000001f813e1b4c0_196, v000001f813e1b4c0_197;
v000001f813e1b4c0_198 .array/port v000001f813e1b4c0, 198;
v000001f813e1b4c0_199 .array/port v000001f813e1b4c0, 199;
v000001f813e1b4c0_200 .array/port v000001f813e1b4c0, 200;
v000001f813e1b4c0_201 .array/port v000001f813e1b4c0, 201;
E_000001f813d61e80/51 .event anyedge, v000001f813e1b4c0_198, v000001f813e1b4c0_199, v000001f813e1b4c0_200, v000001f813e1b4c0_201;
v000001f813e1b4c0_202 .array/port v000001f813e1b4c0, 202;
v000001f813e1b4c0_203 .array/port v000001f813e1b4c0, 203;
v000001f813e1b4c0_204 .array/port v000001f813e1b4c0, 204;
v000001f813e1b4c0_205 .array/port v000001f813e1b4c0, 205;
E_000001f813d61e80/52 .event anyedge, v000001f813e1b4c0_202, v000001f813e1b4c0_203, v000001f813e1b4c0_204, v000001f813e1b4c0_205;
v000001f813e1b4c0_206 .array/port v000001f813e1b4c0, 206;
v000001f813e1b4c0_207 .array/port v000001f813e1b4c0, 207;
v000001f813e1b4c0_208 .array/port v000001f813e1b4c0, 208;
v000001f813e1b4c0_209 .array/port v000001f813e1b4c0, 209;
E_000001f813d61e80/53 .event anyedge, v000001f813e1b4c0_206, v000001f813e1b4c0_207, v000001f813e1b4c0_208, v000001f813e1b4c0_209;
v000001f813e1b4c0_210 .array/port v000001f813e1b4c0, 210;
v000001f813e1b4c0_211 .array/port v000001f813e1b4c0, 211;
v000001f813e1b4c0_212 .array/port v000001f813e1b4c0, 212;
v000001f813e1b4c0_213 .array/port v000001f813e1b4c0, 213;
E_000001f813d61e80/54 .event anyedge, v000001f813e1b4c0_210, v000001f813e1b4c0_211, v000001f813e1b4c0_212, v000001f813e1b4c0_213;
v000001f813e1b4c0_214 .array/port v000001f813e1b4c0, 214;
v000001f813e1b4c0_215 .array/port v000001f813e1b4c0, 215;
v000001f813e1b4c0_216 .array/port v000001f813e1b4c0, 216;
v000001f813e1b4c0_217 .array/port v000001f813e1b4c0, 217;
E_000001f813d61e80/55 .event anyedge, v000001f813e1b4c0_214, v000001f813e1b4c0_215, v000001f813e1b4c0_216, v000001f813e1b4c0_217;
v000001f813e1b4c0_218 .array/port v000001f813e1b4c0, 218;
v000001f813e1b4c0_219 .array/port v000001f813e1b4c0, 219;
v000001f813e1b4c0_220 .array/port v000001f813e1b4c0, 220;
v000001f813e1b4c0_221 .array/port v000001f813e1b4c0, 221;
E_000001f813d61e80/56 .event anyedge, v000001f813e1b4c0_218, v000001f813e1b4c0_219, v000001f813e1b4c0_220, v000001f813e1b4c0_221;
v000001f813e1b4c0_222 .array/port v000001f813e1b4c0, 222;
v000001f813e1b4c0_223 .array/port v000001f813e1b4c0, 223;
v000001f813e1b4c0_224 .array/port v000001f813e1b4c0, 224;
v000001f813e1b4c0_225 .array/port v000001f813e1b4c0, 225;
E_000001f813d61e80/57 .event anyedge, v000001f813e1b4c0_222, v000001f813e1b4c0_223, v000001f813e1b4c0_224, v000001f813e1b4c0_225;
v000001f813e1b4c0_226 .array/port v000001f813e1b4c0, 226;
v000001f813e1b4c0_227 .array/port v000001f813e1b4c0, 227;
v000001f813e1b4c0_228 .array/port v000001f813e1b4c0, 228;
v000001f813e1b4c0_229 .array/port v000001f813e1b4c0, 229;
E_000001f813d61e80/58 .event anyedge, v000001f813e1b4c0_226, v000001f813e1b4c0_227, v000001f813e1b4c0_228, v000001f813e1b4c0_229;
v000001f813e1b4c0_230 .array/port v000001f813e1b4c0, 230;
v000001f813e1b4c0_231 .array/port v000001f813e1b4c0, 231;
v000001f813e1b4c0_232 .array/port v000001f813e1b4c0, 232;
v000001f813e1b4c0_233 .array/port v000001f813e1b4c0, 233;
E_000001f813d61e80/59 .event anyedge, v000001f813e1b4c0_230, v000001f813e1b4c0_231, v000001f813e1b4c0_232, v000001f813e1b4c0_233;
v000001f813e1b4c0_234 .array/port v000001f813e1b4c0, 234;
v000001f813e1b4c0_235 .array/port v000001f813e1b4c0, 235;
v000001f813e1b4c0_236 .array/port v000001f813e1b4c0, 236;
v000001f813e1b4c0_237 .array/port v000001f813e1b4c0, 237;
E_000001f813d61e80/60 .event anyedge, v000001f813e1b4c0_234, v000001f813e1b4c0_235, v000001f813e1b4c0_236, v000001f813e1b4c0_237;
v000001f813e1b4c0_238 .array/port v000001f813e1b4c0, 238;
v000001f813e1b4c0_239 .array/port v000001f813e1b4c0, 239;
v000001f813e1b4c0_240 .array/port v000001f813e1b4c0, 240;
v000001f813e1b4c0_241 .array/port v000001f813e1b4c0, 241;
E_000001f813d61e80/61 .event anyedge, v000001f813e1b4c0_238, v000001f813e1b4c0_239, v000001f813e1b4c0_240, v000001f813e1b4c0_241;
v000001f813e1b4c0_242 .array/port v000001f813e1b4c0, 242;
v000001f813e1b4c0_243 .array/port v000001f813e1b4c0, 243;
v000001f813e1b4c0_244 .array/port v000001f813e1b4c0, 244;
v000001f813e1b4c0_245 .array/port v000001f813e1b4c0, 245;
E_000001f813d61e80/62 .event anyedge, v000001f813e1b4c0_242, v000001f813e1b4c0_243, v000001f813e1b4c0_244, v000001f813e1b4c0_245;
v000001f813e1b4c0_246 .array/port v000001f813e1b4c0, 246;
v000001f813e1b4c0_247 .array/port v000001f813e1b4c0, 247;
v000001f813e1b4c0_248 .array/port v000001f813e1b4c0, 248;
v000001f813e1b4c0_249 .array/port v000001f813e1b4c0, 249;
E_000001f813d61e80/63 .event anyedge, v000001f813e1b4c0_246, v000001f813e1b4c0_247, v000001f813e1b4c0_248, v000001f813e1b4c0_249;
v000001f813e1b4c0_250 .array/port v000001f813e1b4c0, 250;
v000001f813e1b4c0_251 .array/port v000001f813e1b4c0, 251;
v000001f813e1b4c0_252 .array/port v000001f813e1b4c0, 252;
v000001f813e1b4c0_253 .array/port v000001f813e1b4c0, 253;
E_000001f813d61e80/64 .event anyedge, v000001f813e1b4c0_250, v000001f813e1b4c0_251, v000001f813e1b4c0_252, v000001f813e1b4c0_253;
v000001f813e1b4c0_254 .array/port v000001f813e1b4c0, 254;
v000001f813e1b4c0_255 .array/port v000001f813e1b4c0, 255;
v000001f813e1b4c0_256 .array/port v000001f813e1b4c0, 256;
v000001f813e1b4c0_257 .array/port v000001f813e1b4c0, 257;
E_000001f813d61e80/65 .event anyedge, v000001f813e1b4c0_254, v000001f813e1b4c0_255, v000001f813e1b4c0_256, v000001f813e1b4c0_257;
v000001f813e1b4c0_258 .array/port v000001f813e1b4c0, 258;
v000001f813e1b4c0_259 .array/port v000001f813e1b4c0, 259;
v000001f813e1b4c0_260 .array/port v000001f813e1b4c0, 260;
v000001f813e1b4c0_261 .array/port v000001f813e1b4c0, 261;
E_000001f813d61e80/66 .event anyedge, v000001f813e1b4c0_258, v000001f813e1b4c0_259, v000001f813e1b4c0_260, v000001f813e1b4c0_261;
v000001f813e1b4c0_262 .array/port v000001f813e1b4c0, 262;
v000001f813e1b4c0_263 .array/port v000001f813e1b4c0, 263;
v000001f813e1b4c0_264 .array/port v000001f813e1b4c0, 264;
v000001f813e1b4c0_265 .array/port v000001f813e1b4c0, 265;
E_000001f813d61e80/67 .event anyedge, v000001f813e1b4c0_262, v000001f813e1b4c0_263, v000001f813e1b4c0_264, v000001f813e1b4c0_265;
v000001f813e1b4c0_266 .array/port v000001f813e1b4c0, 266;
v000001f813e1b4c0_267 .array/port v000001f813e1b4c0, 267;
v000001f813e1b4c0_268 .array/port v000001f813e1b4c0, 268;
v000001f813e1b4c0_269 .array/port v000001f813e1b4c0, 269;
E_000001f813d61e80/68 .event anyedge, v000001f813e1b4c0_266, v000001f813e1b4c0_267, v000001f813e1b4c0_268, v000001f813e1b4c0_269;
v000001f813e1b4c0_270 .array/port v000001f813e1b4c0, 270;
v000001f813e1b4c0_271 .array/port v000001f813e1b4c0, 271;
v000001f813e1b4c0_272 .array/port v000001f813e1b4c0, 272;
v000001f813e1b4c0_273 .array/port v000001f813e1b4c0, 273;
E_000001f813d61e80/69 .event anyedge, v000001f813e1b4c0_270, v000001f813e1b4c0_271, v000001f813e1b4c0_272, v000001f813e1b4c0_273;
v000001f813e1b4c0_274 .array/port v000001f813e1b4c0, 274;
v000001f813e1b4c0_275 .array/port v000001f813e1b4c0, 275;
v000001f813e1b4c0_276 .array/port v000001f813e1b4c0, 276;
v000001f813e1b4c0_277 .array/port v000001f813e1b4c0, 277;
E_000001f813d61e80/70 .event anyedge, v000001f813e1b4c0_274, v000001f813e1b4c0_275, v000001f813e1b4c0_276, v000001f813e1b4c0_277;
v000001f813e1b4c0_278 .array/port v000001f813e1b4c0, 278;
v000001f813e1b4c0_279 .array/port v000001f813e1b4c0, 279;
v000001f813e1b4c0_280 .array/port v000001f813e1b4c0, 280;
v000001f813e1b4c0_281 .array/port v000001f813e1b4c0, 281;
E_000001f813d61e80/71 .event anyedge, v000001f813e1b4c0_278, v000001f813e1b4c0_279, v000001f813e1b4c0_280, v000001f813e1b4c0_281;
v000001f813e1b4c0_282 .array/port v000001f813e1b4c0, 282;
v000001f813e1b4c0_283 .array/port v000001f813e1b4c0, 283;
v000001f813e1b4c0_284 .array/port v000001f813e1b4c0, 284;
v000001f813e1b4c0_285 .array/port v000001f813e1b4c0, 285;
E_000001f813d61e80/72 .event anyedge, v000001f813e1b4c0_282, v000001f813e1b4c0_283, v000001f813e1b4c0_284, v000001f813e1b4c0_285;
v000001f813e1b4c0_286 .array/port v000001f813e1b4c0, 286;
v000001f813e1b4c0_287 .array/port v000001f813e1b4c0, 287;
v000001f813e1b4c0_288 .array/port v000001f813e1b4c0, 288;
v000001f813e1b4c0_289 .array/port v000001f813e1b4c0, 289;
E_000001f813d61e80/73 .event anyedge, v000001f813e1b4c0_286, v000001f813e1b4c0_287, v000001f813e1b4c0_288, v000001f813e1b4c0_289;
v000001f813e1b4c0_290 .array/port v000001f813e1b4c0, 290;
v000001f813e1b4c0_291 .array/port v000001f813e1b4c0, 291;
v000001f813e1b4c0_292 .array/port v000001f813e1b4c0, 292;
v000001f813e1b4c0_293 .array/port v000001f813e1b4c0, 293;
E_000001f813d61e80/74 .event anyedge, v000001f813e1b4c0_290, v000001f813e1b4c0_291, v000001f813e1b4c0_292, v000001f813e1b4c0_293;
v000001f813e1b4c0_294 .array/port v000001f813e1b4c0, 294;
v000001f813e1b4c0_295 .array/port v000001f813e1b4c0, 295;
v000001f813e1b4c0_296 .array/port v000001f813e1b4c0, 296;
v000001f813e1b4c0_297 .array/port v000001f813e1b4c0, 297;
E_000001f813d61e80/75 .event anyedge, v000001f813e1b4c0_294, v000001f813e1b4c0_295, v000001f813e1b4c0_296, v000001f813e1b4c0_297;
v000001f813e1b4c0_298 .array/port v000001f813e1b4c0, 298;
v000001f813e1b4c0_299 .array/port v000001f813e1b4c0, 299;
v000001f813e1b4c0_300 .array/port v000001f813e1b4c0, 300;
v000001f813e1b4c0_301 .array/port v000001f813e1b4c0, 301;
E_000001f813d61e80/76 .event anyedge, v000001f813e1b4c0_298, v000001f813e1b4c0_299, v000001f813e1b4c0_300, v000001f813e1b4c0_301;
v000001f813e1b4c0_302 .array/port v000001f813e1b4c0, 302;
v000001f813e1b4c0_303 .array/port v000001f813e1b4c0, 303;
v000001f813e1b4c0_304 .array/port v000001f813e1b4c0, 304;
v000001f813e1b4c0_305 .array/port v000001f813e1b4c0, 305;
E_000001f813d61e80/77 .event anyedge, v000001f813e1b4c0_302, v000001f813e1b4c0_303, v000001f813e1b4c0_304, v000001f813e1b4c0_305;
v000001f813e1b4c0_306 .array/port v000001f813e1b4c0, 306;
v000001f813e1b4c0_307 .array/port v000001f813e1b4c0, 307;
v000001f813e1b4c0_308 .array/port v000001f813e1b4c0, 308;
v000001f813e1b4c0_309 .array/port v000001f813e1b4c0, 309;
E_000001f813d61e80/78 .event anyedge, v000001f813e1b4c0_306, v000001f813e1b4c0_307, v000001f813e1b4c0_308, v000001f813e1b4c0_309;
v000001f813e1b4c0_310 .array/port v000001f813e1b4c0, 310;
v000001f813e1b4c0_311 .array/port v000001f813e1b4c0, 311;
v000001f813e1b4c0_312 .array/port v000001f813e1b4c0, 312;
v000001f813e1b4c0_313 .array/port v000001f813e1b4c0, 313;
E_000001f813d61e80/79 .event anyedge, v000001f813e1b4c0_310, v000001f813e1b4c0_311, v000001f813e1b4c0_312, v000001f813e1b4c0_313;
v000001f813e1b4c0_314 .array/port v000001f813e1b4c0, 314;
v000001f813e1b4c0_315 .array/port v000001f813e1b4c0, 315;
v000001f813e1b4c0_316 .array/port v000001f813e1b4c0, 316;
v000001f813e1b4c0_317 .array/port v000001f813e1b4c0, 317;
E_000001f813d61e80/80 .event anyedge, v000001f813e1b4c0_314, v000001f813e1b4c0_315, v000001f813e1b4c0_316, v000001f813e1b4c0_317;
v000001f813e1b4c0_318 .array/port v000001f813e1b4c0, 318;
v000001f813e1b4c0_319 .array/port v000001f813e1b4c0, 319;
v000001f813e1b4c0_320 .array/port v000001f813e1b4c0, 320;
v000001f813e1b4c0_321 .array/port v000001f813e1b4c0, 321;
E_000001f813d61e80/81 .event anyedge, v000001f813e1b4c0_318, v000001f813e1b4c0_319, v000001f813e1b4c0_320, v000001f813e1b4c0_321;
v000001f813e1b4c0_322 .array/port v000001f813e1b4c0, 322;
v000001f813e1b4c0_323 .array/port v000001f813e1b4c0, 323;
v000001f813e1b4c0_324 .array/port v000001f813e1b4c0, 324;
v000001f813e1b4c0_325 .array/port v000001f813e1b4c0, 325;
E_000001f813d61e80/82 .event anyedge, v000001f813e1b4c0_322, v000001f813e1b4c0_323, v000001f813e1b4c0_324, v000001f813e1b4c0_325;
v000001f813e1b4c0_326 .array/port v000001f813e1b4c0, 326;
v000001f813e1b4c0_327 .array/port v000001f813e1b4c0, 327;
v000001f813e1b4c0_328 .array/port v000001f813e1b4c0, 328;
v000001f813e1b4c0_329 .array/port v000001f813e1b4c0, 329;
E_000001f813d61e80/83 .event anyedge, v000001f813e1b4c0_326, v000001f813e1b4c0_327, v000001f813e1b4c0_328, v000001f813e1b4c0_329;
v000001f813e1b4c0_330 .array/port v000001f813e1b4c0, 330;
v000001f813e1b4c0_331 .array/port v000001f813e1b4c0, 331;
v000001f813e1b4c0_332 .array/port v000001f813e1b4c0, 332;
v000001f813e1b4c0_333 .array/port v000001f813e1b4c0, 333;
E_000001f813d61e80/84 .event anyedge, v000001f813e1b4c0_330, v000001f813e1b4c0_331, v000001f813e1b4c0_332, v000001f813e1b4c0_333;
v000001f813e1b4c0_334 .array/port v000001f813e1b4c0, 334;
v000001f813e1b4c0_335 .array/port v000001f813e1b4c0, 335;
v000001f813e1b4c0_336 .array/port v000001f813e1b4c0, 336;
v000001f813e1b4c0_337 .array/port v000001f813e1b4c0, 337;
E_000001f813d61e80/85 .event anyedge, v000001f813e1b4c0_334, v000001f813e1b4c0_335, v000001f813e1b4c0_336, v000001f813e1b4c0_337;
v000001f813e1b4c0_338 .array/port v000001f813e1b4c0, 338;
v000001f813e1b4c0_339 .array/port v000001f813e1b4c0, 339;
v000001f813e1b4c0_340 .array/port v000001f813e1b4c0, 340;
v000001f813e1b4c0_341 .array/port v000001f813e1b4c0, 341;
E_000001f813d61e80/86 .event anyedge, v000001f813e1b4c0_338, v000001f813e1b4c0_339, v000001f813e1b4c0_340, v000001f813e1b4c0_341;
v000001f813e1b4c0_342 .array/port v000001f813e1b4c0, 342;
v000001f813e1b4c0_343 .array/port v000001f813e1b4c0, 343;
v000001f813e1b4c0_344 .array/port v000001f813e1b4c0, 344;
v000001f813e1b4c0_345 .array/port v000001f813e1b4c0, 345;
E_000001f813d61e80/87 .event anyedge, v000001f813e1b4c0_342, v000001f813e1b4c0_343, v000001f813e1b4c0_344, v000001f813e1b4c0_345;
v000001f813e1b4c0_346 .array/port v000001f813e1b4c0, 346;
v000001f813e1b4c0_347 .array/port v000001f813e1b4c0, 347;
v000001f813e1b4c0_348 .array/port v000001f813e1b4c0, 348;
v000001f813e1b4c0_349 .array/port v000001f813e1b4c0, 349;
E_000001f813d61e80/88 .event anyedge, v000001f813e1b4c0_346, v000001f813e1b4c0_347, v000001f813e1b4c0_348, v000001f813e1b4c0_349;
v000001f813e1b4c0_350 .array/port v000001f813e1b4c0, 350;
v000001f813e1b4c0_351 .array/port v000001f813e1b4c0, 351;
v000001f813e1b4c0_352 .array/port v000001f813e1b4c0, 352;
v000001f813e1b4c0_353 .array/port v000001f813e1b4c0, 353;
E_000001f813d61e80/89 .event anyedge, v000001f813e1b4c0_350, v000001f813e1b4c0_351, v000001f813e1b4c0_352, v000001f813e1b4c0_353;
v000001f813e1b4c0_354 .array/port v000001f813e1b4c0, 354;
v000001f813e1b4c0_355 .array/port v000001f813e1b4c0, 355;
v000001f813e1b4c0_356 .array/port v000001f813e1b4c0, 356;
v000001f813e1b4c0_357 .array/port v000001f813e1b4c0, 357;
E_000001f813d61e80/90 .event anyedge, v000001f813e1b4c0_354, v000001f813e1b4c0_355, v000001f813e1b4c0_356, v000001f813e1b4c0_357;
v000001f813e1b4c0_358 .array/port v000001f813e1b4c0, 358;
v000001f813e1b4c0_359 .array/port v000001f813e1b4c0, 359;
v000001f813e1b4c0_360 .array/port v000001f813e1b4c0, 360;
v000001f813e1b4c0_361 .array/port v000001f813e1b4c0, 361;
E_000001f813d61e80/91 .event anyedge, v000001f813e1b4c0_358, v000001f813e1b4c0_359, v000001f813e1b4c0_360, v000001f813e1b4c0_361;
v000001f813e1b4c0_362 .array/port v000001f813e1b4c0, 362;
v000001f813e1b4c0_363 .array/port v000001f813e1b4c0, 363;
v000001f813e1b4c0_364 .array/port v000001f813e1b4c0, 364;
v000001f813e1b4c0_365 .array/port v000001f813e1b4c0, 365;
E_000001f813d61e80/92 .event anyedge, v000001f813e1b4c0_362, v000001f813e1b4c0_363, v000001f813e1b4c0_364, v000001f813e1b4c0_365;
v000001f813e1b4c0_366 .array/port v000001f813e1b4c0, 366;
v000001f813e1b4c0_367 .array/port v000001f813e1b4c0, 367;
v000001f813e1b4c0_368 .array/port v000001f813e1b4c0, 368;
v000001f813e1b4c0_369 .array/port v000001f813e1b4c0, 369;
E_000001f813d61e80/93 .event anyedge, v000001f813e1b4c0_366, v000001f813e1b4c0_367, v000001f813e1b4c0_368, v000001f813e1b4c0_369;
v000001f813e1b4c0_370 .array/port v000001f813e1b4c0, 370;
v000001f813e1b4c0_371 .array/port v000001f813e1b4c0, 371;
v000001f813e1b4c0_372 .array/port v000001f813e1b4c0, 372;
v000001f813e1b4c0_373 .array/port v000001f813e1b4c0, 373;
E_000001f813d61e80/94 .event anyedge, v000001f813e1b4c0_370, v000001f813e1b4c0_371, v000001f813e1b4c0_372, v000001f813e1b4c0_373;
v000001f813e1b4c0_374 .array/port v000001f813e1b4c0, 374;
v000001f813e1b4c0_375 .array/port v000001f813e1b4c0, 375;
v000001f813e1b4c0_376 .array/port v000001f813e1b4c0, 376;
v000001f813e1b4c0_377 .array/port v000001f813e1b4c0, 377;
E_000001f813d61e80/95 .event anyedge, v000001f813e1b4c0_374, v000001f813e1b4c0_375, v000001f813e1b4c0_376, v000001f813e1b4c0_377;
v000001f813e1b4c0_378 .array/port v000001f813e1b4c0, 378;
v000001f813e1b4c0_379 .array/port v000001f813e1b4c0, 379;
v000001f813e1b4c0_380 .array/port v000001f813e1b4c0, 380;
v000001f813e1b4c0_381 .array/port v000001f813e1b4c0, 381;
E_000001f813d61e80/96 .event anyedge, v000001f813e1b4c0_378, v000001f813e1b4c0_379, v000001f813e1b4c0_380, v000001f813e1b4c0_381;
v000001f813e1b4c0_382 .array/port v000001f813e1b4c0, 382;
v000001f813e1b4c0_383 .array/port v000001f813e1b4c0, 383;
v000001f813e1b4c0_384 .array/port v000001f813e1b4c0, 384;
v000001f813e1b4c0_385 .array/port v000001f813e1b4c0, 385;
E_000001f813d61e80/97 .event anyedge, v000001f813e1b4c0_382, v000001f813e1b4c0_383, v000001f813e1b4c0_384, v000001f813e1b4c0_385;
v000001f813e1b4c0_386 .array/port v000001f813e1b4c0, 386;
v000001f813e1b4c0_387 .array/port v000001f813e1b4c0, 387;
v000001f813e1b4c0_388 .array/port v000001f813e1b4c0, 388;
v000001f813e1b4c0_389 .array/port v000001f813e1b4c0, 389;
E_000001f813d61e80/98 .event anyedge, v000001f813e1b4c0_386, v000001f813e1b4c0_387, v000001f813e1b4c0_388, v000001f813e1b4c0_389;
v000001f813e1b4c0_390 .array/port v000001f813e1b4c0, 390;
v000001f813e1b4c0_391 .array/port v000001f813e1b4c0, 391;
v000001f813e1b4c0_392 .array/port v000001f813e1b4c0, 392;
v000001f813e1b4c0_393 .array/port v000001f813e1b4c0, 393;
E_000001f813d61e80/99 .event anyedge, v000001f813e1b4c0_390, v000001f813e1b4c0_391, v000001f813e1b4c0_392, v000001f813e1b4c0_393;
v000001f813e1b4c0_394 .array/port v000001f813e1b4c0, 394;
v000001f813e1b4c0_395 .array/port v000001f813e1b4c0, 395;
v000001f813e1b4c0_396 .array/port v000001f813e1b4c0, 396;
v000001f813e1b4c0_397 .array/port v000001f813e1b4c0, 397;
E_000001f813d61e80/100 .event anyedge, v000001f813e1b4c0_394, v000001f813e1b4c0_395, v000001f813e1b4c0_396, v000001f813e1b4c0_397;
v000001f813e1b4c0_398 .array/port v000001f813e1b4c0, 398;
v000001f813e1b4c0_399 .array/port v000001f813e1b4c0, 399;
v000001f813e1b4c0_400 .array/port v000001f813e1b4c0, 400;
v000001f813e1b4c0_401 .array/port v000001f813e1b4c0, 401;
E_000001f813d61e80/101 .event anyedge, v000001f813e1b4c0_398, v000001f813e1b4c0_399, v000001f813e1b4c0_400, v000001f813e1b4c0_401;
v000001f813e1b4c0_402 .array/port v000001f813e1b4c0, 402;
v000001f813e1b4c0_403 .array/port v000001f813e1b4c0, 403;
v000001f813e1b4c0_404 .array/port v000001f813e1b4c0, 404;
v000001f813e1b4c0_405 .array/port v000001f813e1b4c0, 405;
E_000001f813d61e80/102 .event anyedge, v000001f813e1b4c0_402, v000001f813e1b4c0_403, v000001f813e1b4c0_404, v000001f813e1b4c0_405;
v000001f813e1b4c0_406 .array/port v000001f813e1b4c0, 406;
v000001f813e1b4c0_407 .array/port v000001f813e1b4c0, 407;
v000001f813e1b4c0_408 .array/port v000001f813e1b4c0, 408;
v000001f813e1b4c0_409 .array/port v000001f813e1b4c0, 409;
E_000001f813d61e80/103 .event anyedge, v000001f813e1b4c0_406, v000001f813e1b4c0_407, v000001f813e1b4c0_408, v000001f813e1b4c0_409;
v000001f813e1b4c0_410 .array/port v000001f813e1b4c0, 410;
v000001f813e1b4c0_411 .array/port v000001f813e1b4c0, 411;
v000001f813e1b4c0_412 .array/port v000001f813e1b4c0, 412;
v000001f813e1b4c0_413 .array/port v000001f813e1b4c0, 413;
E_000001f813d61e80/104 .event anyedge, v000001f813e1b4c0_410, v000001f813e1b4c0_411, v000001f813e1b4c0_412, v000001f813e1b4c0_413;
v000001f813e1b4c0_414 .array/port v000001f813e1b4c0, 414;
v000001f813e1b4c0_415 .array/port v000001f813e1b4c0, 415;
v000001f813e1b4c0_416 .array/port v000001f813e1b4c0, 416;
v000001f813e1b4c0_417 .array/port v000001f813e1b4c0, 417;
E_000001f813d61e80/105 .event anyedge, v000001f813e1b4c0_414, v000001f813e1b4c0_415, v000001f813e1b4c0_416, v000001f813e1b4c0_417;
v000001f813e1b4c0_418 .array/port v000001f813e1b4c0, 418;
v000001f813e1b4c0_419 .array/port v000001f813e1b4c0, 419;
v000001f813e1b4c0_420 .array/port v000001f813e1b4c0, 420;
v000001f813e1b4c0_421 .array/port v000001f813e1b4c0, 421;
E_000001f813d61e80/106 .event anyedge, v000001f813e1b4c0_418, v000001f813e1b4c0_419, v000001f813e1b4c0_420, v000001f813e1b4c0_421;
v000001f813e1b4c0_422 .array/port v000001f813e1b4c0, 422;
v000001f813e1b4c0_423 .array/port v000001f813e1b4c0, 423;
v000001f813e1b4c0_424 .array/port v000001f813e1b4c0, 424;
v000001f813e1b4c0_425 .array/port v000001f813e1b4c0, 425;
E_000001f813d61e80/107 .event anyedge, v000001f813e1b4c0_422, v000001f813e1b4c0_423, v000001f813e1b4c0_424, v000001f813e1b4c0_425;
v000001f813e1b4c0_426 .array/port v000001f813e1b4c0, 426;
v000001f813e1b4c0_427 .array/port v000001f813e1b4c0, 427;
v000001f813e1b4c0_428 .array/port v000001f813e1b4c0, 428;
v000001f813e1b4c0_429 .array/port v000001f813e1b4c0, 429;
E_000001f813d61e80/108 .event anyedge, v000001f813e1b4c0_426, v000001f813e1b4c0_427, v000001f813e1b4c0_428, v000001f813e1b4c0_429;
v000001f813e1b4c0_430 .array/port v000001f813e1b4c0, 430;
v000001f813e1b4c0_431 .array/port v000001f813e1b4c0, 431;
v000001f813e1b4c0_432 .array/port v000001f813e1b4c0, 432;
v000001f813e1b4c0_433 .array/port v000001f813e1b4c0, 433;
E_000001f813d61e80/109 .event anyedge, v000001f813e1b4c0_430, v000001f813e1b4c0_431, v000001f813e1b4c0_432, v000001f813e1b4c0_433;
v000001f813e1b4c0_434 .array/port v000001f813e1b4c0, 434;
v000001f813e1b4c0_435 .array/port v000001f813e1b4c0, 435;
v000001f813e1b4c0_436 .array/port v000001f813e1b4c0, 436;
v000001f813e1b4c0_437 .array/port v000001f813e1b4c0, 437;
E_000001f813d61e80/110 .event anyedge, v000001f813e1b4c0_434, v000001f813e1b4c0_435, v000001f813e1b4c0_436, v000001f813e1b4c0_437;
v000001f813e1b4c0_438 .array/port v000001f813e1b4c0, 438;
v000001f813e1b4c0_439 .array/port v000001f813e1b4c0, 439;
v000001f813e1b4c0_440 .array/port v000001f813e1b4c0, 440;
v000001f813e1b4c0_441 .array/port v000001f813e1b4c0, 441;
E_000001f813d61e80/111 .event anyedge, v000001f813e1b4c0_438, v000001f813e1b4c0_439, v000001f813e1b4c0_440, v000001f813e1b4c0_441;
v000001f813e1b4c0_442 .array/port v000001f813e1b4c0, 442;
v000001f813e1b4c0_443 .array/port v000001f813e1b4c0, 443;
v000001f813e1b4c0_444 .array/port v000001f813e1b4c0, 444;
v000001f813e1b4c0_445 .array/port v000001f813e1b4c0, 445;
E_000001f813d61e80/112 .event anyedge, v000001f813e1b4c0_442, v000001f813e1b4c0_443, v000001f813e1b4c0_444, v000001f813e1b4c0_445;
v000001f813e1b4c0_446 .array/port v000001f813e1b4c0, 446;
v000001f813e1b4c0_447 .array/port v000001f813e1b4c0, 447;
v000001f813e1b4c0_448 .array/port v000001f813e1b4c0, 448;
v000001f813e1b4c0_449 .array/port v000001f813e1b4c0, 449;
E_000001f813d61e80/113 .event anyedge, v000001f813e1b4c0_446, v000001f813e1b4c0_447, v000001f813e1b4c0_448, v000001f813e1b4c0_449;
v000001f813e1b4c0_450 .array/port v000001f813e1b4c0, 450;
v000001f813e1b4c0_451 .array/port v000001f813e1b4c0, 451;
v000001f813e1b4c0_452 .array/port v000001f813e1b4c0, 452;
v000001f813e1b4c0_453 .array/port v000001f813e1b4c0, 453;
E_000001f813d61e80/114 .event anyedge, v000001f813e1b4c0_450, v000001f813e1b4c0_451, v000001f813e1b4c0_452, v000001f813e1b4c0_453;
v000001f813e1b4c0_454 .array/port v000001f813e1b4c0, 454;
v000001f813e1b4c0_455 .array/port v000001f813e1b4c0, 455;
v000001f813e1b4c0_456 .array/port v000001f813e1b4c0, 456;
v000001f813e1b4c0_457 .array/port v000001f813e1b4c0, 457;
E_000001f813d61e80/115 .event anyedge, v000001f813e1b4c0_454, v000001f813e1b4c0_455, v000001f813e1b4c0_456, v000001f813e1b4c0_457;
v000001f813e1b4c0_458 .array/port v000001f813e1b4c0, 458;
v000001f813e1b4c0_459 .array/port v000001f813e1b4c0, 459;
v000001f813e1b4c0_460 .array/port v000001f813e1b4c0, 460;
v000001f813e1b4c0_461 .array/port v000001f813e1b4c0, 461;
E_000001f813d61e80/116 .event anyedge, v000001f813e1b4c0_458, v000001f813e1b4c0_459, v000001f813e1b4c0_460, v000001f813e1b4c0_461;
v000001f813e1b4c0_462 .array/port v000001f813e1b4c0, 462;
v000001f813e1b4c0_463 .array/port v000001f813e1b4c0, 463;
v000001f813e1b4c0_464 .array/port v000001f813e1b4c0, 464;
v000001f813e1b4c0_465 .array/port v000001f813e1b4c0, 465;
E_000001f813d61e80/117 .event anyedge, v000001f813e1b4c0_462, v000001f813e1b4c0_463, v000001f813e1b4c0_464, v000001f813e1b4c0_465;
v000001f813e1b4c0_466 .array/port v000001f813e1b4c0, 466;
v000001f813e1b4c0_467 .array/port v000001f813e1b4c0, 467;
v000001f813e1b4c0_468 .array/port v000001f813e1b4c0, 468;
v000001f813e1b4c0_469 .array/port v000001f813e1b4c0, 469;
E_000001f813d61e80/118 .event anyedge, v000001f813e1b4c0_466, v000001f813e1b4c0_467, v000001f813e1b4c0_468, v000001f813e1b4c0_469;
v000001f813e1b4c0_470 .array/port v000001f813e1b4c0, 470;
v000001f813e1b4c0_471 .array/port v000001f813e1b4c0, 471;
v000001f813e1b4c0_472 .array/port v000001f813e1b4c0, 472;
v000001f813e1b4c0_473 .array/port v000001f813e1b4c0, 473;
E_000001f813d61e80/119 .event anyedge, v000001f813e1b4c0_470, v000001f813e1b4c0_471, v000001f813e1b4c0_472, v000001f813e1b4c0_473;
v000001f813e1b4c0_474 .array/port v000001f813e1b4c0, 474;
v000001f813e1b4c0_475 .array/port v000001f813e1b4c0, 475;
v000001f813e1b4c0_476 .array/port v000001f813e1b4c0, 476;
v000001f813e1b4c0_477 .array/port v000001f813e1b4c0, 477;
E_000001f813d61e80/120 .event anyedge, v000001f813e1b4c0_474, v000001f813e1b4c0_475, v000001f813e1b4c0_476, v000001f813e1b4c0_477;
v000001f813e1b4c0_478 .array/port v000001f813e1b4c0, 478;
v000001f813e1b4c0_479 .array/port v000001f813e1b4c0, 479;
v000001f813e1b4c0_480 .array/port v000001f813e1b4c0, 480;
v000001f813e1b4c0_481 .array/port v000001f813e1b4c0, 481;
E_000001f813d61e80/121 .event anyedge, v000001f813e1b4c0_478, v000001f813e1b4c0_479, v000001f813e1b4c0_480, v000001f813e1b4c0_481;
v000001f813e1b4c0_482 .array/port v000001f813e1b4c0, 482;
v000001f813e1b4c0_483 .array/port v000001f813e1b4c0, 483;
v000001f813e1b4c0_484 .array/port v000001f813e1b4c0, 484;
v000001f813e1b4c0_485 .array/port v000001f813e1b4c0, 485;
E_000001f813d61e80/122 .event anyedge, v000001f813e1b4c0_482, v000001f813e1b4c0_483, v000001f813e1b4c0_484, v000001f813e1b4c0_485;
v000001f813e1b4c0_486 .array/port v000001f813e1b4c0, 486;
v000001f813e1b4c0_487 .array/port v000001f813e1b4c0, 487;
v000001f813e1b4c0_488 .array/port v000001f813e1b4c0, 488;
v000001f813e1b4c0_489 .array/port v000001f813e1b4c0, 489;
E_000001f813d61e80/123 .event anyedge, v000001f813e1b4c0_486, v000001f813e1b4c0_487, v000001f813e1b4c0_488, v000001f813e1b4c0_489;
v000001f813e1b4c0_490 .array/port v000001f813e1b4c0, 490;
v000001f813e1b4c0_491 .array/port v000001f813e1b4c0, 491;
v000001f813e1b4c0_492 .array/port v000001f813e1b4c0, 492;
v000001f813e1b4c0_493 .array/port v000001f813e1b4c0, 493;
E_000001f813d61e80/124 .event anyedge, v000001f813e1b4c0_490, v000001f813e1b4c0_491, v000001f813e1b4c0_492, v000001f813e1b4c0_493;
v000001f813e1b4c0_494 .array/port v000001f813e1b4c0, 494;
v000001f813e1b4c0_495 .array/port v000001f813e1b4c0, 495;
v000001f813e1b4c0_496 .array/port v000001f813e1b4c0, 496;
v000001f813e1b4c0_497 .array/port v000001f813e1b4c0, 497;
E_000001f813d61e80/125 .event anyedge, v000001f813e1b4c0_494, v000001f813e1b4c0_495, v000001f813e1b4c0_496, v000001f813e1b4c0_497;
v000001f813e1b4c0_498 .array/port v000001f813e1b4c0, 498;
v000001f813e1b4c0_499 .array/port v000001f813e1b4c0, 499;
v000001f813e1b4c0_500 .array/port v000001f813e1b4c0, 500;
v000001f813e1b4c0_501 .array/port v000001f813e1b4c0, 501;
E_000001f813d61e80/126 .event anyedge, v000001f813e1b4c0_498, v000001f813e1b4c0_499, v000001f813e1b4c0_500, v000001f813e1b4c0_501;
v000001f813e1b4c0_502 .array/port v000001f813e1b4c0, 502;
v000001f813e1b4c0_503 .array/port v000001f813e1b4c0, 503;
v000001f813e1b4c0_504 .array/port v000001f813e1b4c0, 504;
v000001f813e1b4c0_505 .array/port v000001f813e1b4c0, 505;
E_000001f813d61e80/127 .event anyedge, v000001f813e1b4c0_502, v000001f813e1b4c0_503, v000001f813e1b4c0_504, v000001f813e1b4c0_505;
v000001f813e1b4c0_506 .array/port v000001f813e1b4c0, 506;
v000001f813e1b4c0_507 .array/port v000001f813e1b4c0, 507;
v000001f813e1b4c0_508 .array/port v000001f813e1b4c0, 508;
v000001f813e1b4c0_509 .array/port v000001f813e1b4c0, 509;
E_000001f813d61e80/128 .event anyedge, v000001f813e1b4c0_506, v000001f813e1b4c0_507, v000001f813e1b4c0_508, v000001f813e1b4c0_509;
v000001f813e1b4c0_510 .array/port v000001f813e1b4c0, 510;
v000001f813e1b4c0_511 .array/port v000001f813e1b4c0, 511;
v000001f813e1b4c0_512 .array/port v000001f813e1b4c0, 512;
v000001f813e1b4c0_513 .array/port v000001f813e1b4c0, 513;
E_000001f813d61e80/129 .event anyedge, v000001f813e1b4c0_510, v000001f813e1b4c0_511, v000001f813e1b4c0_512, v000001f813e1b4c0_513;
v000001f813e1b4c0_514 .array/port v000001f813e1b4c0, 514;
v000001f813e1b4c0_515 .array/port v000001f813e1b4c0, 515;
v000001f813e1b4c0_516 .array/port v000001f813e1b4c0, 516;
v000001f813e1b4c0_517 .array/port v000001f813e1b4c0, 517;
E_000001f813d61e80/130 .event anyedge, v000001f813e1b4c0_514, v000001f813e1b4c0_515, v000001f813e1b4c0_516, v000001f813e1b4c0_517;
v000001f813e1b4c0_518 .array/port v000001f813e1b4c0, 518;
v000001f813e1b4c0_519 .array/port v000001f813e1b4c0, 519;
v000001f813e1b4c0_520 .array/port v000001f813e1b4c0, 520;
v000001f813e1b4c0_521 .array/port v000001f813e1b4c0, 521;
E_000001f813d61e80/131 .event anyedge, v000001f813e1b4c0_518, v000001f813e1b4c0_519, v000001f813e1b4c0_520, v000001f813e1b4c0_521;
v000001f813e1b4c0_522 .array/port v000001f813e1b4c0, 522;
v000001f813e1b4c0_523 .array/port v000001f813e1b4c0, 523;
v000001f813e1b4c0_524 .array/port v000001f813e1b4c0, 524;
v000001f813e1b4c0_525 .array/port v000001f813e1b4c0, 525;
E_000001f813d61e80/132 .event anyedge, v000001f813e1b4c0_522, v000001f813e1b4c0_523, v000001f813e1b4c0_524, v000001f813e1b4c0_525;
v000001f813e1b4c0_526 .array/port v000001f813e1b4c0, 526;
v000001f813e1b4c0_527 .array/port v000001f813e1b4c0, 527;
v000001f813e1b4c0_528 .array/port v000001f813e1b4c0, 528;
v000001f813e1b4c0_529 .array/port v000001f813e1b4c0, 529;
E_000001f813d61e80/133 .event anyedge, v000001f813e1b4c0_526, v000001f813e1b4c0_527, v000001f813e1b4c0_528, v000001f813e1b4c0_529;
v000001f813e1b4c0_530 .array/port v000001f813e1b4c0, 530;
v000001f813e1b4c0_531 .array/port v000001f813e1b4c0, 531;
v000001f813e1b4c0_532 .array/port v000001f813e1b4c0, 532;
v000001f813e1b4c0_533 .array/port v000001f813e1b4c0, 533;
E_000001f813d61e80/134 .event anyedge, v000001f813e1b4c0_530, v000001f813e1b4c0_531, v000001f813e1b4c0_532, v000001f813e1b4c0_533;
v000001f813e1b4c0_534 .array/port v000001f813e1b4c0, 534;
v000001f813e1b4c0_535 .array/port v000001f813e1b4c0, 535;
v000001f813e1b4c0_536 .array/port v000001f813e1b4c0, 536;
v000001f813e1b4c0_537 .array/port v000001f813e1b4c0, 537;
E_000001f813d61e80/135 .event anyedge, v000001f813e1b4c0_534, v000001f813e1b4c0_535, v000001f813e1b4c0_536, v000001f813e1b4c0_537;
v000001f813e1b4c0_538 .array/port v000001f813e1b4c0, 538;
v000001f813e1b4c0_539 .array/port v000001f813e1b4c0, 539;
v000001f813e1b4c0_540 .array/port v000001f813e1b4c0, 540;
v000001f813e1b4c0_541 .array/port v000001f813e1b4c0, 541;
E_000001f813d61e80/136 .event anyedge, v000001f813e1b4c0_538, v000001f813e1b4c0_539, v000001f813e1b4c0_540, v000001f813e1b4c0_541;
v000001f813e1b4c0_542 .array/port v000001f813e1b4c0, 542;
v000001f813e1b4c0_543 .array/port v000001f813e1b4c0, 543;
v000001f813e1b4c0_544 .array/port v000001f813e1b4c0, 544;
v000001f813e1b4c0_545 .array/port v000001f813e1b4c0, 545;
E_000001f813d61e80/137 .event anyedge, v000001f813e1b4c0_542, v000001f813e1b4c0_543, v000001f813e1b4c0_544, v000001f813e1b4c0_545;
v000001f813e1b4c0_546 .array/port v000001f813e1b4c0, 546;
v000001f813e1b4c0_547 .array/port v000001f813e1b4c0, 547;
v000001f813e1b4c0_548 .array/port v000001f813e1b4c0, 548;
v000001f813e1b4c0_549 .array/port v000001f813e1b4c0, 549;
E_000001f813d61e80/138 .event anyedge, v000001f813e1b4c0_546, v000001f813e1b4c0_547, v000001f813e1b4c0_548, v000001f813e1b4c0_549;
v000001f813e1b4c0_550 .array/port v000001f813e1b4c0, 550;
v000001f813e1b4c0_551 .array/port v000001f813e1b4c0, 551;
v000001f813e1b4c0_552 .array/port v000001f813e1b4c0, 552;
v000001f813e1b4c0_553 .array/port v000001f813e1b4c0, 553;
E_000001f813d61e80/139 .event anyedge, v000001f813e1b4c0_550, v000001f813e1b4c0_551, v000001f813e1b4c0_552, v000001f813e1b4c0_553;
v000001f813e1b4c0_554 .array/port v000001f813e1b4c0, 554;
v000001f813e1b4c0_555 .array/port v000001f813e1b4c0, 555;
v000001f813e1b4c0_556 .array/port v000001f813e1b4c0, 556;
v000001f813e1b4c0_557 .array/port v000001f813e1b4c0, 557;
E_000001f813d61e80/140 .event anyedge, v000001f813e1b4c0_554, v000001f813e1b4c0_555, v000001f813e1b4c0_556, v000001f813e1b4c0_557;
v000001f813e1b4c0_558 .array/port v000001f813e1b4c0, 558;
v000001f813e1b4c0_559 .array/port v000001f813e1b4c0, 559;
v000001f813e1b4c0_560 .array/port v000001f813e1b4c0, 560;
v000001f813e1b4c0_561 .array/port v000001f813e1b4c0, 561;
E_000001f813d61e80/141 .event anyedge, v000001f813e1b4c0_558, v000001f813e1b4c0_559, v000001f813e1b4c0_560, v000001f813e1b4c0_561;
v000001f813e1b4c0_562 .array/port v000001f813e1b4c0, 562;
v000001f813e1b4c0_563 .array/port v000001f813e1b4c0, 563;
v000001f813e1b4c0_564 .array/port v000001f813e1b4c0, 564;
v000001f813e1b4c0_565 .array/port v000001f813e1b4c0, 565;
E_000001f813d61e80/142 .event anyedge, v000001f813e1b4c0_562, v000001f813e1b4c0_563, v000001f813e1b4c0_564, v000001f813e1b4c0_565;
v000001f813e1b4c0_566 .array/port v000001f813e1b4c0, 566;
v000001f813e1b4c0_567 .array/port v000001f813e1b4c0, 567;
v000001f813e1b4c0_568 .array/port v000001f813e1b4c0, 568;
v000001f813e1b4c0_569 .array/port v000001f813e1b4c0, 569;
E_000001f813d61e80/143 .event anyedge, v000001f813e1b4c0_566, v000001f813e1b4c0_567, v000001f813e1b4c0_568, v000001f813e1b4c0_569;
v000001f813e1b4c0_570 .array/port v000001f813e1b4c0, 570;
v000001f813e1b4c0_571 .array/port v000001f813e1b4c0, 571;
v000001f813e1b4c0_572 .array/port v000001f813e1b4c0, 572;
v000001f813e1b4c0_573 .array/port v000001f813e1b4c0, 573;
E_000001f813d61e80/144 .event anyedge, v000001f813e1b4c0_570, v000001f813e1b4c0_571, v000001f813e1b4c0_572, v000001f813e1b4c0_573;
v000001f813e1b4c0_574 .array/port v000001f813e1b4c0, 574;
v000001f813e1b4c0_575 .array/port v000001f813e1b4c0, 575;
v000001f813e1b4c0_576 .array/port v000001f813e1b4c0, 576;
v000001f813e1b4c0_577 .array/port v000001f813e1b4c0, 577;
E_000001f813d61e80/145 .event anyedge, v000001f813e1b4c0_574, v000001f813e1b4c0_575, v000001f813e1b4c0_576, v000001f813e1b4c0_577;
v000001f813e1b4c0_578 .array/port v000001f813e1b4c0, 578;
v000001f813e1b4c0_579 .array/port v000001f813e1b4c0, 579;
v000001f813e1b4c0_580 .array/port v000001f813e1b4c0, 580;
v000001f813e1b4c0_581 .array/port v000001f813e1b4c0, 581;
E_000001f813d61e80/146 .event anyedge, v000001f813e1b4c0_578, v000001f813e1b4c0_579, v000001f813e1b4c0_580, v000001f813e1b4c0_581;
v000001f813e1b4c0_582 .array/port v000001f813e1b4c0, 582;
v000001f813e1b4c0_583 .array/port v000001f813e1b4c0, 583;
v000001f813e1b4c0_584 .array/port v000001f813e1b4c0, 584;
v000001f813e1b4c0_585 .array/port v000001f813e1b4c0, 585;
E_000001f813d61e80/147 .event anyedge, v000001f813e1b4c0_582, v000001f813e1b4c0_583, v000001f813e1b4c0_584, v000001f813e1b4c0_585;
v000001f813e1b4c0_586 .array/port v000001f813e1b4c0, 586;
v000001f813e1b4c0_587 .array/port v000001f813e1b4c0, 587;
v000001f813e1b4c0_588 .array/port v000001f813e1b4c0, 588;
v000001f813e1b4c0_589 .array/port v000001f813e1b4c0, 589;
E_000001f813d61e80/148 .event anyedge, v000001f813e1b4c0_586, v000001f813e1b4c0_587, v000001f813e1b4c0_588, v000001f813e1b4c0_589;
v000001f813e1b4c0_590 .array/port v000001f813e1b4c0, 590;
v000001f813e1b4c0_591 .array/port v000001f813e1b4c0, 591;
v000001f813e1b4c0_592 .array/port v000001f813e1b4c0, 592;
v000001f813e1b4c0_593 .array/port v000001f813e1b4c0, 593;
E_000001f813d61e80/149 .event anyedge, v000001f813e1b4c0_590, v000001f813e1b4c0_591, v000001f813e1b4c0_592, v000001f813e1b4c0_593;
v000001f813e1b4c0_594 .array/port v000001f813e1b4c0, 594;
v000001f813e1b4c0_595 .array/port v000001f813e1b4c0, 595;
v000001f813e1b4c0_596 .array/port v000001f813e1b4c0, 596;
v000001f813e1b4c0_597 .array/port v000001f813e1b4c0, 597;
E_000001f813d61e80/150 .event anyedge, v000001f813e1b4c0_594, v000001f813e1b4c0_595, v000001f813e1b4c0_596, v000001f813e1b4c0_597;
v000001f813e1b4c0_598 .array/port v000001f813e1b4c0, 598;
v000001f813e1b4c0_599 .array/port v000001f813e1b4c0, 599;
v000001f813e1b4c0_600 .array/port v000001f813e1b4c0, 600;
v000001f813e1b4c0_601 .array/port v000001f813e1b4c0, 601;
E_000001f813d61e80/151 .event anyedge, v000001f813e1b4c0_598, v000001f813e1b4c0_599, v000001f813e1b4c0_600, v000001f813e1b4c0_601;
v000001f813e1b4c0_602 .array/port v000001f813e1b4c0, 602;
v000001f813e1b4c0_603 .array/port v000001f813e1b4c0, 603;
v000001f813e1b4c0_604 .array/port v000001f813e1b4c0, 604;
v000001f813e1b4c0_605 .array/port v000001f813e1b4c0, 605;
E_000001f813d61e80/152 .event anyedge, v000001f813e1b4c0_602, v000001f813e1b4c0_603, v000001f813e1b4c0_604, v000001f813e1b4c0_605;
v000001f813e1b4c0_606 .array/port v000001f813e1b4c0, 606;
v000001f813e1b4c0_607 .array/port v000001f813e1b4c0, 607;
v000001f813e1b4c0_608 .array/port v000001f813e1b4c0, 608;
v000001f813e1b4c0_609 .array/port v000001f813e1b4c0, 609;
E_000001f813d61e80/153 .event anyedge, v000001f813e1b4c0_606, v000001f813e1b4c0_607, v000001f813e1b4c0_608, v000001f813e1b4c0_609;
v000001f813e1b4c0_610 .array/port v000001f813e1b4c0, 610;
v000001f813e1b4c0_611 .array/port v000001f813e1b4c0, 611;
v000001f813e1b4c0_612 .array/port v000001f813e1b4c0, 612;
v000001f813e1b4c0_613 .array/port v000001f813e1b4c0, 613;
E_000001f813d61e80/154 .event anyedge, v000001f813e1b4c0_610, v000001f813e1b4c0_611, v000001f813e1b4c0_612, v000001f813e1b4c0_613;
v000001f813e1b4c0_614 .array/port v000001f813e1b4c0, 614;
v000001f813e1b4c0_615 .array/port v000001f813e1b4c0, 615;
v000001f813e1b4c0_616 .array/port v000001f813e1b4c0, 616;
v000001f813e1b4c0_617 .array/port v000001f813e1b4c0, 617;
E_000001f813d61e80/155 .event anyedge, v000001f813e1b4c0_614, v000001f813e1b4c0_615, v000001f813e1b4c0_616, v000001f813e1b4c0_617;
v000001f813e1b4c0_618 .array/port v000001f813e1b4c0, 618;
v000001f813e1b4c0_619 .array/port v000001f813e1b4c0, 619;
v000001f813e1b4c0_620 .array/port v000001f813e1b4c0, 620;
v000001f813e1b4c0_621 .array/port v000001f813e1b4c0, 621;
E_000001f813d61e80/156 .event anyedge, v000001f813e1b4c0_618, v000001f813e1b4c0_619, v000001f813e1b4c0_620, v000001f813e1b4c0_621;
v000001f813e1b4c0_622 .array/port v000001f813e1b4c0, 622;
v000001f813e1b4c0_623 .array/port v000001f813e1b4c0, 623;
v000001f813e1b4c0_624 .array/port v000001f813e1b4c0, 624;
v000001f813e1b4c0_625 .array/port v000001f813e1b4c0, 625;
E_000001f813d61e80/157 .event anyedge, v000001f813e1b4c0_622, v000001f813e1b4c0_623, v000001f813e1b4c0_624, v000001f813e1b4c0_625;
v000001f813e1b4c0_626 .array/port v000001f813e1b4c0, 626;
v000001f813e1b4c0_627 .array/port v000001f813e1b4c0, 627;
v000001f813e1b4c0_628 .array/port v000001f813e1b4c0, 628;
v000001f813e1b4c0_629 .array/port v000001f813e1b4c0, 629;
E_000001f813d61e80/158 .event anyedge, v000001f813e1b4c0_626, v000001f813e1b4c0_627, v000001f813e1b4c0_628, v000001f813e1b4c0_629;
v000001f813e1b4c0_630 .array/port v000001f813e1b4c0, 630;
v000001f813e1b4c0_631 .array/port v000001f813e1b4c0, 631;
v000001f813e1b4c0_632 .array/port v000001f813e1b4c0, 632;
v000001f813e1b4c0_633 .array/port v000001f813e1b4c0, 633;
E_000001f813d61e80/159 .event anyedge, v000001f813e1b4c0_630, v000001f813e1b4c0_631, v000001f813e1b4c0_632, v000001f813e1b4c0_633;
v000001f813e1b4c0_634 .array/port v000001f813e1b4c0, 634;
v000001f813e1b4c0_635 .array/port v000001f813e1b4c0, 635;
v000001f813e1b4c0_636 .array/port v000001f813e1b4c0, 636;
v000001f813e1b4c0_637 .array/port v000001f813e1b4c0, 637;
E_000001f813d61e80/160 .event anyedge, v000001f813e1b4c0_634, v000001f813e1b4c0_635, v000001f813e1b4c0_636, v000001f813e1b4c0_637;
v000001f813e1b4c0_638 .array/port v000001f813e1b4c0, 638;
v000001f813e1b4c0_639 .array/port v000001f813e1b4c0, 639;
v000001f813e1b4c0_640 .array/port v000001f813e1b4c0, 640;
v000001f813e1b4c0_641 .array/port v000001f813e1b4c0, 641;
E_000001f813d61e80/161 .event anyedge, v000001f813e1b4c0_638, v000001f813e1b4c0_639, v000001f813e1b4c0_640, v000001f813e1b4c0_641;
v000001f813e1b4c0_642 .array/port v000001f813e1b4c0, 642;
v000001f813e1b4c0_643 .array/port v000001f813e1b4c0, 643;
v000001f813e1b4c0_644 .array/port v000001f813e1b4c0, 644;
v000001f813e1b4c0_645 .array/port v000001f813e1b4c0, 645;
E_000001f813d61e80/162 .event anyedge, v000001f813e1b4c0_642, v000001f813e1b4c0_643, v000001f813e1b4c0_644, v000001f813e1b4c0_645;
v000001f813e1b4c0_646 .array/port v000001f813e1b4c0, 646;
v000001f813e1b4c0_647 .array/port v000001f813e1b4c0, 647;
v000001f813e1b4c0_648 .array/port v000001f813e1b4c0, 648;
v000001f813e1b4c0_649 .array/port v000001f813e1b4c0, 649;
E_000001f813d61e80/163 .event anyedge, v000001f813e1b4c0_646, v000001f813e1b4c0_647, v000001f813e1b4c0_648, v000001f813e1b4c0_649;
v000001f813e1b4c0_650 .array/port v000001f813e1b4c0, 650;
v000001f813e1b4c0_651 .array/port v000001f813e1b4c0, 651;
v000001f813e1b4c0_652 .array/port v000001f813e1b4c0, 652;
v000001f813e1b4c0_653 .array/port v000001f813e1b4c0, 653;
E_000001f813d61e80/164 .event anyedge, v000001f813e1b4c0_650, v000001f813e1b4c0_651, v000001f813e1b4c0_652, v000001f813e1b4c0_653;
v000001f813e1b4c0_654 .array/port v000001f813e1b4c0, 654;
v000001f813e1b4c0_655 .array/port v000001f813e1b4c0, 655;
v000001f813e1b4c0_656 .array/port v000001f813e1b4c0, 656;
v000001f813e1b4c0_657 .array/port v000001f813e1b4c0, 657;
E_000001f813d61e80/165 .event anyedge, v000001f813e1b4c0_654, v000001f813e1b4c0_655, v000001f813e1b4c0_656, v000001f813e1b4c0_657;
v000001f813e1b4c0_658 .array/port v000001f813e1b4c0, 658;
v000001f813e1b4c0_659 .array/port v000001f813e1b4c0, 659;
v000001f813e1b4c0_660 .array/port v000001f813e1b4c0, 660;
v000001f813e1b4c0_661 .array/port v000001f813e1b4c0, 661;
E_000001f813d61e80/166 .event anyedge, v000001f813e1b4c0_658, v000001f813e1b4c0_659, v000001f813e1b4c0_660, v000001f813e1b4c0_661;
v000001f813e1b4c0_662 .array/port v000001f813e1b4c0, 662;
v000001f813e1b4c0_663 .array/port v000001f813e1b4c0, 663;
v000001f813e1b4c0_664 .array/port v000001f813e1b4c0, 664;
v000001f813e1b4c0_665 .array/port v000001f813e1b4c0, 665;
E_000001f813d61e80/167 .event anyedge, v000001f813e1b4c0_662, v000001f813e1b4c0_663, v000001f813e1b4c0_664, v000001f813e1b4c0_665;
v000001f813e1b4c0_666 .array/port v000001f813e1b4c0, 666;
v000001f813e1b4c0_667 .array/port v000001f813e1b4c0, 667;
v000001f813e1b4c0_668 .array/port v000001f813e1b4c0, 668;
v000001f813e1b4c0_669 .array/port v000001f813e1b4c0, 669;
E_000001f813d61e80/168 .event anyedge, v000001f813e1b4c0_666, v000001f813e1b4c0_667, v000001f813e1b4c0_668, v000001f813e1b4c0_669;
v000001f813e1b4c0_670 .array/port v000001f813e1b4c0, 670;
v000001f813e1b4c0_671 .array/port v000001f813e1b4c0, 671;
v000001f813e1b4c0_672 .array/port v000001f813e1b4c0, 672;
v000001f813e1b4c0_673 .array/port v000001f813e1b4c0, 673;
E_000001f813d61e80/169 .event anyedge, v000001f813e1b4c0_670, v000001f813e1b4c0_671, v000001f813e1b4c0_672, v000001f813e1b4c0_673;
v000001f813e1b4c0_674 .array/port v000001f813e1b4c0, 674;
v000001f813e1b4c0_675 .array/port v000001f813e1b4c0, 675;
v000001f813e1b4c0_676 .array/port v000001f813e1b4c0, 676;
v000001f813e1b4c0_677 .array/port v000001f813e1b4c0, 677;
E_000001f813d61e80/170 .event anyedge, v000001f813e1b4c0_674, v000001f813e1b4c0_675, v000001f813e1b4c0_676, v000001f813e1b4c0_677;
v000001f813e1b4c0_678 .array/port v000001f813e1b4c0, 678;
v000001f813e1b4c0_679 .array/port v000001f813e1b4c0, 679;
v000001f813e1b4c0_680 .array/port v000001f813e1b4c0, 680;
v000001f813e1b4c0_681 .array/port v000001f813e1b4c0, 681;
E_000001f813d61e80/171 .event anyedge, v000001f813e1b4c0_678, v000001f813e1b4c0_679, v000001f813e1b4c0_680, v000001f813e1b4c0_681;
v000001f813e1b4c0_682 .array/port v000001f813e1b4c0, 682;
v000001f813e1b4c0_683 .array/port v000001f813e1b4c0, 683;
v000001f813e1b4c0_684 .array/port v000001f813e1b4c0, 684;
v000001f813e1b4c0_685 .array/port v000001f813e1b4c0, 685;
E_000001f813d61e80/172 .event anyedge, v000001f813e1b4c0_682, v000001f813e1b4c0_683, v000001f813e1b4c0_684, v000001f813e1b4c0_685;
v000001f813e1b4c0_686 .array/port v000001f813e1b4c0, 686;
v000001f813e1b4c0_687 .array/port v000001f813e1b4c0, 687;
v000001f813e1b4c0_688 .array/port v000001f813e1b4c0, 688;
v000001f813e1b4c0_689 .array/port v000001f813e1b4c0, 689;
E_000001f813d61e80/173 .event anyedge, v000001f813e1b4c0_686, v000001f813e1b4c0_687, v000001f813e1b4c0_688, v000001f813e1b4c0_689;
v000001f813e1b4c0_690 .array/port v000001f813e1b4c0, 690;
v000001f813e1b4c0_691 .array/port v000001f813e1b4c0, 691;
v000001f813e1b4c0_692 .array/port v000001f813e1b4c0, 692;
v000001f813e1b4c0_693 .array/port v000001f813e1b4c0, 693;
E_000001f813d61e80/174 .event anyedge, v000001f813e1b4c0_690, v000001f813e1b4c0_691, v000001f813e1b4c0_692, v000001f813e1b4c0_693;
v000001f813e1b4c0_694 .array/port v000001f813e1b4c0, 694;
v000001f813e1b4c0_695 .array/port v000001f813e1b4c0, 695;
v000001f813e1b4c0_696 .array/port v000001f813e1b4c0, 696;
v000001f813e1b4c0_697 .array/port v000001f813e1b4c0, 697;
E_000001f813d61e80/175 .event anyedge, v000001f813e1b4c0_694, v000001f813e1b4c0_695, v000001f813e1b4c0_696, v000001f813e1b4c0_697;
v000001f813e1b4c0_698 .array/port v000001f813e1b4c0, 698;
v000001f813e1b4c0_699 .array/port v000001f813e1b4c0, 699;
v000001f813e1b4c0_700 .array/port v000001f813e1b4c0, 700;
v000001f813e1b4c0_701 .array/port v000001f813e1b4c0, 701;
E_000001f813d61e80/176 .event anyedge, v000001f813e1b4c0_698, v000001f813e1b4c0_699, v000001f813e1b4c0_700, v000001f813e1b4c0_701;
v000001f813e1b4c0_702 .array/port v000001f813e1b4c0, 702;
v000001f813e1b4c0_703 .array/port v000001f813e1b4c0, 703;
v000001f813e1b4c0_704 .array/port v000001f813e1b4c0, 704;
v000001f813e1b4c0_705 .array/port v000001f813e1b4c0, 705;
E_000001f813d61e80/177 .event anyedge, v000001f813e1b4c0_702, v000001f813e1b4c0_703, v000001f813e1b4c0_704, v000001f813e1b4c0_705;
v000001f813e1b4c0_706 .array/port v000001f813e1b4c0, 706;
v000001f813e1b4c0_707 .array/port v000001f813e1b4c0, 707;
v000001f813e1b4c0_708 .array/port v000001f813e1b4c0, 708;
v000001f813e1b4c0_709 .array/port v000001f813e1b4c0, 709;
E_000001f813d61e80/178 .event anyedge, v000001f813e1b4c0_706, v000001f813e1b4c0_707, v000001f813e1b4c0_708, v000001f813e1b4c0_709;
v000001f813e1b4c0_710 .array/port v000001f813e1b4c0, 710;
v000001f813e1b4c0_711 .array/port v000001f813e1b4c0, 711;
v000001f813e1b4c0_712 .array/port v000001f813e1b4c0, 712;
v000001f813e1b4c0_713 .array/port v000001f813e1b4c0, 713;
E_000001f813d61e80/179 .event anyedge, v000001f813e1b4c0_710, v000001f813e1b4c0_711, v000001f813e1b4c0_712, v000001f813e1b4c0_713;
v000001f813e1b4c0_714 .array/port v000001f813e1b4c0, 714;
v000001f813e1b4c0_715 .array/port v000001f813e1b4c0, 715;
v000001f813e1b4c0_716 .array/port v000001f813e1b4c0, 716;
v000001f813e1b4c0_717 .array/port v000001f813e1b4c0, 717;
E_000001f813d61e80/180 .event anyedge, v000001f813e1b4c0_714, v000001f813e1b4c0_715, v000001f813e1b4c0_716, v000001f813e1b4c0_717;
v000001f813e1b4c0_718 .array/port v000001f813e1b4c0, 718;
v000001f813e1b4c0_719 .array/port v000001f813e1b4c0, 719;
v000001f813e1b4c0_720 .array/port v000001f813e1b4c0, 720;
v000001f813e1b4c0_721 .array/port v000001f813e1b4c0, 721;
E_000001f813d61e80/181 .event anyedge, v000001f813e1b4c0_718, v000001f813e1b4c0_719, v000001f813e1b4c0_720, v000001f813e1b4c0_721;
v000001f813e1b4c0_722 .array/port v000001f813e1b4c0, 722;
v000001f813e1b4c0_723 .array/port v000001f813e1b4c0, 723;
v000001f813e1b4c0_724 .array/port v000001f813e1b4c0, 724;
v000001f813e1b4c0_725 .array/port v000001f813e1b4c0, 725;
E_000001f813d61e80/182 .event anyedge, v000001f813e1b4c0_722, v000001f813e1b4c0_723, v000001f813e1b4c0_724, v000001f813e1b4c0_725;
v000001f813e1b4c0_726 .array/port v000001f813e1b4c0, 726;
v000001f813e1b4c0_727 .array/port v000001f813e1b4c0, 727;
v000001f813e1b4c0_728 .array/port v000001f813e1b4c0, 728;
v000001f813e1b4c0_729 .array/port v000001f813e1b4c0, 729;
E_000001f813d61e80/183 .event anyedge, v000001f813e1b4c0_726, v000001f813e1b4c0_727, v000001f813e1b4c0_728, v000001f813e1b4c0_729;
v000001f813e1b4c0_730 .array/port v000001f813e1b4c0, 730;
v000001f813e1b4c0_731 .array/port v000001f813e1b4c0, 731;
v000001f813e1b4c0_732 .array/port v000001f813e1b4c0, 732;
v000001f813e1b4c0_733 .array/port v000001f813e1b4c0, 733;
E_000001f813d61e80/184 .event anyedge, v000001f813e1b4c0_730, v000001f813e1b4c0_731, v000001f813e1b4c0_732, v000001f813e1b4c0_733;
v000001f813e1b4c0_734 .array/port v000001f813e1b4c0, 734;
v000001f813e1b4c0_735 .array/port v000001f813e1b4c0, 735;
v000001f813e1b4c0_736 .array/port v000001f813e1b4c0, 736;
v000001f813e1b4c0_737 .array/port v000001f813e1b4c0, 737;
E_000001f813d61e80/185 .event anyedge, v000001f813e1b4c0_734, v000001f813e1b4c0_735, v000001f813e1b4c0_736, v000001f813e1b4c0_737;
v000001f813e1b4c0_738 .array/port v000001f813e1b4c0, 738;
v000001f813e1b4c0_739 .array/port v000001f813e1b4c0, 739;
v000001f813e1b4c0_740 .array/port v000001f813e1b4c0, 740;
v000001f813e1b4c0_741 .array/port v000001f813e1b4c0, 741;
E_000001f813d61e80/186 .event anyedge, v000001f813e1b4c0_738, v000001f813e1b4c0_739, v000001f813e1b4c0_740, v000001f813e1b4c0_741;
v000001f813e1b4c0_742 .array/port v000001f813e1b4c0, 742;
v000001f813e1b4c0_743 .array/port v000001f813e1b4c0, 743;
v000001f813e1b4c0_744 .array/port v000001f813e1b4c0, 744;
v000001f813e1b4c0_745 .array/port v000001f813e1b4c0, 745;
E_000001f813d61e80/187 .event anyedge, v000001f813e1b4c0_742, v000001f813e1b4c0_743, v000001f813e1b4c0_744, v000001f813e1b4c0_745;
v000001f813e1b4c0_746 .array/port v000001f813e1b4c0, 746;
v000001f813e1b4c0_747 .array/port v000001f813e1b4c0, 747;
v000001f813e1b4c0_748 .array/port v000001f813e1b4c0, 748;
v000001f813e1b4c0_749 .array/port v000001f813e1b4c0, 749;
E_000001f813d61e80/188 .event anyedge, v000001f813e1b4c0_746, v000001f813e1b4c0_747, v000001f813e1b4c0_748, v000001f813e1b4c0_749;
v000001f813e1b4c0_750 .array/port v000001f813e1b4c0, 750;
v000001f813e1b4c0_751 .array/port v000001f813e1b4c0, 751;
v000001f813e1b4c0_752 .array/port v000001f813e1b4c0, 752;
v000001f813e1b4c0_753 .array/port v000001f813e1b4c0, 753;
E_000001f813d61e80/189 .event anyedge, v000001f813e1b4c0_750, v000001f813e1b4c0_751, v000001f813e1b4c0_752, v000001f813e1b4c0_753;
v000001f813e1b4c0_754 .array/port v000001f813e1b4c0, 754;
v000001f813e1b4c0_755 .array/port v000001f813e1b4c0, 755;
v000001f813e1b4c0_756 .array/port v000001f813e1b4c0, 756;
v000001f813e1b4c0_757 .array/port v000001f813e1b4c0, 757;
E_000001f813d61e80/190 .event anyedge, v000001f813e1b4c0_754, v000001f813e1b4c0_755, v000001f813e1b4c0_756, v000001f813e1b4c0_757;
v000001f813e1b4c0_758 .array/port v000001f813e1b4c0, 758;
v000001f813e1b4c0_759 .array/port v000001f813e1b4c0, 759;
v000001f813e1b4c0_760 .array/port v000001f813e1b4c0, 760;
v000001f813e1b4c0_761 .array/port v000001f813e1b4c0, 761;
E_000001f813d61e80/191 .event anyedge, v000001f813e1b4c0_758, v000001f813e1b4c0_759, v000001f813e1b4c0_760, v000001f813e1b4c0_761;
v000001f813e1b4c0_762 .array/port v000001f813e1b4c0, 762;
v000001f813e1b4c0_763 .array/port v000001f813e1b4c0, 763;
v000001f813e1b4c0_764 .array/port v000001f813e1b4c0, 764;
v000001f813e1b4c0_765 .array/port v000001f813e1b4c0, 765;
E_000001f813d61e80/192 .event anyedge, v000001f813e1b4c0_762, v000001f813e1b4c0_763, v000001f813e1b4c0_764, v000001f813e1b4c0_765;
v000001f813e1b4c0_766 .array/port v000001f813e1b4c0, 766;
v000001f813e1b4c0_767 .array/port v000001f813e1b4c0, 767;
v000001f813e1b4c0_768 .array/port v000001f813e1b4c0, 768;
v000001f813e1b4c0_769 .array/port v000001f813e1b4c0, 769;
E_000001f813d61e80/193 .event anyedge, v000001f813e1b4c0_766, v000001f813e1b4c0_767, v000001f813e1b4c0_768, v000001f813e1b4c0_769;
v000001f813e1b4c0_770 .array/port v000001f813e1b4c0, 770;
v000001f813e1b4c0_771 .array/port v000001f813e1b4c0, 771;
v000001f813e1b4c0_772 .array/port v000001f813e1b4c0, 772;
v000001f813e1b4c0_773 .array/port v000001f813e1b4c0, 773;
E_000001f813d61e80/194 .event anyedge, v000001f813e1b4c0_770, v000001f813e1b4c0_771, v000001f813e1b4c0_772, v000001f813e1b4c0_773;
v000001f813e1b4c0_774 .array/port v000001f813e1b4c0, 774;
v000001f813e1b4c0_775 .array/port v000001f813e1b4c0, 775;
v000001f813e1b4c0_776 .array/port v000001f813e1b4c0, 776;
v000001f813e1b4c0_777 .array/port v000001f813e1b4c0, 777;
E_000001f813d61e80/195 .event anyedge, v000001f813e1b4c0_774, v000001f813e1b4c0_775, v000001f813e1b4c0_776, v000001f813e1b4c0_777;
v000001f813e1b4c0_778 .array/port v000001f813e1b4c0, 778;
v000001f813e1b4c0_779 .array/port v000001f813e1b4c0, 779;
v000001f813e1b4c0_780 .array/port v000001f813e1b4c0, 780;
v000001f813e1b4c0_781 .array/port v000001f813e1b4c0, 781;
E_000001f813d61e80/196 .event anyedge, v000001f813e1b4c0_778, v000001f813e1b4c0_779, v000001f813e1b4c0_780, v000001f813e1b4c0_781;
v000001f813e1b4c0_782 .array/port v000001f813e1b4c0, 782;
v000001f813e1b4c0_783 .array/port v000001f813e1b4c0, 783;
v000001f813e1b4c0_784 .array/port v000001f813e1b4c0, 784;
v000001f813e1b4c0_785 .array/port v000001f813e1b4c0, 785;
E_000001f813d61e80/197 .event anyedge, v000001f813e1b4c0_782, v000001f813e1b4c0_783, v000001f813e1b4c0_784, v000001f813e1b4c0_785;
v000001f813e1b4c0_786 .array/port v000001f813e1b4c0, 786;
v000001f813e1b4c0_787 .array/port v000001f813e1b4c0, 787;
v000001f813e1b4c0_788 .array/port v000001f813e1b4c0, 788;
v000001f813e1b4c0_789 .array/port v000001f813e1b4c0, 789;
E_000001f813d61e80/198 .event anyedge, v000001f813e1b4c0_786, v000001f813e1b4c0_787, v000001f813e1b4c0_788, v000001f813e1b4c0_789;
v000001f813e1b4c0_790 .array/port v000001f813e1b4c0, 790;
v000001f813e1b4c0_791 .array/port v000001f813e1b4c0, 791;
v000001f813e1b4c0_792 .array/port v000001f813e1b4c0, 792;
v000001f813e1b4c0_793 .array/port v000001f813e1b4c0, 793;
E_000001f813d61e80/199 .event anyedge, v000001f813e1b4c0_790, v000001f813e1b4c0_791, v000001f813e1b4c0_792, v000001f813e1b4c0_793;
v000001f813e1b4c0_794 .array/port v000001f813e1b4c0, 794;
v000001f813e1b4c0_795 .array/port v000001f813e1b4c0, 795;
v000001f813e1b4c0_796 .array/port v000001f813e1b4c0, 796;
v000001f813e1b4c0_797 .array/port v000001f813e1b4c0, 797;
E_000001f813d61e80/200 .event anyedge, v000001f813e1b4c0_794, v000001f813e1b4c0_795, v000001f813e1b4c0_796, v000001f813e1b4c0_797;
v000001f813e1b4c0_798 .array/port v000001f813e1b4c0, 798;
v000001f813e1b4c0_799 .array/port v000001f813e1b4c0, 799;
v000001f813e1b4c0_800 .array/port v000001f813e1b4c0, 800;
v000001f813e1b4c0_801 .array/port v000001f813e1b4c0, 801;
E_000001f813d61e80/201 .event anyedge, v000001f813e1b4c0_798, v000001f813e1b4c0_799, v000001f813e1b4c0_800, v000001f813e1b4c0_801;
v000001f813e1b4c0_802 .array/port v000001f813e1b4c0, 802;
v000001f813e1b4c0_803 .array/port v000001f813e1b4c0, 803;
v000001f813e1b4c0_804 .array/port v000001f813e1b4c0, 804;
v000001f813e1b4c0_805 .array/port v000001f813e1b4c0, 805;
E_000001f813d61e80/202 .event anyedge, v000001f813e1b4c0_802, v000001f813e1b4c0_803, v000001f813e1b4c0_804, v000001f813e1b4c0_805;
v000001f813e1b4c0_806 .array/port v000001f813e1b4c0, 806;
v000001f813e1b4c0_807 .array/port v000001f813e1b4c0, 807;
v000001f813e1b4c0_808 .array/port v000001f813e1b4c0, 808;
v000001f813e1b4c0_809 .array/port v000001f813e1b4c0, 809;
E_000001f813d61e80/203 .event anyedge, v000001f813e1b4c0_806, v000001f813e1b4c0_807, v000001f813e1b4c0_808, v000001f813e1b4c0_809;
v000001f813e1b4c0_810 .array/port v000001f813e1b4c0, 810;
v000001f813e1b4c0_811 .array/port v000001f813e1b4c0, 811;
v000001f813e1b4c0_812 .array/port v000001f813e1b4c0, 812;
v000001f813e1b4c0_813 .array/port v000001f813e1b4c0, 813;
E_000001f813d61e80/204 .event anyedge, v000001f813e1b4c0_810, v000001f813e1b4c0_811, v000001f813e1b4c0_812, v000001f813e1b4c0_813;
v000001f813e1b4c0_814 .array/port v000001f813e1b4c0, 814;
v000001f813e1b4c0_815 .array/port v000001f813e1b4c0, 815;
v000001f813e1b4c0_816 .array/port v000001f813e1b4c0, 816;
v000001f813e1b4c0_817 .array/port v000001f813e1b4c0, 817;
E_000001f813d61e80/205 .event anyedge, v000001f813e1b4c0_814, v000001f813e1b4c0_815, v000001f813e1b4c0_816, v000001f813e1b4c0_817;
v000001f813e1b4c0_818 .array/port v000001f813e1b4c0, 818;
v000001f813e1b4c0_819 .array/port v000001f813e1b4c0, 819;
v000001f813e1b4c0_820 .array/port v000001f813e1b4c0, 820;
v000001f813e1b4c0_821 .array/port v000001f813e1b4c0, 821;
E_000001f813d61e80/206 .event anyedge, v000001f813e1b4c0_818, v000001f813e1b4c0_819, v000001f813e1b4c0_820, v000001f813e1b4c0_821;
v000001f813e1b4c0_822 .array/port v000001f813e1b4c0, 822;
v000001f813e1b4c0_823 .array/port v000001f813e1b4c0, 823;
v000001f813e1b4c0_824 .array/port v000001f813e1b4c0, 824;
v000001f813e1b4c0_825 .array/port v000001f813e1b4c0, 825;
E_000001f813d61e80/207 .event anyedge, v000001f813e1b4c0_822, v000001f813e1b4c0_823, v000001f813e1b4c0_824, v000001f813e1b4c0_825;
v000001f813e1b4c0_826 .array/port v000001f813e1b4c0, 826;
v000001f813e1b4c0_827 .array/port v000001f813e1b4c0, 827;
v000001f813e1b4c0_828 .array/port v000001f813e1b4c0, 828;
v000001f813e1b4c0_829 .array/port v000001f813e1b4c0, 829;
E_000001f813d61e80/208 .event anyedge, v000001f813e1b4c0_826, v000001f813e1b4c0_827, v000001f813e1b4c0_828, v000001f813e1b4c0_829;
v000001f813e1b4c0_830 .array/port v000001f813e1b4c0, 830;
v000001f813e1b4c0_831 .array/port v000001f813e1b4c0, 831;
v000001f813e1b4c0_832 .array/port v000001f813e1b4c0, 832;
v000001f813e1b4c0_833 .array/port v000001f813e1b4c0, 833;
E_000001f813d61e80/209 .event anyedge, v000001f813e1b4c0_830, v000001f813e1b4c0_831, v000001f813e1b4c0_832, v000001f813e1b4c0_833;
v000001f813e1b4c0_834 .array/port v000001f813e1b4c0, 834;
v000001f813e1b4c0_835 .array/port v000001f813e1b4c0, 835;
v000001f813e1b4c0_836 .array/port v000001f813e1b4c0, 836;
v000001f813e1b4c0_837 .array/port v000001f813e1b4c0, 837;
E_000001f813d61e80/210 .event anyedge, v000001f813e1b4c0_834, v000001f813e1b4c0_835, v000001f813e1b4c0_836, v000001f813e1b4c0_837;
v000001f813e1b4c0_838 .array/port v000001f813e1b4c0, 838;
v000001f813e1b4c0_839 .array/port v000001f813e1b4c0, 839;
v000001f813e1b4c0_840 .array/port v000001f813e1b4c0, 840;
v000001f813e1b4c0_841 .array/port v000001f813e1b4c0, 841;
E_000001f813d61e80/211 .event anyedge, v000001f813e1b4c0_838, v000001f813e1b4c0_839, v000001f813e1b4c0_840, v000001f813e1b4c0_841;
v000001f813e1b4c0_842 .array/port v000001f813e1b4c0, 842;
v000001f813e1b4c0_843 .array/port v000001f813e1b4c0, 843;
v000001f813e1b4c0_844 .array/port v000001f813e1b4c0, 844;
v000001f813e1b4c0_845 .array/port v000001f813e1b4c0, 845;
E_000001f813d61e80/212 .event anyedge, v000001f813e1b4c0_842, v000001f813e1b4c0_843, v000001f813e1b4c0_844, v000001f813e1b4c0_845;
v000001f813e1b4c0_846 .array/port v000001f813e1b4c0, 846;
v000001f813e1b4c0_847 .array/port v000001f813e1b4c0, 847;
v000001f813e1b4c0_848 .array/port v000001f813e1b4c0, 848;
v000001f813e1b4c0_849 .array/port v000001f813e1b4c0, 849;
E_000001f813d61e80/213 .event anyedge, v000001f813e1b4c0_846, v000001f813e1b4c0_847, v000001f813e1b4c0_848, v000001f813e1b4c0_849;
v000001f813e1b4c0_850 .array/port v000001f813e1b4c0, 850;
v000001f813e1b4c0_851 .array/port v000001f813e1b4c0, 851;
v000001f813e1b4c0_852 .array/port v000001f813e1b4c0, 852;
v000001f813e1b4c0_853 .array/port v000001f813e1b4c0, 853;
E_000001f813d61e80/214 .event anyedge, v000001f813e1b4c0_850, v000001f813e1b4c0_851, v000001f813e1b4c0_852, v000001f813e1b4c0_853;
v000001f813e1b4c0_854 .array/port v000001f813e1b4c0, 854;
v000001f813e1b4c0_855 .array/port v000001f813e1b4c0, 855;
v000001f813e1b4c0_856 .array/port v000001f813e1b4c0, 856;
v000001f813e1b4c0_857 .array/port v000001f813e1b4c0, 857;
E_000001f813d61e80/215 .event anyedge, v000001f813e1b4c0_854, v000001f813e1b4c0_855, v000001f813e1b4c0_856, v000001f813e1b4c0_857;
v000001f813e1b4c0_858 .array/port v000001f813e1b4c0, 858;
v000001f813e1b4c0_859 .array/port v000001f813e1b4c0, 859;
v000001f813e1b4c0_860 .array/port v000001f813e1b4c0, 860;
v000001f813e1b4c0_861 .array/port v000001f813e1b4c0, 861;
E_000001f813d61e80/216 .event anyedge, v000001f813e1b4c0_858, v000001f813e1b4c0_859, v000001f813e1b4c0_860, v000001f813e1b4c0_861;
v000001f813e1b4c0_862 .array/port v000001f813e1b4c0, 862;
v000001f813e1b4c0_863 .array/port v000001f813e1b4c0, 863;
v000001f813e1b4c0_864 .array/port v000001f813e1b4c0, 864;
v000001f813e1b4c0_865 .array/port v000001f813e1b4c0, 865;
E_000001f813d61e80/217 .event anyedge, v000001f813e1b4c0_862, v000001f813e1b4c0_863, v000001f813e1b4c0_864, v000001f813e1b4c0_865;
v000001f813e1b4c0_866 .array/port v000001f813e1b4c0, 866;
v000001f813e1b4c0_867 .array/port v000001f813e1b4c0, 867;
v000001f813e1b4c0_868 .array/port v000001f813e1b4c0, 868;
v000001f813e1b4c0_869 .array/port v000001f813e1b4c0, 869;
E_000001f813d61e80/218 .event anyedge, v000001f813e1b4c0_866, v000001f813e1b4c0_867, v000001f813e1b4c0_868, v000001f813e1b4c0_869;
v000001f813e1b4c0_870 .array/port v000001f813e1b4c0, 870;
v000001f813e1b4c0_871 .array/port v000001f813e1b4c0, 871;
v000001f813e1b4c0_872 .array/port v000001f813e1b4c0, 872;
v000001f813e1b4c0_873 .array/port v000001f813e1b4c0, 873;
E_000001f813d61e80/219 .event anyedge, v000001f813e1b4c0_870, v000001f813e1b4c0_871, v000001f813e1b4c0_872, v000001f813e1b4c0_873;
v000001f813e1b4c0_874 .array/port v000001f813e1b4c0, 874;
v000001f813e1b4c0_875 .array/port v000001f813e1b4c0, 875;
v000001f813e1b4c0_876 .array/port v000001f813e1b4c0, 876;
v000001f813e1b4c0_877 .array/port v000001f813e1b4c0, 877;
E_000001f813d61e80/220 .event anyedge, v000001f813e1b4c0_874, v000001f813e1b4c0_875, v000001f813e1b4c0_876, v000001f813e1b4c0_877;
v000001f813e1b4c0_878 .array/port v000001f813e1b4c0, 878;
v000001f813e1b4c0_879 .array/port v000001f813e1b4c0, 879;
v000001f813e1b4c0_880 .array/port v000001f813e1b4c0, 880;
v000001f813e1b4c0_881 .array/port v000001f813e1b4c0, 881;
E_000001f813d61e80/221 .event anyedge, v000001f813e1b4c0_878, v000001f813e1b4c0_879, v000001f813e1b4c0_880, v000001f813e1b4c0_881;
v000001f813e1b4c0_882 .array/port v000001f813e1b4c0, 882;
v000001f813e1b4c0_883 .array/port v000001f813e1b4c0, 883;
v000001f813e1b4c0_884 .array/port v000001f813e1b4c0, 884;
v000001f813e1b4c0_885 .array/port v000001f813e1b4c0, 885;
E_000001f813d61e80/222 .event anyedge, v000001f813e1b4c0_882, v000001f813e1b4c0_883, v000001f813e1b4c0_884, v000001f813e1b4c0_885;
v000001f813e1b4c0_886 .array/port v000001f813e1b4c0, 886;
v000001f813e1b4c0_887 .array/port v000001f813e1b4c0, 887;
v000001f813e1b4c0_888 .array/port v000001f813e1b4c0, 888;
v000001f813e1b4c0_889 .array/port v000001f813e1b4c0, 889;
E_000001f813d61e80/223 .event anyedge, v000001f813e1b4c0_886, v000001f813e1b4c0_887, v000001f813e1b4c0_888, v000001f813e1b4c0_889;
v000001f813e1b4c0_890 .array/port v000001f813e1b4c0, 890;
v000001f813e1b4c0_891 .array/port v000001f813e1b4c0, 891;
v000001f813e1b4c0_892 .array/port v000001f813e1b4c0, 892;
v000001f813e1b4c0_893 .array/port v000001f813e1b4c0, 893;
E_000001f813d61e80/224 .event anyedge, v000001f813e1b4c0_890, v000001f813e1b4c0_891, v000001f813e1b4c0_892, v000001f813e1b4c0_893;
v000001f813e1b4c0_894 .array/port v000001f813e1b4c0, 894;
v000001f813e1b4c0_895 .array/port v000001f813e1b4c0, 895;
v000001f813e1b4c0_896 .array/port v000001f813e1b4c0, 896;
v000001f813e1b4c0_897 .array/port v000001f813e1b4c0, 897;
E_000001f813d61e80/225 .event anyedge, v000001f813e1b4c0_894, v000001f813e1b4c0_895, v000001f813e1b4c0_896, v000001f813e1b4c0_897;
v000001f813e1b4c0_898 .array/port v000001f813e1b4c0, 898;
v000001f813e1b4c0_899 .array/port v000001f813e1b4c0, 899;
v000001f813e1b4c0_900 .array/port v000001f813e1b4c0, 900;
v000001f813e1b4c0_901 .array/port v000001f813e1b4c0, 901;
E_000001f813d61e80/226 .event anyedge, v000001f813e1b4c0_898, v000001f813e1b4c0_899, v000001f813e1b4c0_900, v000001f813e1b4c0_901;
v000001f813e1b4c0_902 .array/port v000001f813e1b4c0, 902;
v000001f813e1b4c0_903 .array/port v000001f813e1b4c0, 903;
v000001f813e1b4c0_904 .array/port v000001f813e1b4c0, 904;
v000001f813e1b4c0_905 .array/port v000001f813e1b4c0, 905;
E_000001f813d61e80/227 .event anyedge, v000001f813e1b4c0_902, v000001f813e1b4c0_903, v000001f813e1b4c0_904, v000001f813e1b4c0_905;
v000001f813e1b4c0_906 .array/port v000001f813e1b4c0, 906;
v000001f813e1b4c0_907 .array/port v000001f813e1b4c0, 907;
v000001f813e1b4c0_908 .array/port v000001f813e1b4c0, 908;
v000001f813e1b4c0_909 .array/port v000001f813e1b4c0, 909;
E_000001f813d61e80/228 .event anyedge, v000001f813e1b4c0_906, v000001f813e1b4c0_907, v000001f813e1b4c0_908, v000001f813e1b4c0_909;
v000001f813e1b4c0_910 .array/port v000001f813e1b4c0, 910;
v000001f813e1b4c0_911 .array/port v000001f813e1b4c0, 911;
v000001f813e1b4c0_912 .array/port v000001f813e1b4c0, 912;
v000001f813e1b4c0_913 .array/port v000001f813e1b4c0, 913;
E_000001f813d61e80/229 .event anyedge, v000001f813e1b4c0_910, v000001f813e1b4c0_911, v000001f813e1b4c0_912, v000001f813e1b4c0_913;
v000001f813e1b4c0_914 .array/port v000001f813e1b4c0, 914;
v000001f813e1b4c0_915 .array/port v000001f813e1b4c0, 915;
v000001f813e1b4c0_916 .array/port v000001f813e1b4c0, 916;
v000001f813e1b4c0_917 .array/port v000001f813e1b4c0, 917;
E_000001f813d61e80/230 .event anyedge, v000001f813e1b4c0_914, v000001f813e1b4c0_915, v000001f813e1b4c0_916, v000001f813e1b4c0_917;
v000001f813e1b4c0_918 .array/port v000001f813e1b4c0, 918;
v000001f813e1b4c0_919 .array/port v000001f813e1b4c0, 919;
v000001f813e1b4c0_920 .array/port v000001f813e1b4c0, 920;
v000001f813e1b4c0_921 .array/port v000001f813e1b4c0, 921;
E_000001f813d61e80/231 .event anyedge, v000001f813e1b4c0_918, v000001f813e1b4c0_919, v000001f813e1b4c0_920, v000001f813e1b4c0_921;
v000001f813e1b4c0_922 .array/port v000001f813e1b4c0, 922;
v000001f813e1b4c0_923 .array/port v000001f813e1b4c0, 923;
v000001f813e1b4c0_924 .array/port v000001f813e1b4c0, 924;
v000001f813e1b4c0_925 .array/port v000001f813e1b4c0, 925;
E_000001f813d61e80/232 .event anyedge, v000001f813e1b4c0_922, v000001f813e1b4c0_923, v000001f813e1b4c0_924, v000001f813e1b4c0_925;
v000001f813e1b4c0_926 .array/port v000001f813e1b4c0, 926;
v000001f813e1b4c0_927 .array/port v000001f813e1b4c0, 927;
v000001f813e1b4c0_928 .array/port v000001f813e1b4c0, 928;
v000001f813e1b4c0_929 .array/port v000001f813e1b4c0, 929;
E_000001f813d61e80/233 .event anyedge, v000001f813e1b4c0_926, v000001f813e1b4c0_927, v000001f813e1b4c0_928, v000001f813e1b4c0_929;
v000001f813e1b4c0_930 .array/port v000001f813e1b4c0, 930;
v000001f813e1b4c0_931 .array/port v000001f813e1b4c0, 931;
v000001f813e1b4c0_932 .array/port v000001f813e1b4c0, 932;
v000001f813e1b4c0_933 .array/port v000001f813e1b4c0, 933;
E_000001f813d61e80/234 .event anyedge, v000001f813e1b4c0_930, v000001f813e1b4c0_931, v000001f813e1b4c0_932, v000001f813e1b4c0_933;
v000001f813e1b4c0_934 .array/port v000001f813e1b4c0, 934;
v000001f813e1b4c0_935 .array/port v000001f813e1b4c0, 935;
v000001f813e1b4c0_936 .array/port v000001f813e1b4c0, 936;
v000001f813e1b4c0_937 .array/port v000001f813e1b4c0, 937;
E_000001f813d61e80/235 .event anyedge, v000001f813e1b4c0_934, v000001f813e1b4c0_935, v000001f813e1b4c0_936, v000001f813e1b4c0_937;
v000001f813e1b4c0_938 .array/port v000001f813e1b4c0, 938;
v000001f813e1b4c0_939 .array/port v000001f813e1b4c0, 939;
v000001f813e1b4c0_940 .array/port v000001f813e1b4c0, 940;
v000001f813e1b4c0_941 .array/port v000001f813e1b4c0, 941;
E_000001f813d61e80/236 .event anyedge, v000001f813e1b4c0_938, v000001f813e1b4c0_939, v000001f813e1b4c0_940, v000001f813e1b4c0_941;
v000001f813e1b4c0_942 .array/port v000001f813e1b4c0, 942;
v000001f813e1b4c0_943 .array/port v000001f813e1b4c0, 943;
v000001f813e1b4c0_944 .array/port v000001f813e1b4c0, 944;
v000001f813e1b4c0_945 .array/port v000001f813e1b4c0, 945;
E_000001f813d61e80/237 .event anyedge, v000001f813e1b4c0_942, v000001f813e1b4c0_943, v000001f813e1b4c0_944, v000001f813e1b4c0_945;
v000001f813e1b4c0_946 .array/port v000001f813e1b4c0, 946;
v000001f813e1b4c0_947 .array/port v000001f813e1b4c0, 947;
v000001f813e1b4c0_948 .array/port v000001f813e1b4c0, 948;
v000001f813e1b4c0_949 .array/port v000001f813e1b4c0, 949;
E_000001f813d61e80/238 .event anyedge, v000001f813e1b4c0_946, v000001f813e1b4c0_947, v000001f813e1b4c0_948, v000001f813e1b4c0_949;
v000001f813e1b4c0_950 .array/port v000001f813e1b4c0, 950;
v000001f813e1b4c0_951 .array/port v000001f813e1b4c0, 951;
v000001f813e1b4c0_952 .array/port v000001f813e1b4c0, 952;
v000001f813e1b4c0_953 .array/port v000001f813e1b4c0, 953;
E_000001f813d61e80/239 .event anyedge, v000001f813e1b4c0_950, v000001f813e1b4c0_951, v000001f813e1b4c0_952, v000001f813e1b4c0_953;
v000001f813e1b4c0_954 .array/port v000001f813e1b4c0, 954;
v000001f813e1b4c0_955 .array/port v000001f813e1b4c0, 955;
v000001f813e1b4c0_956 .array/port v000001f813e1b4c0, 956;
v000001f813e1b4c0_957 .array/port v000001f813e1b4c0, 957;
E_000001f813d61e80/240 .event anyedge, v000001f813e1b4c0_954, v000001f813e1b4c0_955, v000001f813e1b4c0_956, v000001f813e1b4c0_957;
v000001f813e1b4c0_958 .array/port v000001f813e1b4c0, 958;
v000001f813e1b4c0_959 .array/port v000001f813e1b4c0, 959;
v000001f813e1b4c0_960 .array/port v000001f813e1b4c0, 960;
v000001f813e1b4c0_961 .array/port v000001f813e1b4c0, 961;
E_000001f813d61e80/241 .event anyedge, v000001f813e1b4c0_958, v000001f813e1b4c0_959, v000001f813e1b4c0_960, v000001f813e1b4c0_961;
v000001f813e1b4c0_962 .array/port v000001f813e1b4c0, 962;
v000001f813e1b4c0_963 .array/port v000001f813e1b4c0, 963;
v000001f813e1b4c0_964 .array/port v000001f813e1b4c0, 964;
v000001f813e1b4c0_965 .array/port v000001f813e1b4c0, 965;
E_000001f813d61e80/242 .event anyedge, v000001f813e1b4c0_962, v000001f813e1b4c0_963, v000001f813e1b4c0_964, v000001f813e1b4c0_965;
v000001f813e1b4c0_966 .array/port v000001f813e1b4c0, 966;
v000001f813e1b4c0_967 .array/port v000001f813e1b4c0, 967;
v000001f813e1b4c0_968 .array/port v000001f813e1b4c0, 968;
v000001f813e1b4c0_969 .array/port v000001f813e1b4c0, 969;
E_000001f813d61e80/243 .event anyedge, v000001f813e1b4c0_966, v000001f813e1b4c0_967, v000001f813e1b4c0_968, v000001f813e1b4c0_969;
v000001f813e1b4c0_970 .array/port v000001f813e1b4c0, 970;
v000001f813e1b4c0_971 .array/port v000001f813e1b4c0, 971;
v000001f813e1b4c0_972 .array/port v000001f813e1b4c0, 972;
v000001f813e1b4c0_973 .array/port v000001f813e1b4c0, 973;
E_000001f813d61e80/244 .event anyedge, v000001f813e1b4c0_970, v000001f813e1b4c0_971, v000001f813e1b4c0_972, v000001f813e1b4c0_973;
v000001f813e1b4c0_974 .array/port v000001f813e1b4c0, 974;
v000001f813e1b4c0_975 .array/port v000001f813e1b4c0, 975;
v000001f813e1b4c0_976 .array/port v000001f813e1b4c0, 976;
v000001f813e1b4c0_977 .array/port v000001f813e1b4c0, 977;
E_000001f813d61e80/245 .event anyedge, v000001f813e1b4c0_974, v000001f813e1b4c0_975, v000001f813e1b4c0_976, v000001f813e1b4c0_977;
v000001f813e1b4c0_978 .array/port v000001f813e1b4c0, 978;
v000001f813e1b4c0_979 .array/port v000001f813e1b4c0, 979;
v000001f813e1b4c0_980 .array/port v000001f813e1b4c0, 980;
v000001f813e1b4c0_981 .array/port v000001f813e1b4c0, 981;
E_000001f813d61e80/246 .event anyedge, v000001f813e1b4c0_978, v000001f813e1b4c0_979, v000001f813e1b4c0_980, v000001f813e1b4c0_981;
v000001f813e1b4c0_982 .array/port v000001f813e1b4c0, 982;
v000001f813e1b4c0_983 .array/port v000001f813e1b4c0, 983;
v000001f813e1b4c0_984 .array/port v000001f813e1b4c0, 984;
v000001f813e1b4c0_985 .array/port v000001f813e1b4c0, 985;
E_000001f813d61e80/247 .event anyedge, v000001f813e1b4c0_982, v000001f813e1b4c0_983, v000001f813e1b4c0_984, v000001f813e1b4c0_985;
v000001f813e1b4c0_986 .array/port v000001f813e1b4c0, 986;
v000001f813e1b4c0_987 .array/port v000001f813e1b4c0, 987;
v000001f813e1b4c0_988 .array/port v000001f813e1b4c0, 988;
v000001f813e1b4c0_989 .array/port v000001f813e1b4c0, 989;
E_000001f813d61e80/248 .event anyedge, v000001f813e1b4c0_986, v000001f813e1b4c0_987, v000001f813e1b4c0_988, v000001f813e1b4c0_989;
v000001f813e1b4c0_990 .array/port v000001f813e1b4c0, 990;
v000001f813e1b4c0_991 .array/port v000001f813e1b4c0, 991;
v000001f813e1b4c0_992 .array/port v000001f813e1b4c0, 992;
v000001f813e1b4c0_993 .array/port v000001f813e1b4c0, 993;
E_000001f813d61e80/249 .event anyedge, v000001f813e1b4c0_990, v000001f813e1b4c0_991, v000001f813e1b4c0_992, v000001f813e1b4c0_993;
v000001f813e1b4c0_994 .array/port v000001f813e1b4c0, 994;
v000001f813e1b4c0_995 .array/port v000001f813e1b4c0, 995;
v000001f813e1b4c0_996 .array/port v000001f813e1b4c0, 996;
v000001f813e1b4c0_997 .array/port v000001f813e1b4c0, 997;
E_000001f813d61e80/250 .event anyedge, v000001f813e1b4c0_994, v000001f813e1b4c0_995, v000001f813e1b4c0_996, v000001f813e1b4c0_997;
v000001f813e1b4c0_998 .array/port v000001f813e1b4c0, 998;
v000001f813e1b4c0_999 .array/port v000001f813e1b4c0, 999;
v000001f813e1b4c0_1000 .array/port v000001f813e1b4c0, 1000;
v000001f813e1b4c0_1001 .array/port v000001f813e1b4c0, 1001;
E_000001f813d61e80/251 .event anyedge, v000001f813e1b4c0_998, v000001f813e1b4c0_999, v000001f813e1b4c0_1000, v000001f813e1b4c0_1001;
v000001f813e1b4c0_1002 .array/port v000001f813e1b4c0, 1002;
v000001f813e1b4c0_1003 .array/port v000001f813e1b4c0, 1003;
v000001f813e1b4c0_1004 .array/port v000001f813e1b4c0, 1004;
v000001f813e1b4c0_1005 .array/port v000001f813e1b4c0, 1005;
E_000001f813d61e80/252 .event anyedge, v000001f813e1b4c0_1002, v000001f813e1b4c0_1003, v000001f813e1b4c0_1004, v000001f813e1b4c0_1005;
v000001f813e1b4c0_1006 .array/port v000001f813e1b4c0, 1006;
v000001f813e1b4c0_1007 .array/port v000001f813e1b4c0, 1007;
v000001f813e1b4c0_1008 .array/port v000001f813e1b4c0, 1008;
v000001f813e1b4c0_1009 .array/port v000001f813e1b4c0, 1009;
E_000001f813d61e80/253 .event anyedge, v000001f813e1b4c0_1006, v000001f813e1b4c0_1007, v000001f813e1b4c0_1008, v000001f813e1b4c0_1009;
v000001f813e1b4c0_1010 .array/port v000001f813e1b4c0, 1010;
v000001f813e1b4c0_1011 .array/port v000001f813e1b4c0, 1011;
v000001f813e1b4c0_1012 .array/port v000001f813e1b4c0, 1012;
v000001f813e1b4c0_1013 .array/port v000001f813e1b4c0, 1013;
E_000001f813d61e80/254 .event anyedge, v000001f813e1b4c0_1010, v000001f813e1b4c0_1011, v000001f813e1b4c0_1012, v000001f813e1b4c0_1013;
v000001f813e1b4c0_1014 .array/port v000001f813e1b4c0, 1014;
v000001f813e1b4c0_1015 .array/port v000001f813e1b4c0, 1015;
v000001f813e1b4c0_1016 .array/port v000001f813e1b4c0, 1016;
v000001f813e1b4c0_1017 .array/port v000001f813e1b4c0, 1017;
E_000001f813d61e80/255 .event anyedge, v000001f813e1b4c0_1014, v000001f813e1b4c0_1015, v000001f813e1b4c0_1016, v000001f813e1b4c0_1017;
v000001f813e1b4c0_1018 .array/port v000001f813e1b4c0, 1018;
v000001f813e1b4c0_1019 .array/port v000001f813e1b4c0, 1019;
v000001f813e1b4c0_1020 .array/port v000001f813e1b4c0, 1020;
v000001f813e1b4c0_1021 .array/port v000001f813e1b4c0, 1021;
E_000001f813d61e80/256 .event anyedge, v000001f813e1b4c0_1018, v000001f813e1b4c0_1019, v000001f813e1b4c0_1020, v000001f813e1b4c0_1021;
v000001f813e1b4c0_1022 .array/port v000001f813e1b4c0, 1022;
v000001f813e1b4c0_1023 .array/port v000001f813e1b4c0, 1023;
E_000001f813d61e80/257 .event anyedge, v000001f813e1b4c0_1022, v000001f813e1b4c0_1023, v000001f813e1c5a0_0;
E_000001f813d61e80 .event/or E_000001f813d61e80/0, E_000001f813d61e80/1, E_000001f813d61e80/2, E_000001f813d61e80/3, E_000001f813d61e80/4, E_000001f813d61e80/5, E_000001f813d61e80/6, E_000001f813d61e80/7, E_000001f813d61e80/8, E_000001f813d61e80/9, E_000001f813d61e80/10, E_000001f813d61e80/11, E_000001f813d61e80/12, E_000001f813d61e80/13, E_000001f813d61e80/14, E_000001f813d61e80/15, E_000001f813d61e80/16, E_000001f813d61e80/17, E_000001f813d61e80/18, E_000001f813d61e80/19, E_000001f813d61e80/20, E_000001f813d61e80/21, E_000001f813d61e80/22, E_000001f813d61e80/23, E_000001f813d61e80/24, E_000001f813d61e80/25, E_000001f813d61e80/26, E_000001f813d61e80/27, E_000001f813d61e80/28, E_000001f813d61e80/29, E_000001f813d61e80/30, E_000001f813d61e80/31, E_000001f813d61e80/32, E_000001f813d61e80/33, E_000001f813d61e80/34, E_000001f813d61e80/35, E_000001f813d61e80/36, E_000001f813d61e80/37, E_000001f813d61e80/38, E_000001f813d61e80/39, E_000001f813d61e80/40, E_000001f813d61e80/41, E_000001f813d61e80/42, E_000001f813d61e80/43, E_000001f813d61e80/44, E_000001f813d61e80/45, E_000001f813d61e80/46, E_000001f813d61e80/47, E_000001f813d61e80/48, E_000001f813d61e80/49, E_000001f813d61e80/50, E_000001f813d61e80/51, E_000001f813d61e80/52, E_000001f813d61e80/53, E_000001f813d61e80/54, E_000001f813d61e80/55, E_000001f813d61e80/56, E_000001f813d61e80/57, E_000001f813d61e80/58, E_000001f813d61e80/59, E_000001f813d61e80/60, E_000001f813d61e80/61, E_000001f813d61e80/62, E_000001f813d61e80/63, E_000001f813d61e80/64, E_000001f813d61e80/65, E_000001f813d61e80/66, E_000001f813d61e80/67, E_000001f813d61e80/68, E_000001f813d61e80/69, E_000001f813d61e80/70, E_000001f813d61e80/71, E_000001f813d61e80/72, E_000001f813d61e80/73, E_000001f813d61e80/74, E_000001f813d61e80/75, E_000001f813d61e80/76, E_000001f813d61e80/77, E_000001f813d61e80/78, E_000001f813d61e80/79, E_000001f813d61e80/80, E_000001f813d61e80/81, E_000001f813d61e80/82, E_000001f813d61e80/83, E_000001f813d61e80/84, E_000001f813d61e80/85, E_000001f813d61e80/86, E_000001f813d61e80/87, E_000001f813d61e80/88, E_000001f813d61e80/89, E_000001f813d61e80/90, E_000001f813d61e80/91, E_000001f813d61e80/92, E_000001f813d61e80/93, E_000001f813d61e80/94, E_000001f813d61e80/95, E_000001f813d61e80/96, E_000001f813d61e80/97, E_000001f813d61e80/98, E_000001f813d61e80/99, E_000001f813d61e80/100, E_000001f813d61e80/101, E_000001f813d61e80/102, E_000001f813d61e80/103, E_000001f813d61e80/104, E_000001f813d61e80/105, E_000001f813d61e80/106, E_000001f813d61e80/107, E_000001f813d61e80/108, E_000001f813d61e80/109, E_000001f813d61e80/110, E_000001f813d61e80/111, E_000001f813d61e80/112, E_000001f813d61e80/113, E_000001f813d61e80/114, E_000001f813d61e80/115, E_000001f813d61e80/116, E_000001f813d61e80/117, E_000001f813d61e80/118, E_000001f813d61e80/119, E_000001f813d61e80/120, E_000001f813d61e80/121, E_000001f813d61e80/122, E_000001f813d61e80/123, E_000001f813d61e80/124, E_000001f813d61e80/125, E_000001f813d61e80/126, E_000001f813d61e80/127, E_000001f813d61e80/128, E_000001f813d61e80/129, E_000001f813d61e80/130, E_000001f813d61e80/131, E_000001f813d61e80/132, E_000001f813d61e80/133, E_000001f813d61e80/134, E_000001f813d61e80/135, E_000001f813d61e80/136, E_000001f813d61e80/137, E_000001f813d61e80/138, E_000001f813d61e80/139, E_000001f813d61e80/140, E_000001f813d61e80/141, E_000001f813d61e80/142, E_000001f813d61e80/143, E_000001f813d61e80/144, E_000001f813d61e80/145, E_000001f813d61e80/146, E_000001f813d61e80/147, E_000001f813d61e80/148, E_000001f813d61e80/149, E_000001f813d61e80/150, E_000001f813d61e80/151, E_000001f813d61e80/152, E_000001f813d61e80/153, E_000001f813d61e80/154, E_000001f813d61e80/155, E_000001f813d61e80/156, E_000001f813d61e80/157, E_000001f813d61e80/158, E_000001f813d61e80/159, E_000001f813d61e80/160, E_000001f813d61e80/161, E_000001f813d61e80/162, E_000001f813d61e80/163, E_000001f813d61e80/164, E_000001f813d61e80/165, E_000001f813d61e80/166, E_000001f813d61e80/167, E_000001f813d61e80/168, E_000001f813d61e80/169, E_000001f813d61e80/170, E_000001f813d61e80/171, E_000001f813d61e80/172, E_000001f813d61e80/173, E_000001f813d61e80/174, E_000001f813d61e80/175, E_000001f813d61e80/176, E_000001f813d61e80/177, E_000001f813d61e80/178, E_000001f813d61e80/179, E_000001f813d61e80/180, E_000001f813d61e80/181, E_000001f813d61e80/182, E_000001f813d61e80/183, E_000001f813d61e80/184, E_000001f813d61e80/185, E_000001f813d61e80/186, E_000001f813d61e80/187, E_000001f813d61e80/188, E_000001f813d61e80/189, E_000001f813d61e80/190, E_000001f813d61e80/191, E_000001f813d61e80/192, E_000001f813d61e80/193, E_000001f813d61e80/194, E_000001f813d61e80/195, E_000001f813d61e80/196, E_000001f813d61e80/197, E_000001f813d61e80/198, E_000001f813d61e80/199, E_000001f813d61e80/200, E_000001f813d61e80/201, E_000001f813d61e80/202, E_000001f813d61e80/203, E_000001f813d61e80/204, E_000001f813d61e80/205, E_000001f813d61e80/206, E_000001f813d61e80/207, E_000001f813d61e80/208, E_000001f813d61e80/209, E_000001f813d61e80/210, E_000001f813d61e80/211, E_000001f813d61e80/212, E_000001f813d61e80/213, E_000001f813d61e80/214, E_000001f813d61e80/215, E_000001f813d61e80/216, E_000001f813d61e80/217, E_000001f813d61e80/218, E_000001f813d61e80/219, E_000001f813d61e80/220, E_000001f813d61e80/221, E_000001f813d61e80/222, E_000001f813d61e80/223, E_000001f813d61e80/224, E_000001f813d61e80/225, E_000001f813d61e80/226, E_000001f813d61e80/227, E_000001f813d61e80/228, E_000001f813d61e80/229, E_000001f813d61e80/230, E_000001f813d61e80/231, E_000001f813d61e80/232, E_000001f813d61e80/233, E_000001f813d61e80/234, E_000001f813d61e80/235, E_000001f813d61e80/236, E_000001f813d61e80/237, E_000001f813d61e80/238, E_000001f813d61e80/239, E_000001f813d61e80/240, E_000001f813d61e80/241, E_000001f813d61e80/242, E_000001f813d61e80/243, E_000001f813d61e80/244, E_000001f813d61e80/245, E_000001f813d61e80/246, E_000001f813d61e80/247, E_000001f813d61e80/248, E_000001f813d61e80/249, E_000001f813d61e80/250, E_000001f813d61e80/251, E_000001f813d61e80/252, E_000001f813d61e80/253, E_000001f813d61e80/254, E_000001f813d61e80/255, E_000001f813d61e80/256, E_000001f813d61e80/257;
L_000001f813e4c5a0 .reduce/nor v000001f813e1c460_0;
L_000001f813e4e760 .arith/sum 11, L_000001f813e50748, v000001f813e1b7e0_0;
L_000001f813e4e800 .arith/sum 11, L_000001f813e50790, v000001f813e1b7e0_0;
S_000001f81377c400 .scope module, "u_frame_parser" "frame_parser" 3 147, 8 4 0, S_000001f813d4ddb0;
 .timescale -9 -12;
    .port_info 0 /INPUT 1 "i_clk";
    .port_info 1 /INPUT 1 "i_rst";
    .port_info 2 /INPUT 1 "i_rx_dv";
    .port_info 3 /INPUT 8 "i_rx_byte";
    .port_info 4 /OUTPUT 1 "o_req_valid";
    .port_info 5 /INPUT 1 "i_req_ready";
    .port_info 6 /OUTPUT 16 "o_req_len";
    .port_info 7 /OUTPUT 8 "o_req_cmd";
    .port_info 8 /OUTPUT 40 "o_req_addr";
    .port_info 9 /OUTPUT 1 "o_req_data_wr_en";
    .port_info 10 /OUTPUT 10 "o_req_data_wr_addr";
    .port_info 11 /OUTPUT 8 "o_req_data_wr_byte";
    .port_info 12 /OUTPUT 1 "o_frame_drop_pulse";
P_000001f813b8ac90 .param/l "CMD_FULL_READ" 1 8 36, C4<00000100>;
P_000001f813b8acc8 .param/l "CMD_LITE_READ" 1 8 35, C4<00000010>;
P_000001f813b8ad00 .param/l "LP_MAX_FRAME_DATA_BYTES" 1 8 38, +C4<00000000000000000000010000000000>;
P_000001f813b8ad38 .param/l "MAX_FRAME_DATA_BYTES" 0 8 5, +C4<00000000000000000000010000000000>;
P_000001f813b8ad70 .param/l "ST_ADDR_0" 1 8 26, C4<0100>;
P_000001f813b8ada8 .param/l "ST_ADDR_1" 1 8 27, C4<0101>;
P_000001f813b8ade0 .param/l "ST_ADDR_2" 1 8 28, C4<0110>;
P_000001f813b8ae18 .param/l "ST_ADDR_3" 1 8 29, C4<0111>;
P_000001f813b8ae50 .param/l "ST_ADDR_4" 1 8 30, C4<1000>;
P_000001f813b8ae88 .param/l "ST_CHK" 1 8 32, C4<1010>;
P_000001f813b8aec0 .param/l "ST_CMD" 1 8 25, C4<0011>;
P_000001f813b8aef8 .param/l "ST_DATA" 1 8 31, C4<1001>;
P_000001f813b8af30 .param/l "ST_EOF" 1 8 33, C4<1011>;
P_000001f813b8af68 .param/l "ST_IDLE" 1 8 22, C4<0000>;
P_000001f813b8afa0 .param/l "ST_LEN_H" 1 8 23, C4<0001>;
P_000001f813b8afd8 .param/l "ST_LEN_L" 1 8 24, C4<0010>;
v000001f813e1bba0_0 .net "i_clk", 0 0, v000001f813e346a0_0;  alias, 1 drivers
v000001f813e1ca00_0 .net "i_req_ready", 0 0, v000001f813e07280_0;  alias, 1 drivers
v000001f813e1c000_0 .net "i_rst", 0 0, L_000001f813cc4ed0;  alias, 1 drivers
v000001f813e1b880_0 .net "i_rx_byte", 7 0, v000001f813e290d0_0;  alias, 1 drivers
v000001f813e1cc80_0 .net "i_rx_dv", 0 0, L_000001f813cc4ae0;  1 drivers
v000001f813e1bce0_0 .var "o_frame_drop_pulse", 0 0;
v000001f813e1bec0_0 .var "o_req_addr", 39 0;
v000001f813e1be20_0 .var "o_req_cmd", 7 0;
v000001f813e1cdc0_0 .var "o_req_data_wr_addr", 9 0;
v000001f813e1b420_0 .var "o_req_data_wr_byte", 7 0;
v000001f813e1b9c0_0 .var "o_req_data_wr_en", 0 0;
v000001f813e1cf00_0 .var "o_req_len", 15 0;
v000001f813e1b2e0_0 .var "o_req_valid", 0 0;
v000001f813e1b560_0 .var "r_addr_latched", 39 0;
v000001f813e1b600_0 .var "r_chk_accum", 7 0;
v000001f813e2aa70_0 .var "r_cmd_latched", 7 0;
v000001f813e2a9d0_0 .var "r_data_idx", 15 0;
v000001f813e29710_0 .var "r_len_latched", 15 0;
v000001f813e295d0_0 .var "r_payload_byte_count", 15 0;
v000001f813e2a1b0_0 .var "r_state", 3 0;
S_000001f813b8b020 .scope function.vec4.s16, "calc_payload_byte_count" "calc_payload_byte_count" 8 48, 8 48 0, S_000001f81377c400;
 .timescale -9 -12;
; Variable calc_payload_byte_count is vec4 return value of scope S_000001f813b8b020
v000001f813e1c960_0 .var "cmd_value", 7 0;
v000001f813e1b1a0_0 .var "len_value", 15 0;
TD_tb_uart_axi_bridge.dut.u_frame_parser.calc_payload_byte_count ;
    %load/vec4 v000001f813e1c960_0;
    %dup/vec4;
    %pushi/vec4 2, 0, 8;
    %cmp/u;
    %jmp/1 T_6.32, 6;
    %dup/vec4;
    %pushi/vec4 4, 0, 8;
    %cmp/u;
    %jmp/1 T_6.33, 6;
    %load/vec4 v000001f813e1b1a0_0;
    %ret/vec4 0, 0, 16;  Assign to calc_payload_byte_count (store_vec4_to_lval)
    %jmp T_6.35;
T_6.32 ;
    %pushi/vec4 0, 0, 16;
    %ret/vec4 0, 0, 16;  Assign to calc_payload_byte_count (store_vec4_to_lval)
    %jmp T_6.35;
T_6.33 ;
    %pushi/vec4 0, 0, 16;
    %ret/vec4 0, 0, 16;  Assign to calc_payload_byte_count (store_vec4_to_lval)
    %jmp T_6.35;
T_6.35 ;
    %pop/vec4 1;
    %end;
S_000001f813d90eb0 .scope module, "u_reset_sync" "reset_sync" 3 129, 9 4 0, S_000001f813d4ddb0;
 .timescale -9 -12;
    .port_info 0 /INPUT 1 "i_clk";
    .port_info 1 /INPUT 1 "i_rst_n";
    .port_info 2 /OUTPUT 1 "o_rst";
L_000001f813cc4ed0 .functor BUFZ 1, v000001f813e29fd0_0, C4<0>, C4<0>, C4<0>;
v000001f813e2a570_0 .net "i_clk", 0 0, v000001f813e346a0_0;  alias, 1 drivers
v000001f813e29a30_0 .net "i_rst_n", 0 0, v000001f813e33de0_0;  alias, 1 drivers
v000001f813e29f30_0 .net "o_rst", 0 0, L_000001f813cc4ed0;  alias, 1 drivers
v000001f813e2a2f0_0 .var "r_rst_ff0", 0 0;
v000001f813e29fd0_0 .var "r_rst_ff1", 0 0;
E_000001f813d68600/0 .event negedge, v000001f813e29a30_0;
E_000001f813d68600/1 .event posedge, v000001f813dffd10_0;
E_000001f813d68600 .event/or E_000001f813d68600/0, E_000001f813d68600/1;
S_000001f813d91040 .scope module, "u_uart_rx" "uart_rx" 3 137, 10 4 0, S_000001f813d4ddb0;
 .timescale -9 -12;
    .port_info 0 /INPUT 1 "i_clk";
    .port_info 1 /INPUT 1 "i_rst";
    .port_info 2 /INPUT 1 "i_rx_serial";
    .port_info 3 /OUTPUT 1 "o_rx_dv";
    .port_info 4 /OUTPUT 8 "o_rx_byte";
P_000001f81377c590 .param/l "CLKS_PER_BIT" 0 10 5, +C4<00000000000000000000000000001000>;
P_000001f81377c5c8 .param/l "ST_CLEANUP" 1 10 18, C4<100>;
P_000001f81377c600 .param/l "ST_DATA" 1 10 16, C4<010>;
P_000001f81377c638 .param/l "ST_IDLE" 1 10 14, C4<000>;
P_000001f81377c670 .param/l "ST_START" 1 10 15, C4<001>;
P_000001f81377c6a8 .param/l "ST_STOP" 1 10 17, C4<011>;
v000001f813e2aed0_0 .net "i_clk", 0 0, v000001f813e346a0_0;  alias, 1 drivers
v000001f813e2ad90_0 .net "i_rst", 0 0, L_000001f813cc4ed0;  alias, 1 drivers
v000001f813e29530_0 .net "i_rx_serial", 0 0, v000001f813e4fc00_0;  alias, 1 drivers
v000001f813e290d0_0 .var "o_rx_byte", 7 0;
v000001f813e29170_0 .var "o_rx_dv", 0 0;
v000001f813e2ae30_0 .var "r_bit_idx", 2 0;
v000001f813e29ad0_0 .var "r_clk_cnt", 15 0;
v000001f813e29b70_0 .var "r_rx_shift", 7 0;
v000001f813e2a250_0 .var "r_state", 2 0;
S_000001f813e2b0e0 .scope module, "u_uart_tx" "uart_tx" 3 236, 11 4 0, S_000001f813d4ddb0;
 .timescale -9 -12;
    .port_info 0 /INPUT 1 "i_clk";
    .port_info 1 /INPUT 1 "i_rst";
    .port_info 2 /INPUT 1 "i_tx_valid";
    .port_info 3 /INPUT 8 "i_tx_byte";
    .port_info 4 /OUTPUT 1 "o_tx_ready";
    .port_info 5 /OUTPUT 1 "o_tx_serial";
    .port_info 6 /OUTPUT 1 "o_tx_active";
P_000001f813b69400 .param/l "CLKS_PER_BIT" 0 11 5, +C4<00000000000000000000000000001000>;
P_000001f813b69438 .param/l "ST_CLEANUP" 1 11 20, C4<100>;
P_000001f813b69470 .param/l "ST_DATA" 1 11 18, C4<010>;
P_000001f813b694a8 .param/l "ST_IDLE" 1 11 16, C4<000>;
P_000001f813b694e0 .param/l "ST_START" 1 11 17, C4<001>;
P_000001f813b69518 .param/l "ST_STOP" 1 11 19, C4<011>;
L_000001f813e507d8 .functor BUFT 1, C4<000>, C4<0>, C4<0>, C4<0>;
v000001f813e29d50_0 .net/2u *"_ivl_0", 2 0, L_000001f813e507d8;  1 drivers
v000001f813e2acf0_0 .net "i_clk", 0 0, v000001f813e346a0_0;  alias, 1 drivers
v000001f813e29c10_0 .net "i_rst", 0 0, L_000001f813cc4ed0;  alias, 1 drivers
v000001f813e2a6b0_0 .net "i_tx_byte", 7 0, L_000001f813cc4920;  alias, 1 drivers
v000001f813e29490_0 .net "i_tx_valid", 0 0, L_000001f813cc5090;  alias, 1 drivers
v000001f813e29350_0 .var "o_tx_active", 0 0;
v000001f813e2ab10_0 .net "o_tx_ready", 0 0, L_000001f813e4e940;  alias, 1 drivers
v000001f813e2abb0_0 .var "o_tx_serial", 0 0;
v000001f813e2a070_0 .var "r_bit_idx", 2 0;
v000001f813e292b0_0 .var "r_clk_cnt", 15 0;
v000001f813e2a610_0 .var "r_state", 2 0;
v000001f813e2a110_0 .var "r_tx_shift", 7 0;
L_000001f813e4e940 .cmp/eq 3, v000001f813e2a610_0, L_000001f813e507d8;
S_000001f813e2bef0 .scope task, "expect_no_response" "expect_no_response" 2 534, 2 534 0, S_000001f813787e90;
 .timescale -9 -12;
v000001f813e2fa10_0 .var "case_name", 255 0;
TD_tb_uart_axi_bridge.expect_no_response ;
    %pushi/vec4 62500, 0, 32;
    %store/vec4 v000001f813e33ca0_0, 0, 32;
    %fork TD_tb_uart_axi_bridge.wait_clocks, S_000001f813e39d10;
    %join;
    %load/vec4 v000001f813e33020_0;
    %cmpi/ne 0, 0, 32;
    %jmp/0xz  T_7.36, 4;
    %vpi_call 2 540 "$display", "[FAIL] %0s: expected no response, got %0d bytes", v000001f813e2fa10_0, v000001f813e33020_0 {0 0 0};
    %load/vec4 v000001f813e330c0_0;
    %addi 1, 0, 32;
    %store/vec4 v000001f813e330c0_0, 0, 32;
    %jmp T_7.37;
T_7.36 ;
    %vpi_call 2 544 "$display", "[PASS] %0s", v000001f813e2fa10_0 {0 0 0};
T_7.37 ;
    %end;
S_000001f813e2b270 .scope task, "fill_stress_1024_data" "fill_stress_1024_data" 2 352, 2 352 0, S_000001f813787e90;
 .timescale -9 -12;
v000001f813e30870_0 .var/i "iter_idx", 31 0;
v000001f813e2fe70_0 .var/i "j", 31 0;
v000001f813e2fbf0_0 .var "r_iter_byte", 7 0;
TD_tb_uart_axi_bridge.fill_stress_1024_data ;
    %load/vec4 v000001f813e30870_0;
    %parti/s 8, 0, 2;
    %store/vec4 v000001f813e2fbf0_0, 0, 8;
    %pushi/vec4 0, 0, 32;
    %store/vec4 v000001f813e2fe70_0, 0, 32;
T_8.38 ;
    %load/vec4 v000001f813e2fe70_0;
    %cmpi/s 256, 0, 32;
    %jmp/0xz T_8.39, 5;
    %load/vec4 v000001f813e2fbf0_0;
    %load/vec4 v000001f813e2fe70_0;
    %parti/s 8, 0, 2;
    %add;
    %load/vec4 v000001f813e2fe70_0;
    %muli 4, 0, 32;
    %ix/vec4/s 4;
    %store/vec4a v000001f813e34740, 4, 0;
    %pushi/vec4 49, 0, 8;
    %load/vec4 v000001f813e2fbf0_0;
    %add;
    %load/vec4 v000001f813e2fe70_0;
    %parti/s 8, 0, 2;
    %xor;
    %load/vec4 v000001f813e2fe70_0;
    %muli 4, 0, 32;
    %addi 1, 0, 32;
    %ix/vec4/s 4;
    %store/vec4a v000001f813e34740, 4, 0;
    %pushi/vec4 135, 0, 8;
    %load/vec4 v000001f813e2fbf0_0;
    %sub;
    %load/vec4 v000001f813e2fe70_0;
    %parti/s 8, 0, 2;
    %add;
    %load/vec4 v000001f813e2fe70_0;
    %muli 4, 0, 32;
    %addi 2, 0, 32;
    %ix/vec4/s 4;
    %store/vec4a v000001f813e34740, 4, 0;
    %pushi/vec4 195, 0, 8;
    %load/vec4 v000001f813e2fbf0_0;
    %xor;
    %load/vec4 v000001f813e2fe70_0;
    %parti/s 8, 0, 2;
    %sub;
    %load/vec4 v000001f813e2fe70_0;
    %muli 4, 0, 32;
    %addi 3, 0, 32;
    %ix/vec4/s 4;
    %store/vec4a v000001f813e34740, 4, 0;
    %load/vec4 v000001f813e2fe70_0;
    %addi 1, 0, 32;
    %store/vec4 v000001f813e2fe70_0, 0, 32;
    %jmp T_8.38;
T_8.39 ;
    %end;
S_000001f813e2bbd0 .scope task, "run_full_1024_stress" "run_full_1024_stress" 2 619, 2 619 0, S_000001f813787e90;
 .timescale -9 -12;
v000001f813e2ebb0_0 .var/i "base_word_i", 31 0;
v000001f813e2fd30_0 .var/i "frame_drop_base", 31 0;
v000001f813e2e110_0 .var/i "iter_idx", 31 0;
v000001f813e2f1f0_0 .var "req_addr_i", 39 0;
TD_tb_uart_axi_bridge.run_full_1024_stress ;
    %fork TD_tb_uart_axi_bridge.clear_model_memories, S_000001f813cfca30;
    %join;
    %load/vec4 v000001f813e323a0_0;
    %store/vec4 v000001f813e2fd30_0, 0, 32;
    %pushi/vec4 0, 0, 32;
    %store/vec4 v000001f813e2e110_0, 0, 32;
T_9.40 ;
    %load/vec4 v000001f813e2e110_0;
    %cmpi/s 8, 0, 32;
    %jmp/0xz T_9.41, 5;
    %load/vec4 v000001f813e2e110_0;
    %pushi/vec4 4, 0, 32;
    %mod/s;
    %muli 256, 0, 32;
    %store/vec4 v000001f813e2ebb0_0, 0, 32;
    %load/vec4 v000001f813e2ebb0_0;
    %pad/s 40;
    %muli 4, 0, 40;
    %store/vec4 v000001f813e2f1f0_0, 0, 40;
    %vpi_call 2 632 "$display", "[INFO] full_1024_stress: iter=%0d addr=0x%010h write", v000001f813e2e110_0, v000001f813e2f1f0_0 {0 0 0};
    %load/vec4 v000001f813e32800_0;
    %addi 1, 0, 32;
    %store/vec4 v000001f813e32800_0, 0, 32;
    %fork TD_tb_uart_axi_bridge.clear_rx_buffer, S_000001f813d07970;
    %join;
    %fork TD_tb_uart_axi_bridge.clear_data_buf, S_000001f813d4edf0;
    %join;
    %fork TD_tb_uart_axi_bridge.set_default_slave_ctrl, S_000001f813e2b590;
    %join;
    %load/vec4 v000001f813e2e110_0;
    %pushi/vec4 3, 0, 32;
    %mod/s;
    %pad/s 8;
    %store/vec4 v000001f813e33b60_0, 0, 8;
    %load/vec4 v000001f813e2e110_0;
    %addi 1, 0, 32;
    %pushi/vec4 4, 0, 32;
    %mod/s;
    %pad/s 8;
    %store/vec4 v000001f813e34240_0, 0, 8;
    %load/vec4 v000001f813e2e110_0;
    %addi 2, 0, 32;
    %pushi/vec4 5, 0, 32;
    %mod/s;
    %pad/s 8;
    %store/vec4 v000001f813e32760_0, 0, 8;
    %load/vec4 v000001f813e2e110_0;
    %store/vec4 v000001f813e30870_0, 0, 32;
    %fork TD_tb_uart_axi_bridge.fill_stress_1024_data, S_000001f813e2b270;
    %join;
    %pushi/vec4 1024, 0, 16;
    %store/vec4 v000001f813d061c0_0, 0, 16;
    %pushi/vec4 3, 0, 8;
    %store/vec4 v000001f813d06120_0, 0, 8;
    %load/vec4 v000001f813e2f1f0_0;
    %store/vec4 v000001f813d06940_0, 0, 40;
    %fork TD_tb_uart_axi_bridge.build_request, S_000001f8137cebf0;
    %join;
    %pushi/vec4 0, 0, 16;
    %store/vec4 v000001f813d06440_0, 0, 16;
    %pushi/vec4 3, 0, 8;
    %store/vec4 v000001f813d05f40_0, 0, 8;
    %load/vec4 v000001f813e2f1f0_0;
    %store/vec4 v000001f813d06080_0, 0, 40;
    %pushi/vec4 0, 0, 8;
    %store/vec4 v000001f813d04dc0_0, 0, 8;
    %fork TD_tb_uart_axi_bridge.build_expected_response, S_000001f813bbd630;
    %join;
    %fork TD_tb_uart_axi_bridge.send_tx_buffer, S_000001f813e2b400;
    %join;
    %load/vec4 v000001f813e32120_0;
    %store/vec4 v000001f813e33ac0_0, 0, 32;
    %pushi/vec4 0, 0, 32; draw_string_vec4
    %pushi/vec4 0, 0, 32; draw_string_vec4
    %concat/vec4; draw_string_vec4
    %pushi/vec4 26229, 0, 32; draw_string_vec4
    %concat/vec4; draw_string_vec4
    %pushi/vec4 1819041655, 0, 32; draw_string_vec4
    %concat/vec4; draw_string_vec4
    %pushi/vec4 1919513701, 0, 32; draw_string_vec4
    %concat/vec4; draw_string_vec4
    %pushi/vec4 1597059122, 0, 32; draw_string_vec4
    %concat/vec4; draw_string_vec4
    %pushi/vec4 878670708, 0, 32; draw_string_vec4
    %concat/vec4; draw_string_vec4
    %pushi/vec4 1919251315, 0, 32; draw_string_vec4
    %concat/vec4; draw_string_vec4
    %store/vec4 v000001f813e33340_0, 0, 256;
    %fork TD_tb_uart_axi_bridge.wait_for_rx_bytes, S_000001f813e38d70;
    %join;
    %pushi/vec4 0, 0, 32; draw_string_vec4
    %pushi/vec4 0, 0, 32; draw_string_vec4
    %concat/vec4; draw_string_vec4
    %pushi/vec4 26229, 0, 32; draw_string_vec4
    %concat/vec4; draw_string_vec4
    %pushi/vec4 1819041655, 0, 32; draw_string_vec4
    %concat/vec4; draw_string_vec4
    %pushi/vec4 1919513701, 0, 32; draw_string_vec4
    %concat/vec4; draw_string_vec4
    %pushi/vec4 1597059122, 0, 32; draw_string_vec4
    %concat/vec4; draw_string_vec4
    %pushi/vec4 878670708, 0, 32; draw_string_vec4
    %concat/vec4; draw_string_vec4
    %pushi/vec4 1919251315, 0, 32; draw_string_vec4
    %concat/vec4; draw_string_vec4
    %store/vec4 v000001f813d06580_0, 0, 256;
    %fork TD_tb_uart_axi_bridge.compare_expected, S_000001f813d22090;
    %join;
    %load/vec4 v000001f813e2ebb0_0;
    %store/vec4 v000001f813e344c0_0, 0, 32;
    %pushi/vec4 256, 0, 32;
    %store/vec4 v000001f813e32bc0_0, 0, 32;
    %pushi/vec4 0, 0, 32; draw_string_vec4
    %pushi/vec4 0, 0, 32; draw_string_vec4
    %concat/vec4; draw_string_vec4
    %pushi/vec4 26229, 0, 32; draw_string_vec4
    %concat/vec4; draw_string_vec4
    %pushi/vec4 1819041655, 0, 32; draw_string_vec4
    %concat/vec4; draw_string_vec4
    %pushi/vec4 1919513701, 0, 32; draw_string_vec4
    %concat/vec4; draw_string_vec4
    %pushi/vec4 1597059122, 0, 32; draw_string_vec4
    %concat/vec4; draw_string_vec4
    %pushi/vec4 878670708, 0, 32; draw_string_vec4
    %concat/vec4; draw_string_vec4
    %pushi/vec4 1919251315, 0, 32; draw_string_vec4
    %concat/vec4; draw_string_vec4
    %store/vec4 v000001f813e34600_0, 0, 256;
    %load/vec4 v000001f813e2e110_0;
    %store/vec4 v000001f813e32580_0, 0, 32;
    %fork TD_tb_uart_axi_bridge.verify_axi_full_words_from_data_buf, S_000001f813e39ea0;
    %join;
    %vpi_call 2 648 "$display", "[INFO] full_1024_stress: iter=%0d addr=0x%010h read", v000001f813e2e110_0, v000001f813e2f1f0_0 {0 0 0};
    %load/vec4 v000001f813e32800_0;
    %addi 1, 0, 32;
    %store/vec4 v000001f813e32800_0, 0, 32;
    %fork TD_tb_uart_axi_bridge.clear_rx_buffer, S_000001f813d07970;
    %join;
    %fork TD_tb_uart_axi_bridge.set_default_slave_ctrl, S_000001f813e2b590;
    %join;
    %load/vec4 v000001f813e2e110_0;
    %addi 1, 0, 32;
    %pushi/vec4 4, 0, 32;
    %mod/s;
    %pad/s 8;
    %store/vec4 v000001f813e326c0_0, 0, 8;
    %load/vec4 v000001f813e2e110_0;
    %addi 2, 0, 32;
    %pushi/vec4 5, 0, 32;
    %mod/s;
    %pad/s 8;
    %store/vec4 v000001f813e33700_0, 0, 8;
    %pushi/vec4 1024, 0, 16;
    %store/vec4 v000001f813d061c0_0, 0, 16;
    %pushi/vec4 4, 0, 8;
    %store/vec4 v000001f813d06120_0, 0, 8;
    %load/vec4 v000001f813e2f1f0_0;
    %store/vec4 v000001f813d06940_0, 0, 40;
    %fork TD_tb_uart_axi_bridge.build_request, S_000001f8137cebf0;
    %join;
    %pushi/vec4 1024, 0, 16;
    %store/vec4 v000001f813d06440_0, 0, 16;
    %pushi/vec4 4, 0, 8;
    %store/vec4 v000001f813d05f40_0, 0, 8;
    %load/vec4 v000001f813e2f1f0_0;
    %store/vec4 v000001f813d06080_0, 0, 40;
    %pushi/vec4 0, 0, 8;
    %store/vec4 v000001f813d04dc0_0, 0, 8;
    %fork TD_tb_uart_axi_bridge.build_expected_response, S_000001f813bbd630;
    %join;
    %fork TD_tb_uart_axi_bridge.send_tx_buffer, S_000001f813e2b400;
    %join;
    %load/vec4 v000001f813e32120_0;
    %store/vec4 v000001f813e33ac0_0, 0, 32;
    %pushi/vec4 0, 0, 32; draw_string_vec4
    %pushi/vec4 0, 0, 32; draw_string_vec4
    %concat/vec4; draw_string_vec4
    %pushi/vec4 102, 0, 32; draw_string_vec4
    %concat/vec4; draw_string_vec4
    %pushi/vec4 1970039903, 0, 32; draw_string_vec4
    %concat/vec4; draw_string_vec4
    %pushi/vec4 1919246692, 0, 32; draw_string_vec4
    %concat/vec4; draw_string_vec4
    %pushi/vec4 1597059122, 0, 32; draw_string_vec4
    %concat/vec4; draw_string_vec4
    %pushi/vec4 878670708, 0, 32; draw_string_vec4
    %concat/vec4; draw_string_vec4
    %pushi/vec4 1919251315, 0, 32; draw_string_vec4
    %concat/vec4; draw_string_vec4
    %store/vec4 v000001f813e33340_0, 0, 256;
    %fork TD_tb_uart_axi_bridge.wait_for_rx_bytes, S_000001f813e38d70;
    %join;
    %pushi/vec4 0, 0, 32; draw_string_vec4
    %pushi/vec4 0, 0, 32; draw_string_vec4
    %concat/vec4; draw_string_vec4
    %pushi/vec4 102, 0, 32; draw_string_vec4
    %concat/vec4; draw_string_vec4
    %pushi/vec4 1970039903, 0, 32; draw_string_vec4
    %concat/vec4; draw_string_vec4
    %pushi/vec4 1919246692, 0, 32; draw_string_vec4
    %concat/vec4; draw_string_vec4
    %pushi/vec4 1597059122, 0, 32; draw_string_vec4
    %concat/vec4; draw_string_vec4
    %pushi/vec4 878670708, 0, 32; draw_string_vec4
    %concat/vec4; draw_string_vec4
    %pushi/vec4 1919251315, 0, 32; draw_string_vec4
    %concat/vec4; draw_string_vec4
    %store/vec4 v000001f813d06580_0, 0, 256;
    %fork TD_tb_uart_axi_bridge.compare_expected, S_000001f813d22090;
    %join;
    %load/vec4 v000001f813e2e110_0;
    %addi 1, 0, 32;
    %store/vec4 v000001f813e2e110_0, 0, 32;
    %jmp T_9.40;
T_9.41 ;
    %load/vec4 v000001f813e32800_0;
    %addi 1, 0, 32;
    %store/vec4 v000001f813e32800_0, 0, 32;
    %load/vec4 v000001f813e323a0_0;
    %load/vec4 v000001f813e2fd30_0;
    %cmp/ne;
    %jmp/0xz  T_9.42, 4;
    %vpi_call 2 663 "$display", "[FAIL] full_1024_stress: unexpected frame_drop pulses, before=%0d after=%0d", v000001f813e2fd30_0, v000001f813e323a0_0 {0 0 0};
    %load/vec4 v000001f813e330c0_0;
    %addi 1, 0, 32;
    %store/vec4 v000001f813e330c0_0, 0, 32;
    %jmp T_9.43;
T_9.42 ;
    %vpi_call 2 668 "$display", "[PASS] full_1024_stress: no frame_drop pulse across 8x1024B write/read iterations" {0 0 0};
T_9.43 ;
    %end;
S_000001f813e2b400 .scope task, "send_tx_buffer" "send_tx_buffer" 2 326, 2 326 0, S_000001f813787e90;
 .timescale -9 -12;
v000001f813e2f8d0_0 .var/i "j", 31 0;
TD_tb_uart_axi_bridge.send_tx_buffer ;
    %pushi/vec4 0, 0, 32;
    %store/vec4 v000001f813e2f8d0_0, 0, 32;
T_10.44 ;
    %load/vec4 v000001f813e2f8d0_0;
    %load/vec4 v000001f813e33f20_0;
    %cmp/s;
    %jmp/0xz T_10.45, 5;
    %ix/getv/s 4, v000001f813e2f8d0_0;
    %load/vec4a v000001f813e342e0, 4;
    %store/vec4 v000001f813e328a0_0, 0, 8;
    %fork TD_tb_uart_axi_bridge.uart_send_byte, S_000001f813e393b0;
    %join;
    %load/vec4 v000001f813e2f8d0_0;
    %addi 1, 0, 32;
    %store/vec4 v000001f813e2f8d0_0, 0, 32;
    %jmp T_10.44;
T_10.45 ;
    %pushi/vec4 16, 0, 32;
    %store/vec4 v000001f813e33ca0_0, 0, 32;
    %fork TD_tb_uart_axi_bridge.wait_clocks, S_000001f813e39d10;
    %join;
    %end;
S_000001f813e2b590 .scope task, "set_default_slave_ctrl" "set_default_slave_ctrl" 2 549, 2 549 0, S_000001f813787e90;
 .timescale -9 -12;
TD_tb_uart_axi_bridge.set_default_slave_ctrl ;
    %pushi/vec4 0, 0, 8;
    %store/vec4 v000001f813e33980_0, 0, 8;
    %pushi/vec4 0, 0, 8;
    %store/vec4 v000001f813e32f80_0, 0, 8;
    %pushi/vec4 0, 0, 8;
    %store/vec4 v000001f813e33160_0, 0, 8;
    %pushi/vec4 0, 0, 8;
    %store/vec4 v000001f813e337a0_0, 0, 8;
    %pushi/vec4 0, 0, 8;
    %store/vec4 v000001f813e32b20_0, 0, 8;
    %pushi/vec4 0, 0, 1;
    %store/vec4 v000001f813e33d40_0, 0, 1;
    %pushi/vec4 0, 0, 1;
    %store/vec4 v000001f813e347e0_0, 0, 1;
    %pushi/vec4 0, 0, 1;
    %store/vec4 v000001f813e33c00_0, 0, 1;
    %pushi/vec4 0, 0, 1;
    %store/vec4 v000001f813e32a80_0, 0, 1;
    %pushi/vec4 0, 0, 1;
    %store/vec4 v000001f813e34880_0, 0, 1;
    %pushi/vec4 0, 0, 1;
    %store/vec4 v000001f813e32c60_0, 0, 1;
    %pushi/vec4 0, 0, 1;
    %store/vec4 v000001f813e32d00_0, 0, 1;
    %pushi/vec4 0, 0, 8;
    %store/vec4 v000001f813e33b60_0, 0, 8;
    %pushi/vec4 0, 0, 8;
    %store/vec4 v000001f813e34240_0, 0, 8;
    %pushi/vec4 0, 0, 8;
    %store/vec4 v000001f813e32760_0, 0, 8;
    %pushi/vec4 0, 0, 8;
    %store/vec4 v000001f813e326c0_0, 0, 8;
    %pushi/vec4 0, 0, 8;
    %store/vec4 v000001f813e33700_0, 0, 8;
    %pushi/vec4 0, 0, 1;
    %store/vec4 v000001f813e335c0_0, 0, 1;
    %pushi/vec4 0, 0, 1;
    %store/vec4 v000001f813e32e40_0, 0, 1;
    %pushi/vec4 0, 0, 1;
    %store/vec4 v000001f813e32da0_0, 0, 1;
    %pushi/vec4 0, 0, 1;
    %store/vec4 v000001f813e338e0_0, 0, 1;
    %pushi/vec4 0, 0, 1;
    %store/vec4 v000001f813e341a0_0, 0, 1;
    %pushi/vec4 0, 0, 1;
    %store/vec4 v000001f813e321c0_0, 0, 1;
    %pushi/vec4 0, 0, 1;
    %store/vec4 v000001f813e32ee0_0, 0, 1;
    %end;
S_000001f813e2bd60 .scope module, "u_axi_slave" "axi_full_slave_model" 2 228, 12 4 0, S_000001f813787e90;
 .timescale -9 -12;
    .port_info 0 /INPUT 1 "i_clk";
    .port_info 1 /INPUT 1 "i_rst";
    .port_info 2 /INPUT 8 "i_aw_wait_cycles";
    .port_info 3 /INPUT 8 "i_w_wait_cycles";
    .port_info 4 /INPUT 8 "i_b_wait_cycles";
    .port_info 5 /INPUT 8 "i_ar_wait_cycles";
    .port_info 6 /INPUT 8 "i_r_wait_cycles";
    .port_info 7 /INPUT 1 "i_block_aw";
    .port_info 8 /INPUT 1 "i_block_w";
    .port_info 9 /INPUT 1 "i_block_b";
    .port_info 10 /INPUT 1 "i_block_ar";
    .port_info 11 /INPUT 1 "i_block_r";
    .port_info 12 /INPUT 1 "i_force_bresp_err";
    .port_info 13 /INPUT 1 "i_force_rresp_err";
    .port_info 14 /INPUT 40 "i_s_axi_awaddr";
    .port_info 15 /INPUT 8 "i_s_axi_awlen";
    .port_info 16 /INPUT 3 "i_s_axi_awsize";
    .port_info 17 /INPUT 2 "i_s_axi_awburst";
    .port_info 18 /INPUT 1 "i_s_axi_awlock";
    .port_info 19 /INPUT 4 "i_s_axi_awcache";
    .port_info 20 /INPUT 3 "i_s_axi_awprot";
    .port_info 21 /INPUT 4 "i_s_axi_awqos";
    .port_info 22 /INPUT 1 "i_s_axi_awvalid";
    .port_info 23 /OUTPUT 1 "o_s_axi_awready";
    .port_info 24 /INPUT 32 "i_s_axi_wdata";
    .port_info 25 /INPUT 4 "i_s_axi_wstrb";
    .port_info 26 /INPUT 1 "i_s_axi_wlast";
    .port_info 27 /INPUT 1 "i_s_axi_wvalid";
    .port_info 28 /OUTPUT 1 "o_s_axi_wready";
    .port_info 29 /OUTPUT 2 "o_s_axi_bresp";
    .port_info 30 /OUTPUT 1 "o_s_axi_bvalid";
    .port_info 31 /INPUT 1 "i_s_axi_bready";
    .port_info 32 /INPUT 40 "i_s_axi_araddr";
    .port_info 33 /INPUT 8 "i_s_axi_arlen";
    .port_info 34 /INPUT 3 "i_s_axi_arsize";
    .port_info 35 /INPUT 2 "i_s_axi_arburst";
    .port_info 36 /INPUT 1 "i_s_axi_arlock";
    .port_info 37 /INPUT 4 "i_s_axi_arcache";
    .port_info 38 /INPUT 3 "i_s_axi_arprot";
    .port_info 39 /INPUT 4 "i_s_axi_arqos";
    .port_info 40 /INPUT 1 "i_s_axi_arvalid";
    .port_info 41 /OUTPUT 1 "o_s_axi_arready";
    .port_info 42 /OUTPUT 32 "o_s_axi_rdata";
    .port_info 43 /OUTPUT 2 "o_s_axi_rresp";
    .port_info 44 /OUTPUT 1 "o_s_axi_rlast";
    .port_info 45 /OUTPUT 1 "o_s_axi_rvalid";
    .port_info 46 /INPUT 1 "i_s_axi_rready";
P_000001f813d4df40 .param/l "AXI_ADDR_WIDTH" 0 12 5, +C4<00000000000000000000000000101000>;
P_000001f813d4df78 .param/l "LP_MEM_ADDR_WIDTH" 1 12 84, +C4<00000000000000000000000000001010>;
P_000001f813d4dfb0 .param/l "MEM_WORDS" 0 12 6, +C4<00000000000000000000010000000000>;
P_000001f813d4dfe8 .param/l "ST_IDLE" 1 12 57, C4<000>;
P_000001f813d4e020 .param/l "ST_RD_AR" 1 12 61, C4<100>;
P_000001f813d4e058 .param/l "ST_RD_R" 1 12 62, C4<101>;
P_000001f813d4e090 .param/l "ST_WR_AW" 1 12 58, C4<001>;
P_000001f813d4e0c8 .param/l "ST_WR_B" 1 12 60, C4<011>;
P_000001f813d4e100 .param/l "ST_WR_W" 1 12 59, C4<010>;
v000001f813e2e1b0_0 .net "i_ar_wait_cycles", 7 0, v000001f813e326c0_0;  1 drivers
v000001f813e2fdd0_0 .net "i_aw_wait_cycles", 7 0, v000001f813e33b60_0;  1 drivers
v000001f813e2e250_0 .net "i_b_wait_cycles", 7 0, v000001f813e32760_0;  1 drivers
v000001f813e2e390_0 .net "i_block_ar", 0 0, v000001f813e338e0_0;  1 drivers
v000001f813e2e430_0 .net "i_block_aw", 0 0, v000001f813e335c0_0;  1 drivers
v000001f813e2eb10_0 .net "i_block_b", 0 0, v000001f813e32da0_0;  1 drivers
v000001f813e2e4d0_0 .net "i_block_r", 0 0, v000001f813e341a0_0;  1 drivers
v000001f813e2e610_0 .net "i_block_w", 0 0, v000001f813e32e40_0;  1 drivers
v000001f813e2e6b0_0 .net "i_clk", 0 0, v000001f813e346a0_0;  alias, 1 drivers
v000001f813e2e7f0_0 .net "i_force_bresp_err", 0 0, v000001f813e321c0_0;  1 drivers
v000001f813e2ecf0_0 .net "i_force_rresp_err", 0 0, v000001f813e32ee0_0;  1 drivers
v000001f813e2ed90_0 .net "i_r_wait_cycles", 7 0, v000001f813e33700_0;  1 drivers
v000001f813e2eed0_0 .net "i_rst", 0 0, L_000001f813eaa8d0;  1 drivers
v000001f813e2f010_0 .net "i_s_axi_araddr", 39 0, v000001f813e00df0_0;  alias, 1 drivers
v000001f813e313b0_0 .net "i_s_axi_arburst", 1 0, v000001f813dffdb0_0;  alias, 1 drivers
v000001f813e31450_0 .net "i_s_axi_arcache", 3 0, v000001f813dffe50_0;  alias, 1 drivers
v000001f813e31c70_0 .net "i_s_axi_arlen", 7 0, v000001f813e01110_0;  alias, 1 drivers
v000001f813e314f0_0 .net "i_s_axi_arlock", 0 0, v000001f813e01890_0;  alias, 1 drivers
v000001f813e31d10_0 .net "i_s_axi_arprot", 2 0, v000001f813e008f0_0;  alias, 1 drivers
v000001f813e30a50_0 .net "i_s_axi_arqos", 3 0, v000001f813e014d0_0;  alias, 1 drivers
v000001f813e319f0_0 .net "i_s_axi_arsize", 2 0, v000001f813e00170_0;  alias, 1 drivers
v000001f813e31590_0 .net "i_s_axi_arvalid", 0 0, v000001f813e01570_0;  alias, 1 drivers
v000001f813e31e50_0 .net "i_s_axi_awaddr", 39 0, v000001f813e00530_0;  alias, 1 drivers
v000001f813e31bd0_0 .net "i_s_axi_awburst", 1 0, v000001f813e012f0_0;  alias, 1 drivers
v000001f813e31630_0 .net "i_s_axi_awcache", 3 0, v000001f813e017f0_0;  alias, 1 drivers
v000001f813e309b0_0 .net "i_s_axi_awlen", 7 0, v000001f813dffa90_0;  alias, 1 drivers
v000001f813e31770_0 .net "i_s_axi_awlock", 0 0, v000001f813dffb30_0;  alias, 1 drivers
v000001f813e30af0_0 .net "i_s_axi_awprot", 2 0, v000001f813e00e90_0;  alias, 1 drivers
v000001f813e31db0_0 .net "i_s_axi_awqos", 3 0, v000001f813dfff90_0;  alias, 1 drivers
v000001f813e31810_0 .net "i_s_axi_awsize", 2 0, v000001f813e00fd0_0;  alias, 1 drivers
v000001f813e31310_0 .net "i_s_axi_awvalid", 0 0, v000001f813e00210_0;  alias, 1 drivers
v000001f813e31ef0_0 .net "i_s_axi_bready", 0 0, v000001f813e01390_0;  alias, 1 drivers
v000001f813e30f50_0 .net "i_s_axi_rready", 0 0, L_000001f813cc4990;  alias, 1 drivers
v000001f813e31270_0 .net "i_s_axi_wdata", 31 0, L_000001f813cc4760;  alias, 1 drivers
v000001f813e311d0_0 .net "i_s_axi_wlast", 0 0, L_000001f813cc4450;  alias, 1 drivers
v000001f813e316d0_0 .net "i_s_axi_wstrb", 3 0, L_000001f813e50940;  alias, 1 drivers
v000001f813e318b0_0 .net "i_s_axi_wvalid", 0 0, L_000001f813cc58e0;  alias, 1 drivers
v000001f813e31130_0 .net "i_w_wait_cycles", 7 0, v000001f813e34240_0;  1 drivers
v000001f813e31a90_0 .var "o_s_axi_arready", 0 0;
v000001f813e30ff0_0 .var "o_s_axi_awready", 0 0;
v000001f813e31950_0 .var "o_s_axi_bresp", 1 0;
v000001f813e31b30_0 .var "o_s_axi_bvalid", 0 0;
v000001f813e31f90_0 .var "o_s_axi_rdata", 31 0;
v000001f813e30910_0 .var "o_s_axi_rlast", 0 0;
v000001f813e30e10_0 .var "o_s_axi_rresp", 1 0;
v000001f813e30b90_0 .var "o_s_axi_rvalid", 0 0;
v000001f813e30c30_0 .var "o_s_axi_wready", 0 0;
v000001f813e30cd0_0 .var "r_addr_latched", 39 0;
v000001f813e30d70_0 .var "r_beat_idx", 8 0;
v000001f813e30eb0_0 .var "r_beats_latched", 8 0;
v000001f813e31090_0 .var/i "r_idx", 31 0;
v000001f813e35780 .array "r_mem_word", 1023 0, 31 0;
v000001f813e35fa0_0 .var "r_state", 2 0;
v000001f813e35d20_0 .var "r_wait_cnt", 7 0;
S_000001f813e2ba40 .scope function.vec4.u32, "calc_mem_addr_width" "calc_mem_addr_width" 12 64, 12 64 0, S_000001f813e2bd60;
 .timescale -9 -12;
; Variable calc_mem_addr_width is vec4 return value of scope S_000001f813e2ba40
v000001f813e307d0_0 .var/i "tmp_value", 31 0;
v000001f813e2e750_0 .var/i "value", 31 0;
v000001f813e2fc90_0 .var/i "width", 31 0;
TD_tb_uart_axi_bridge.u_axi_slave.calc_mem_addr_width ;
    %pushi/vec4 0, 0, 32;
    %store/vec4 v000001f813e2fc90_0, 0, 32;
    %load/vec4 v000001f813e2e750_0;
    %subi 1, 0, 32;
    %store/vec4 v000001f813e307d0_0, 0, 32;
T_12.46 ;
    %load/vec4 v000001f813e307d0_0;
    %cmpi/s 0, 0, 32;
    %flag_or 5, 4; GT is !LE
    %flag_inv 5;
    %jmp/0xz T_12.47, 5;
    %load/vec4 v000001f813e307d0_0;
    %ix/load 4, 1, 0;
    %flag_set/imm 4, 0;
    %shiftr 4;
    %store/vec4 v000001f813e307d0_0, 0, 32;
    %load/vec4 v000001f813e2fc90_0;
    %addi 1, 0, 32;
    %store/vec4 v000001f813e2fc90_0, 0, 32;
    %jmp T_12.46;
T_12.47 ;
    %load/vec4 v000001f813e2fc90_0;
    %cmpi/s 1, 0, 32;
    %jmp/0xz  T_12.48, 5;
    %pushi/vec4 1, 0, 32;
    %ret/vec4 0, 0, 32;  Assign to calc_mem_addr_width (store_vec4_to_lval)
    %jmp T_12.49;
T_12.48 ;
    %load/vec4 v000001f813e2fc90_0;
    %ret/vec4 0, 0, 32;  Assign to calc_mem_addr_width (store_vec4_to_lval)
T_12.49 ;
    %end;
S_000001f813e2b720 .scope module, "u_axil_slave" "axi_lite_slave_model" 2 189, 13 4 0, S_000001f813787e90;
 .timescale -9 -12;
    .port_info 0 /INPUT 1 "i_clk";
    .port_info 1 /INPUT 1 "i_rst";
    .port_info 2 /INPUT 8 "i_aw_wait_cycles";
    .port_info 3 /INPUT 8 "i_w_wait_cycles";
    .port_info 4 /INPUT 8 "i_b_wait_cycles";
    .port_info 5 /INPUT 8 "i_ar_wait_cycles";
    .port_info 6 /INPUT 8 "i_r_wait_cycles";
    .port_info 7 /INPUT 1 "i_block_aw";
    .port_info 8 /INPUT 1 "i_block_w";
    .port_info 9 /INPUT 1 "i_block_b";
    .port_info 10 /INPUT 1 "i_block_ar";
    .port_info 11 /INPUT 1 "i_block_r";
    .port_info 12 /INPUT 1 "i_force_bresp_err";
    .port_info 13 /INPUT 1 "i_force_rresp_err";
    .port_info 14 /INPUT 40 "i_s_axil_awaddr";
    .port_info 15 /INPUT 3 "i_s_axil_awprot";
    .port_info 16 /INPUT 1 "i_s_axil_awvalid";
    .port_info 17 /OUTPUT 1 "o_s_axil_awready";
    .port_info 18 /INPUT 32 "i_s_axil_wdata";
    .port_info 19 /INPUT 4 "i_s_axil_wstrb";
    .port_info 20 /INPUT 1 "i_s_axil_wvalid";
    .port_info 21 /OUTPUT 1 "o_s_axil_wready";
    .port_info 22 /OUTPUT 2 "o_s_axil_bresp";
    .port_info 23 /OUTPUT 1 "o_s_axil_bvalid";
    .port_info 24 /INPUT 1 "i_s_axil_bready";
    .port_info 25 /INPUT 40 "i_s_axil_araddr";
    .port_info 26 /INPUT 3 "i_s_axil_arprot";
    .port_info 27 /INPUT 1 "i_s_axil_arvalid";
    .port_info 28 /OUTPUT 1 "o_s_axil_arready";
    .port_info 29 /OUTPUT 32 "o_s_axil_rdata";
    .port_info 30 /OUTPUT 2 "o_s_axil_rresp";
    .port_info 31 /OUTPUT 1 "o_s_axil_rvalid";
    .port_info 32 /INPUT 1 "i_s_axil_rready";
P_000001f813e360d0 .param/l "AXI_ADDR_WIDTH" 0 13 5, +C4<00000000000000000000000000101000>;
P_000001f813e36108 .param/l "MEM_WORDS" 0 13 6, +C4<00000000000000000000000100000000>;
P_000001f813e36140 .param/l "ST_IDLE" 1 13 43, C4<000>;
P_000001f813e36178 .param/l "ST_RD_AR" 1 13 47, C4<100>;
P_000001f813e361b0 .param/l "ST_RD_R" 1 13 48, C4<101>;
P_000001f813e361e8 .param/l "ST_WR_AW" 1 13 44, C4<001>;
P_000001f813e36220 .param/l "ST_WR_B" 1 13 46, C4<011>;
P_000001f813e36258 .param/l "ST_WR_W" 1 13 45, C4<010>;
v000001f813e356e0_0 .net "i_ar_wait_cycles", 7 0, v000001f813e337a0_0;  1 drivers
v000001f813e34a60_0 .net "i_aw_wait_cycles", 7 0, v000001f813e33980_0;  1 drivers
v000001f813e34b00_0 .net "i_b_wait_cycles", 7 0, v000001f813e33160_0;  1 drivers
v000001f813e35e60_0 .net "i_block_ar", 0 0, v000001f813e32a80_0;  1 drivers
v000001f813e35460_0 .net "i_block_aw", 0 0, v000001f813e33d40_0;  1 drivers
v000001f813e35280_0 .net "i_block_b", 0 0, v000001f813e33c00_0;  1 drivers
v000001f813e35a00_0 .net "i_block_r", 0 0, v000001f813e34880_0;  1 drivers
v000001f813e349c0_0 .net "i_block_w", 0 0, v000001f813e347e0_0;  1 drivers
v000001f813e35320_0 .net "i_clk", 0 0, v000001f813e346a0_0;  alias, 1 drivers
v000001f813e35500_0 .net "i_force_bresp_err", 0 0, v000001f813e32c60_0;  1 drivers
v000001f813e353c0_0 .net "i_force_rresp_err", 0 0, v000001f813e32d00_0;  1 drivers
v000001f813e35c80_0 .net "i_r_wait_cycles", 7 0, v000001f813e32b20_0;  1 drivers
v000001f813e35820_0 .net "i_rst", 0 0, L_000001f813ea8710;  1 drivers
v000001f813e34ba0_0 .net "i_s_axil_araddr", 39 0, v000001f813e02720_0;  alias, 1 drivers
v000001f813e35f00_0 .net "i_s_axil_arprot", 2 0, v000001f813e02400_0;  alias, 1 drivers
v000001f813e350a0_0 .net "i_s_axil_arvalid", 0 0, v000001f813e033a0_0;  alias, 1 drivers
v000001f813e35b40_0 .net "i_s_axil_awaddr", 39 0, v000001f813e027c0_0;  alias, 1 drivers
v000001f813e35640_0 .net "i_s_axil_awprot", 2 0, v000001f813e02180_0;  alias, 1 drivers
v000001f813e351e0_0 .net "i_s_axil_awvalid", 0 0, v000001f813e022c0_0;  alias, 1 drivers
v000001f813e35140_0 .net "i_s_axil_bready", 0 0, v000001f813e03580_0;  alias, 1 drivers
v000001f813e355a0_0 .net "i_s_axil_rready", 0 0, v000001f813e03620_0;  alias, 1 drivers
v000001f813e35aa0_0 .net "i_s_axil_wdata", 31 0, v000001f813e02860_0;  alias, 1 drivers
v000001f813e358c0_0 .net "i_s_axil_wstrb", 3 0, v000001f813e02f40_0;  alias, 1 drivers
v000001f813e35960_0 .net "i_s_axil_wvalid", 0 0, v000001f813e02fe0_0;  alias, 1 drivers
v000001f813e35be0_0 .net "i_w_wait_cycles", 7 0, v000001f813e32f80_0;  1 drivers
v000001f813e35dc0_0 .var "o_s_axil_arready", 0 0;
v000001f813e34c40_0 .var "o_s_axil_awready", 0 0;
v000001f813e34ce0_0 .var "o_s_axil_bresp", 1 0;
v000001f813e34920_0 .var "o_s_axil_bvalid", 0 0;
v000001f813e34d80_0 .var "o_s_axil_rdata", 31 0;
v000001f813e34e20_0 .var "o_s_axil_rresp", 1 0;
v000001f813e34ec0_0 .var "o_s_axil_rvalid", 0 0;
v000001f813e34f60_0 .var "o_s_axil_wready", 0 0;
v000001f813e35000_0 .var "r_addr_latched", 39 0;
v000001f813e33a20_0 .var/i "r_idx", 31 0;
v000001f813e34060 .array "r_mem_word", 255 0, 31 0;
v000001f813e34420_0 .var "r_state", 2 0;
v000001f813e34380_0 .var "r_wait_cnt", 7 0;
S_000001f813e2b8b0 .scope module, "u_host_uart_rx" "uart_rx" 2 178, 10 4 0, S_000001f813787e90;
 .timescale -9 -12;
    .port_info 0 /INPUT 1 "i_clk";
    .port_info 1 /INPUT 1 "i_rst";
    .port_info 2 /INPUT 1 "i_rx_serial";
    .port_info 3 /OUTPUT 1 "o_rx_dv";
    .port_info 4 /OUTPUT 8 "o_rx_byte";
P_000001f813732650 .param/l "CLKS_PER_BIT" 0 10 5, +C4<00000000000000000000000000001000>;
P_000001f813732688 .param/l "ST_CLEANUP" 1 10 18, C4<100>;
P_000001f8137326c0 .param/l "ST_DATA" 1 10 16, C4<010>;
P_000001f8137326f8 .param/l "ST_IDLE" 1 10 14, C4<000>;
P_000001f813732730 .param/l "ST_START" 1 10 15, C4<001>;
P_000001f813732768 .param/l "ST_STOP" 1 10 17, C4<011>;
v000001f813e33660_0 .net "i_clk", 0 0, v000001f813e346a0_0;  alias, 1 drivers
v000001f813e34100_0 .net "i_rst", 0 0, L_000001f813ea87b0;  1 drivers
v000001f813e33200_0 .net "i_rx_serial", 0 0, v000001f813e2abb0_0;  alias, 1 drivers
v000001f813e32440_0 .var "o_rx_byte", 7 0;
v000001f813e33840_0 .var "o_rx_dv", 0 0;
v000001f813e32300_0 .var "r_bit_idx", 2 0;
v000001f813e33fc0_0 .var "r_clk_cnt", 15 0;
v000001f813e34560_0 .var "r_rx_shift", 7 0;
v000001f813e32260_0 .var "r_state", 2 0;
S_000001f813e393b0 .scope task, "uart_send_byte" "uart_send_byte" 2 309, 2 309 0, S_000001f813787e90;
 .timescale -9 -12;
v000001f813e33480_0 .var/i "bit_idx", 31 0;
v000001f813e328a0_0 .var "data_byte", 7 0;
TD_tb_uart_axi_bridge.uart_send_byte ;
    %pushi/vec4 0, 0, 1;
    %store/vec4 v000001f813e4fc00_0, 0, 1;
    %pushi/vec4 8, 0, 32;
    %store/vec4 v000001f813e33ca0_0, 0, 32;
    %fork TD_tb_uart_axi_bridge.wait_clocks, S_000001f813e39d10;
    %join;
    %pushi/vec4 0, 0, 32;
    %store/vec4 v000001f813e33480_0, 0, 32;
T_13.50 ;
    %load/vec4 v000001f813e33480_0;
    %cmpi/s 8, 0, 32;
    %jmp/0xz T_13.51, 5;
    %load/vec4 v000001f813e328a0_0;
    %load/vec4 v000001f813e33480_0;
    %part/s 1;
    %store/vec4 v000001f813e4fc00_0, 0, 1;
    %pushi/vec4 8, 0, 32;
    %store/vec4 v000001f813e33ca0_0, 0, 32;
    %fork TD_tb_uart_axi_bridge.wait_clocks, S_000001f813e39d10;
    %join;
    %load/vec4 v000001f813e33480_0;
    %addi 1, 0, 32;
    %store/vec4 v000001f813e33480_0, 0, 32;
    %jmp T_13.50;
T_13.51 ;
    %pushi/vec4 1, 0, 1;
    %store/vec4 v000001f813e4fc00_0, 0, 1;
    %pushi/vec4 8, 0, 32;
    %store/vec4 v000001f813e33ca0_0, 0, 32;
    %fork TD_tb_uart_axi_bridge.wait_clocks, S_000001f813e39d10;
    %join;
    %end;
S_000001f813e39ea0 .scope task, "verify_axi_full_words_from_data_buf" "verify_axi_full_words_from_data_buf" 2 591, 2 591 0, S_000001f813787e90;
 .timescale -9 -12;
v000001f813e344c0_0 .var/i "base_word", 31 0;
v000001f813e34600_0 .var "case_name", 255 0;
v000001f813e32580_0 .var/i "iter_idx", 31 0;
v000001f813e332a0_0 .var/i "j", 31 0;
v000001f813e32620_0 .var "r_mismatch", 0 0;
v000001f813e32bc0_0 .var/i "word_count", 31 0;
TD_tb_uart_axi_bridge.verify_axi_full_words_from_data_buf ;
    %pushi/vec4 0, 0, 1;
    %store/vec4 v000001f813e32620_0, 0, 1;
    %pushi/vec4 0, 0, 32;
    %store/vec4 v000001f813e332a0_0, 0, 32;
T_14.52 ;
    %load/vec4 v000001f813e332a0_0;
    %load/vec4 v000001f813e32bc0_0;
    %cmp/s;
    %jmp/0xz T_14.53, 5;
    %load/vec4 v000001f813e344c0_0;
    %load/vec4 v000001f813e332a0_0;
    %add;
    %ix/vec4/s 4;
    %load/vec4a v000001f813e35780, 4;
    %load/vec4 v000001f813e332a0_0;
    %muli 4, 0, 32;
    %addi 3, 0, 32;
    %ix/vec4/s 4;
    %load/vec4a v000001f813e34740, 4;
    %load/vec4 v000001f813e332a0_0;
    %muli 4, 0, 32;
    %addi 2, 0, 32;
    %ix/vec4/s 4;
    %load/vec4a v000001f813e34740, 4;
    %concat/vec4; draw_concat_vec4
    %load/vec4 v000001f813e332a0_0;
    %muli 4, 0, 32;
    %addi 1, 0, 32;
    %ix/vec4/s 4;
    %load/vec4a v000001f813e34740, 4;
    %concat/vec4; draw_concat_vec4
    %load/vec4 v000001f813e332a0_0;
    %muli 4, 0, 32;
    %ix/vec4/s 4;
    %load/vec4a v000001f813e34740, 4;
    %concat/vec4; draw_concat_vec4
    %cmp/ne;
    %jmp/0xz  T_14.54, 6;
    %pushi/vec4 1, 0, 1;
    %store/vec4 v000001f813e32620_0, 0, 1;
T_14.54 ;
    %load/vec4 v000001f813e332a0_0;
    %addi 1, 0, 32;
    %store/vec4 v000001f813e332a0_0, 0, 32;
    %jmp T_14.52;
T_14.53 ;
    %load/vec4 v000001f813e32620_0;
    %flag_set/vec4 8;
    %jmp/0xz  T_14.56, 8;
    %vpi_call 2 608 "$display", "[FAIL] %0s: AXI memory content r_mismatch at iter=%0d base_word=0x%0h", v000001f813e34600_0, v000001f813e32580_0, v000001f813e344c0_0 {0 0 0};
    %load/vec4 v000001f813e330c0_0;
    %addi 1, 0, 32;
    %store/vec4 v000001f813e330c0_0, 0, 32;
    %jmp T_14.57;
T_14.56 ;
    %vpi_call 2 613 "$display", "[PASS] %0s: AXI memory content match at iter=%0d base_word=0x%0h", v000001f813e34600_0, v000001f813e32580_0, v000001f813e344c0_0 {0 0 0};
T_14.57 ;
    %end;
S_000001f813e39d10 .scope task, "wait_clocks" "wait_clocks" 2 299, 2 299 0, S_000001f813787e90;
 .timescale -9 -12;
v000001f813e33ca0_0 .var/i "cycles", 31 0;
v000001f813e333e0_0 .var/i "j", 31 0;
TD_tb_uart_axi_bridge.wait_clocks ;
    %pushi/vec4 0, 0, 32;
    %store/vec4 v000001f813e333e0_0, 0, 32;
T_15.58 ;
    %load/vec4 v000001f813e333e0_0;
    %load/vec4 v000001f813e33ca0_0;
    %cmp/s;
    %jmp/0xz T_15.59, 5;
    %wait E_000001f813d61700;
    %load/vec4 v000001f813e333e0_0;
    %addi 1, 0, 32;
    %store/vec4 v000001f813e333e0_0, 0, 32;
    %jmp T_15.58;
T_15.59 ;
    %end;
S_000001f813e38d70 .scope task, "wait_for_rx_bytes" "wait_for_rx_bytes" 2 478, 2 478 0, S_000001f813787e90;
 .timescale -9 -12;
v000001f813e33340_0 .var "case_name", 255 0;
v000001f813e324e0_0 .var/i "cycles", 31 0;
v000001f813e33ac0_0 .var/i "expected_count", 31 0;
TD_tb_uart_axi_bridge.wait_for_rx_bytes ;
    %pushi/vec4 0, 0, 32;
    %store/vec4 v000001f813e324e0_0, 0, 32;
T_16.60 ;
    %load/vec4 v000001f813e33020_0;
    %load/vec4 v000001f813e33ac0_0;
    %cmp/s;
    %flag_get/vec4 5;
    %jmp/0 T_16.62, 5;
    %load/vec4 v000001f813e324e0_0;
    %cmpi/s 250000, 0, 32;
    %flag_get/vec4 5;
    %and;
T_16.62;
    %flag_set/vec4 8;
    %jmp/0xz T_16.61, 8;
    %wait E_000001f813d61700;
    %load/vec4 v000001f813e324e0_0;
    %addi 1, 0, 32;
    %store/vec4 v000001f813e324e0_0, 0, 32;
    %jmp T_16.60;
T_16.61 ;
    %load/vec4 v000001f813e33020_0;
    %load/vec4 v000001f813e33ac0_0;
    %cmp/s;
    %jmp/0xz  T_16.63, 5;
    %vpi_call 2 491 "$display", "[FAIL] %0s: timeout waiting response, got %0d expected %0d", v000001f813e33340_0, v000001f813e33020_0, v000001f813e33ac0_0 {0 0 0};
    %load/vec4 v000001f813e330c0_0;
    %addi 1, 0, 32;
    %store/vec4 v000001f813e330c0_0, 0, 32;
T_16.63 ;
    %end;
    .scope S_000001f813d90eb0;
T_17 ;
    %wait E_000001f813d68600;
    %load/vec4 v000001f813e29a30_0;
    %nor/r;
    %flag_set/vec4 8;
    %jmp/0xz  T_17.0, 8;
    %pushi/vec4 1, 0, 1;
    %assign/vec4 v000001f813e2a2f0_0, 0;
    %pushi/vec4 1, 0, 1;
    %assign/vec4 v000001f813e29fd0_0, 0;
    %jmp T_17.1;
T_17.0 ;
    %pushi/vec4 0, 0, 1;
    %assign/vec4 v000001f813e2a2f0_0, 0;
    %load/vec4 v000001f813e2a2f0_0;
    %assign/vec4 v000001f813e29fd0_0, 0;
T_17.1 ;
    %jmp T_17;
    .thread T_17;
    .scope S_000001f813d91040;
T_18 ;
    %wait E_000001f813d61700;
    %load/vec4 v000001f813e2ad90_0;
    %flag_set/vec4 8;
    %jmp/0xz  T_18.0, 8;
    %pushi/vec4 0, 0, 3;
    %assign/vec4 v000001f813e2a250_0, 0;
    %pushi/vec4 0, 0, 16;
    %assign/vec4 v000001f813e29ad0_0, 0;
    %pushi/vec4 0, 0, 3;
    %assign/vec4 v000001f813e2ae30_0, 0;
    %pushi/vec4 0, 0, 8;
    %assign/vec4 v000001f813e29b70_0, 0;
    %pushi/vec4 0, 0, 1;
    %assign/vec4 v000001f813e29170_0, 0;
    %pushi/vec4 0, 0, 8;
    %assign/vec4 v000001f813e290d0_0, 0;
    %jmp T_18.1;
T_18.0 ;
    %pushi/vec4 0, 0, 1;
    %assign/vec4 v000001f813e29170_0, 0;
    %load/vec4 v000001f813e2a250_0;
    %dup/vec4;
    %pushi/vec4 0, 0, 3;
    %cmp/u;
    %jmp/1 T_18.2, 6;
    %dup/vec4;
    %pushi/vec4 1, 0, 3;
    %cmp/u;
    %jmp/1 T_18.3, 6;
    %dup/vec4;
    %pushi/vec4 2, 0, 3;
    %cmp/u;
    %jmp/1 T_18.4, 6;
    %dup/vec4;
    %pushi/vec4 3, 0, 3;
    %cmp/u;
    %jmp/1 T_18.5, 6;
    %dup/vec4;
    %pushi/vec4 4, 0, 3;
    %cmp/u;
    %jmp/1 T_18.6, 6;
    %pushi/vec4 0, 0, 3;
    %assign/vec4 v000001f813e2a250_0, 0;
    %jmp T_18.8;
T_18.2 ;
    %pushi/vec4 0, 0, 16;
    %assign/vec4 v000001f813e29ad0_0, 0;
    %pushi/vec4 0, 0, 3;
    %assign/vec4 v000001f813e2ae30_0, 0;
    %load/vec4 v000001f813e29530_0;
    %nor/r;
    %flag_set/vec4 8;
    %jmp/0xz  T_18.9, 8;
    %pushi/vec4 1, 0, 3;
    %assign/vec4 v000001f813e2a250_0, 0;
T_18.9 ;
    %jmp T_18.8;
T_18.3 ;
    %load/vec4 v000001f813e29ad0_0;
    %pad/u 32;
    %cmpi/e 3, 0, 32;
    %jmp/0xz  T_18.11, 4;
    %load/vec4 v000001f813e29530_0;
    %nor/r;
    %flag_set/vec4 8;
    %jmp/0xz  T_18.13, 8;
    %pushi/vec4 0, 0, 16;
    %assign/vec4 v000001f813e29ad0_0, 0;
    %pushi/vec4 2, 0, 3;
    %assign/vec4 v000001f813e2a250_0, 0;
    %jmp T_18.14;
T_18.13 ;
    %pushi/vec4 0, 0, 3;
    %assign/vec4 v000001f813e2a250_0, 0;
T_18.14 ;
    %jmp T_18.12;
T_18.11 ;
    %load/vec4 v000001f813e29ad0_0;
    %addi 1, 0, 16;
    %assign/vec4 v000001f813e29ad0_0, 0;
T_18.12 ;
    %jmp T_18.8;
T_18.4 ;
    %load/vec4 v000001f813e29ad0_0;
    %pad/u 32;
    %cmpi/e 7, 0, 32;
    %jmp/0xz  T_18.15, 4;
    %pushi/vec4 0, 0, 16;
    %assign/vec4 v000001f813e29ad0_0, 0;
    %load/vec4 v000001f813e29530_0;
    %ix/load 5, 0, 0;
    %ix/getv 4, v000001f813e2ae30_0;
    %assign/vec4/off/d v000001f813e29b70_0, 4, 5;
    %load/vec4 v000001f813e2ae30_0;
    %cmpi/e 7, 0, 3;
    %jmp/0xz  T_18.17, 4;
    %pushi/vec4 0, 0, 3;
    %assign/vec4 v000001f813e2ae30_0, 0;
    %pushi/vec4 3, 0, 3;
    %assign/vec4 v000001f813e2a250_0, 0;
    %jmp T_18.18;
T_18.17 ;
    %load/vec4 v000001f813e2ae30_0;
    %addi 1, 0, 3;
    %assign/vec4 v000001f813e2ae30_0, 0;
T_18.18 ;
    %jmp T_18.16;
T_18.15 ;
    %load/vec4 v000001f813e29ad0_0;
    %addi 1, 0, 16;
    %assign/vec4 v000001f813e29ad0_0, 0;
T_18.16 ;
    %jmp T_18.8;
T_18.5 ;
    %load/vec4 v000001f813e29ad0_0;
    %pad/u 32;
    %cmpi/e 7, 0, 32;
    %jmp/0xz  T_18.19, 4;
    %pushi/vec4 0, 0, 16;
    %assign/vec4 v000001f813e29ad0_0, 0;
    %load/vec4 v000001f813e29b70_0;
    %assign/vec4 v000001f813e290d0_0, 0;
    %pushi/vec4 4, 0, 3;
    %assign/vec4 v000001f813e2a250_0, 0;
    %jmp T_18.20;
T_18.19 ;
    %load/vec4 v000001f813e29ad0_0;
    %addi 1, 0, 16;
    %assign/vec4 v000001f813e29ad0_0, 0;
T_18.20 ;
    %jmp T_18.8;
T_18.6 ;
    %pushi/vec4 1, 0, 1;
    %assign/vec4 v000001f813e29170_0, 0;
    %pushi/vec4 0, 0, 3;
    %assign/vec4 v000001f813e2a250_0, 0;
    %jmp T_18.8;
T_18.8 ;
    %pop/vec4 1;
T_18.1 ;
    %jmp T_18;
    .thread T_18;
    .scope S_000001f81377c400;
T_19 ;
    %wait E_000001f813d61700;
    %load/vec4 v000001f813e1c000_0;
    %flag_set/vec4 8;
    %jmp/0xz  T_19.0, 8;
    %pushi/vec4 0, 0, 4;
    %assign/vec4 v000001f813e2a1b0_0, 0;
    %pushi/vec4 0, 0, 16;
    %assign/vec4 v000001f813e2a9d0_0, 0;
    %pushi/vec4 0, 0, 8;
    %assign/vec4 v000001f813e1b600_0, 0;
    %pushi/vec4 0, 0, 16;
    %assign/vec4 v000001f813e29710_0, 0;
    %pushi/vec4 0, 0, 8;
    %assign/vec4 v000001f813e2aa70_0, 0;
    %pushi/vec4 0, 0, 40;
    %assign/vec4 v000001f813e1b560_0, 0;
    %pushi/vec4 0, 0, 16;
    %assign/vec4 v000001f813e295d0_0, 0;
    %pushi/vec4 0, 0, 1;
    %assign/vec4 v000001f813e1b2e0_0, 0;
    %pushi/vec4 0, 0, 16;
    %assign/vec4 v000001f813e1cf00_0, 0;
    %pushi/vec4 0, 0, 8;
    %assign/vec4 v000001f813e1be20_0, 0;
    %pushi/vec4 0, 0, 40;
    %assign/vec4 v000001f813e1bec0_0, 0;
    %pushi/vec4 0, 0, 1;
    %assign/vec4 v000001f813e1b9c0_0, 0;
    %pushi/vec4 0, 0, 10;
    %assign/vec4 v000001f813e1cdc0_0, 0;
    %pushi/vec4 0, 0, 8;
    %assign/vec4 v000001f813e1b420_0, 0;
    %pushi/vec4 0, 0, 1;
    %assign/vec4 v000001f813e1bce0_0, 0;
    %jmp T_19.1;
T_19.0 ;
    %pushi/vec4 0, 0, 1;
    %assign/vec4 v000001f813e1b9c0_0, 0;
    %pushi/vec4 0, 0, 1;
    %assign/vec4 v000001f813e1bce0_0, 0;
    %load/vec4 v000001f813e1b2e0_0;
    %flag_set/vec4 9;
    %flag_get/vec4 9;
    %jmp/0 T_19.4, 9;
    %load/vec4 v000001f813e1ca00_0;
    %and;
T_19.4;
    %flag_set/vec4 8;
    %jmp/0xz  T_19.2, 8;
    %pushi/vec4 0, 0, 1;
    %assign/vec4 v000001f813e1b2e0_0, 0;
T_19.2 ;
    %load/vec4 v000001f813e1cc80_0;
    %flag_set/vec4 9;
    %flag_get/vec4 9;
    %jmp/0 T_19.7, 9;
    %load/vec4 v000001f813e1b2e0_0;
    %nor/r;
    %and;
T_19.7;
    %flag_set/vec4 8;
    %jmp/0xz  T_19.5, 8;
    %load/vec4 v000001f813e2a1b0_0;
    %dup/vec4;
    %pushi/vec4 0, 0, 4;
    %cmp/u;
    %jmp/1 T_19.8, 6;
    %dup/vec4;
    %pushi/vec4 1, 0, 4;
    %cmp/u;
    %jmp/1 T_19.9, 6;
    %dup/vec4;
    %pushi/vec4 2, 0, 4;
    %cmp/u;
    %jmp/1 T_19.10, 6;
    %dup/vec4;
    %pushi/vec4 3, 0, 4;
    %cmp/u;
    %jmp/1 T_19.11, 6;
    %dup/vec4;
    %pushi/vec4 4, 0, 4;
    %cmp/u;
    %jmp/1 T_19.12, 6;
    %dup/vec4;
    %pushi/vec4 5, 0, 4;
    %cmp/u;
    %jmp/1 T_19.13, 6;
    %dup/vec4;
    %pushi/vec4 6, 0, 4;
    %cmp/u;
    %jmp/1 T_19.14, 6;
    %dup/vec4;
    %pushi/vec4 7, 0, 4;
    %cmp/u;
    %jmp/1 T_19.15, 6;
    %dup/vec4;
    %pushi/vec4 8, 0, 4;
    %cmp/u;
    %jmp/1 T_19.16, 6;
    %dup/vec4;
    %pushi/vec4 9, 0, 4;
    %cmp/u;
    %jmp/1 T_19.17, 6;
    %dup/vec4;
    %pushi/vec4 10, 0, 4;
    %cmp/u;
    %jmp/1 T_19.18, 6;
    %dup/vec4;
    %pushi/vec4 11, 0, 4;
    %cmp/u;
    %jmp/1 T_19.19, 6;
    %pushi/vec4 0, 0, 4;
    %assign/vec4 v000001f813e2a1b0_0, 0;
    %jmp T_19.21;
T_19.8 ;
    %load/vec4 v000001f813e1b880_0;
    %cmpi/e 170, 0, 8;
    %jmp/0xz  T_19.22, 4;
    %pushi/vec4 170, 0, 8;
    %assign/vec4 v000001f813e1b600_0, 0;
    %pushi/vec4 0, 0, 16;
    %assign/vec4 v000001f813e29710_0, 0;
    %pushi/vec4 0, 0, 8;
    %assign/vec4 v000001f813e2aa70_0, 0;
    %pushi/vec4 0, 0, 40;
    %assign/vec4 v000001f813e1b560_0, 0;
    %pushi/vec4 0, 0, 16;
    %assign/vec4 v000001f813e295d0_0, 0;
    %pushi/vec4 0, 0, 16;
    %assign/vec4 v000001f813e2a9d0_0, 0;
    %pushi/vec4 1, 0, 4;
    %assign/vec4 v000001f813e2a1b0_0, 0;
T_19.22 ;
    %jmp T_19.21;
T_19.9 ;
    %load/vec4 v000001f813e1b880_0;
    %ix/load 4, 8, 0;
    %ix/load 5, 0, 0;
    %flag_set/imm 4, 0;
    %assign/vec4/off/d v000001f813e29710_0, 4, 5;
    %load/vec4 v000001f813e1b600_0;
    %load/vec4 v000001f813e1b880_0;
    %xor;
    %assign/vec4 v000001f813e1b600_0, 0;
    %pushi/vec4 2, 0, 4;
    %assign/vec4 v000001f813e2a1b0_0, 0;
    %jmp T_19.21;
T_19.10 ;
    %load/vec4 v000001f813e1b880_0;
    %ix/load 4, 0, 0;
    %ix/load 5, 0, 0;
    %flag_set/imm 4, 0;
    %assign/vec4/off/d v000001f813e29710_0, 4, 5;
    %load/vec4 v000001f813e1b600_0;
    %load/vec4 v000001f813e1b880_0;
    %xor;
    %assign/vec4 v000001f813e1b600_0, 0;
    %pushi/vec4 3, 0, 4;
    %assign/vec4 v000001f813e2a1b0_0, 0;
    %jmp T_19.21;
T_19.11 ;
    %load/vec4 v000001f813e1b880_0;
    %assign/vec4 v000001f813e2aa70_0, 0;
    %load/vec4 v000001f813e1b880_0;
    %load/vec4 v000001f813e29710_0;
    %store/vec4 v000001f813e1b1a0_0, 0, 16;
    %store/vec4 v000001f813e1c960_0, 0, 8;
    %callf/vec4 TD_tb_uart_axi_bridge.dut.u_frame_parser.calc_payload_byte_count, S_000001f813b8b020;
    %assign/vec4 v000001f813e295d0_0, 0;
    %load/vec4 v000001f813e1b600_0;
    %load/vec4 v000001f813e1b880_0;
    %xor;
    %assign/vec4 v000001f813e1b600_0, 0;
    %pushi/vec4 4, 0, 4;
    %assign/vec4 v000001f813e2a1b0_0, 0;
    %jmp T_19.21;
T_19.12 ;
    %load/vec4 v000001f813e1b880_0;
    %ix/load 4, 32, 0;
    %ix/load 5, 0, 0;
    %flag_set/imm 4, 0;
    %assign/vec4/off/d v000001f813e1b560_0, 4, 5;
    %load/vec4 v000001f813e1b600_0;
    %load/vec4 v000001f813e1b880_0;
    %xor;
    %assign/vec4 v000001f813e1b600_0, 0;
    %pushi/vec4 5, 0, 4;
    %assign/vec4 v000001f813e2a1b0_0, 0;
    %jmp T_19.21;
T_19.13 ;
    %load/vec4 v000001f813e1b880_0;
    %ix/load 4, 24, 0;
    %ix/load 5, 0, 0;
    %flag_set/imm 4, 0;
    %assign/vec4/off/d v000001f813e1b560_0, 4, 5;
    %load/vec4 v000001f813e1b600_0;
    %load/vec4 v000001f813e1b880_0;
    %xor;
    %assign/vec4 v000001f813e1b600_0, 0;
    %pushi/vec4 6, 0, 4;
    %assign/vec4 v000001f813e2a1b0_0, 0;
    %jmp T_19.21;
T_19.14 ;
    %load/vec4 v000001f813e1b880_0;
    %ix/load 4, 16, 0;
    %ix/load 5, 0, 0;
    %flag_set/imm 4, 0;
    %assign/vec4/off/d v000001f813e1b560_0, 4, 5;
    %load/vec4 v000001f813e1b600_0;
    %load/vec4 v000001f813e1b880_0;
    %xor;
    %assign/vec4 v000001f813e1b600_0, 0;
    %pushi/vec4 7, 0, 4;
    %assign/vec4 v000001f813e2a1b0_0, 0;
    %jmp T_19.21;
T_19.15 ;
    %load/vec4 v000001f813e1b880_0;
    %ix/load 4, 8, 0;
    %ix/load 5, 0, 0;
    %flag_set/imm 4, 0;
    %assign/vec4/off/d v000001f813e1b560_0, 4, 5;
    %load/vec4 v000001f813e1b600_0;
    %load/vec4 v000001f813e1b880_0;
    %xor;
    %assign/vec4 v000001f813e1b600_0, 0;
    %pushi/vec4 8, 0, 4;
    %assign/vec4 v000001f813e2a1b0_0, 0;
    %jmp T_19.21;
T_19.16 ;
    %load/vec4 v000001f813e1b880_0;
    %ix/load 4, 0, 0;
    %ix/load 5, 0, 0;
    %flag_set/imm 4, 0;
    %assign/vec4/off/d v000001f813e1b560_0, 4, 5;
    %load/vec4 v000001f813e1b600_0;
    %load/vec4 v000001f813e1b880_0;
    %xor;
    %assign/vec4 v000001f813e1b600_0, 0;
    %pushi/vec4 0, 0, 16;
    %assign/vec4 v000001f813e2a9d0_0, 0;
    %load/vec4 v000001f813e295d0_0;
    %cmpi/e 0, 0, 16;
    %jmp/0xz  T_19.24, 4;
    %pushi/vec4 10, 0, 4;
    %assign/vec4 v000001f813e2a1b0_0, 0;
    %jmp T_19.25;
T_19.24 ;
    %pushi/vec4 9, 0, 4;
    %assign/vec4 v000001f813e2a1b0_0, 0;
T_19.25 ;
    %jmp T_19.21;
T_19.17 ;
    %load/vec4 v000001f813e2a9d0_0;
    %pad/u 32;
    %cmpi/u 1024, 0, 32;
    %jmp/0xz  T_19.26, 5;
    %pushi/vec4 1, 0, 1;
    %assign/vec4 v000001f813e1b9c0_0, 0;
    %load/vec4 v000001f813e2a9d0_0;
    %parti/s 10, 0, 2;
    %assign/vec4 v000001f813e1cdc0_0, 0;
    %load/vec4 v000001f813e1b880_0;
    %assign/vec4 v000001f813e1b420_0, 0;
T_19.26 ;
    %load/vec4 v000001f813e1b600_0;
    %load/vec4 v000001f813e1b880_0;
    %xor;
    %assign/vec4 v000001f813e1b600_0, 0;
    %load/vec4 v000001f813e2a9d0_0;
    %load/vec4 v000001f813e295d0_0;
    %subi 1, 0, 16;
    %cmp/e;
    %jmp/0xz  T_19.28, 4;
    %pushi/vec4 10, 0, 4;
    %assign/vec4 v000001f813e2a1b0_0, 0;
T_19.28 ;
    %load/vec4 v000001f813e2a9d0_0;
    %addi 1, 0, 16;
    %assign/vec4 v000001f813e2a9d0_0, 0;
    %jmp T_19.21;
T_19.18 ;
    %load/vec4 v000001f813e1b880_0;
    %load/vec4 v000001f813e1b600_0;
    %cmp/e;
    %jmp/0xz  T_19.30, 4;
    %pushi/vec4 11, 0, 4;
    %assign/vec4 v000001f813e2a1b0_0, 0;
    %jmp T_19.31;
T_19.30 ;
    %pushi/vec4 1, 0, 1;
    %assign/vec4 v000001f813e1bce0_0, 0;
    %pushi/vec4 0, 0, 4;
    %assign/vec4 v000001f813e2a1b0_0, 0;
T_19.31 ;
    %jmp T_19.21;
T_19.19 ;
    %load/vec4 v000001f813e1b880_0;
    %cmpi/e 85, 0, 8;
    %jmp/0xz  T_19.32, 4;
    %load/vec4 v000001f813e29710_0;
    %assign/vec4 v000001f813e1cf00_0, 0;
    %load/vec4 v000001f813e2aa70_0;
    %assign/vec4 v000001f813e1be20_0, 0;
    %load/vec4 v000001f813e1b560_0;
    %assign/vec4 v000001f813e1bec0_0, 0;
    %pushi/vec4 1, 0, 1;
    %assign/vec4 v000001f813e1b2e0_0, 0;
    %jmp T_19.33;
T_19.32 ;
    %pushi/vec4 1, 0, 1;
    %assign/vec4 v000001f813e1bce0_0, 0;
T_19.33 ;
    %pushi/vec4 0, 0, 4;
    %assign/vec4 v000001f813e2a1b0_0, 0;
    %jmp T_19.21;
T_19.21 ;
    %pop/vec4 1;
T_19.5 ;
T_19.1 ;
    %jmp T_19;
    .thread T_19;
    .scope S_000001f813763e90;
T_20 ;
    %wait E_000001f813d61700;
    %load/vec4 v000001f813e05c00_0;
    %flag_set/vec4 8;
    %jmp/0xz  T_20.0, 8;
    %pushi/vec4 0, 0, 4;
    %assign/vec4 v000001f813e06ec0_0, 0;
    %pushi/vec4 0, 0, 16;
    %assign/vec4 v000001f813e07320_0, 0;
    %pushi/vec4 0, 0, 8;
    %assign/vec4 v000001f813e07140_0, 0;
    %pushi/vec4 0, 0, 40;
    %assign/vec4 v000001f813e05f20_0, 0;
    %pushi/vec4 0, 0, 16;
    %assign/vec4 v000001f813e067e0_0, 0;
    %pushi/vec4 0, 0, 11;
    %assign/vec4 v000001f813e073c0_0, 0;
    %pushi/vec4 0, 0, 8;
    %assign/vec4 v000001f813e075a0_0, 0;
    %pushi/vec4 0, 0, 10;
    %assign/vec4 v000001f813e06e20_0, 0;
    %pushi/vec4 0, 0, 9;
    %assign/vec4 v000001f813e06600_0, 0;
    %pushi/vec4 0, 0, 11;
    %assign/vec4 v000001f813e07640_0, 0;
    %pushi/vec4 0, 0, 9;
    %assign/vec4 v000001f813e06f60_0, 0;
    %pushi/vec4 0, 0, 1;
    %assign/vec4 v000001f813e07280_0, 0;
    %pushi/vec4 0, 0, 1;
    %assign/vec4 v000001f813e05de0_0, 0;
    %pushi/vec4 0, 0, 16;
    %assign/vec4 v000001f813e05b60_0, 0;
    %pushi/vec4 0, 0, 11;
    %assign/vec4 v000001f813e06d80_0, 0;
    %pushi/vec4 0, 0, 8;
    %assign/vec4 v000001f813e06420_0, 0;
    %pushi/vec4 0, 0, 40;
    %assign/vec4 v000001f813e06560_0, 0;
    %pushi/vec4 0, 0, 8;
    %assign/vec4 v000001f813e05ca0_0, 0;
    %pushi/vec4 0, 0, 1;
    %assign/vec4 v000001f813e06380_0, 0;
    %pushi/vec4 0, 0, 10;
    %assign/vec4 v000001f813e070a0_0, 0;
    %pushi/vec4 0, 0, 8;
    %assign/vec4 v000001f813e07820_0, 0;
    %pushi/vec4 0, 0, 1;
    %assign/vec4 v000001f813e07500_0, 0;
    %pushi/vec4 0, 0, 1;
    %assign/vec4 v000001f813e062e0_0, 0;
    %pushi/vec4 0, 0, 40;
    %assign/vec4 v000001f813e06b00_0, 0;
    %pushi/vec4 0, 0, 32;
    %assign/vec4 v000001f813e06ce0_0, 0;
    %pushi/vec4 0, 0, 1;
    %assign/vec4 v000001f813e064c0_0, 0;
    %pushi/vec4 0, 0, 1;
    %assign/vec4 v000001f813e05d40_0, 0;
    %pushi/vec4 0, 0, 40;
    %assign/vec4 v000001f813e06ba0_0, 0;
    %pushi/vec4 0, 0, 9;
    %assign/vec4 v000001f813e06100_0, 0;
    %pushi/vec4 0, 0, 1;
    %assign/vec4 v000001f813e066a0_0, 0;
    %pushi/vec4 0, 0, 32;
    %store/vec4 v000001f813e076e0_0, 0, 32;
T_20.2 ;
    %load/vec4 v000001f813e076e0_0;
    %cmpi/s 1024, 0, 32;
    %jmp/0xz T_20.3, 5;
    %pushi/vec4 0, 0, 8;
    %ix/getv/s 3, v000001f813e076e0_0;
    %ix/load 4, 0, 0; Constant delay
    %assign/vec4/a/d v000001f813e071e0, 0, 4;
    %pushi/vec4 0, 0, 8;
    %ix/getv/s 3, v000001f813e076e0_0;
    %ix/load 4, 0, 0; Constant delay
    %assign/vec4/a/d v000001f813e06740, 0, 4;
    %load/vec4 v000001f813e076e0_0;
    %addi 1, 0, 32;
    %store/vec4 v000001f813e076e0_0, 0, 32;
    %jmp T_20.2;
T_20.3 ;
    %jmp T_20.1;
T_20.0 ;
    %pushi/vec4 0, 0, 1;
    %assign/vec4 v000001f813e07280_0, 0;
    %pushi/vec4 0, 0, 1;
    %assign/vec4 v000001f813e05de0_0, 0;
    %pushi/vec4 0, 0, 1;
    %assign/vec4 v000001f813e06380_0, 0;
    %pushi/vec4 0, 0, 1;
    %assign/vec4 v000001f813e07500_0, 0;
    %pushi/vec4 0, 0, 1;
    %assign/vec4 v000001f813e064c0_0, 0;
    %pushi/vec4 0, 0, 1;
    %assign/vec4 v000001f813e066a0_0, 0;
    %load/vec4 v000001f813e06920_0;
    %flag_set/vec4 9;
    %flag_get/vec4 9;
    %jmp/0 T_20.6, 9;
    %load/vec4 v000001f813e04370_0;
    %pad/u 32;
    %cmpi/u 1024, 0, 32;
    %flag_get/vec4 5;
    %and;
T_20.6;
    %flag_set/vec4 8;
    %jmp/0xz  T_20.4, 8;
    %load/vec4 v000001f813e04410_0;
    %load/vec4 v000001f813e04370_0;
    %pad/u 12;
    %ix/vec4 3;
    %ix/load 4, 0, 0; Constant delay
    %assign/vec4/a/d v000001f813e071e0, 0, 4;
T_20.4 ;
    %load/vec4 v000001f813e06ec0_0;
    %cmpi/e 6, 0, 4;
    %flag_get/vec4 4;
    %jmp/0 T_20.9, 4;
    %load/vec4 v000001f813e05770_0;
    %and;
T_20.9;
    %flag_set/vec4 8;
    %jmp/0xz  T_20.7, 8;
    %load/vec4 v000001f813e07640_0;
    %load/vec4 v000001f813e078c0_0;
    %parti/s 11, 0, 2;
    %cmp/u;
    %jmp/0xz  T_20.10, 5;
    %load/vec4 v000001f813e04ff0_0;
    %parti/s 8, 0, 2;
    %load/vec4 v000001f813e07640_0;
    %parti/s 10, 0, 2;
    %pad/u 12;
    %ix/vec4 3;
    %ix/load 4, 0, 0; Constant delay
    %assign/vec4/a/d v000001f813e06740, 0, 4;
T_20.10 ;
    %load/vec4 v000001f813e05fc0_0;
    %load/vec4 v000001f813e078c0_0;
    %parti/s 11, 0, 2;
    %cmp/u;
    %jmp/0xz  T_20.12, 5;
    %load/vec4 v000001f813e04ff0_0;
    %parti/s 8, 8, 5;
    %load/vec4 v000001f813e05fc0_0;
    %parti/s 10, 0, 2;
    %pad/u 12;
    %ix/vec4 3;
    %ix/load 4, 0, 0; Constant delay
    %assign/vec4/a/d v000001f813e06740, 0, 4;
T_20.12 ;
    %load/vec4 v000001f813e06880_0;
    %load/vec4 v000001f813e078c0_0;
    %parti/s 11, 0, 2;
    %cmp/u;
    %jmp/0xz  T_20.14, 5;
    %load/vec4 v000001f813e04ff0_0;
    %parti/s 8, 16, 6;
    %load/vec4 v000001f813e06880_0;
    %parti/s 10, 0, 2;
    %pad/u 12;
    %ix/vec4 3;
    %ix/load 4, 0, 0; Constant delay
    %assign/vec4/a/d v000001f813e06740, 0, 4;
T_20.14 ;
    %load/vec4 v000001f813e07460_0;
    %load/vec4 v000001f813e078c0_0;
    %parti/s 11, 0, 2;
    %cmp/u;
    %jmp/0xz  T_20.16, 5;
    %load/vec4 v000001f813e04ff0_0;
    %parti/s 8, 24, 6;
    %load/vec4 v000001f813e07460_0;
    %parti/s 10, 0, 2;
    %pad/u 12;
    %ix/vec4 3;
    %ix/load 4, 0, 0; Constant delay
    %assign/vec4/a/d v000001f813e06740, 0, 4;
T_20.16 ;
T_20.7 ;
    %load/vec4 v000001f813e06ec0_0;
    %dup/vec4;
    %pushi/vec4 0, 0, 4;
    %cmp/u;
    %jmp/1 T_20.18, 6;
    %dup/vec4;
    %pushi/vec4 1, 0, 4;
    %cmp/u;
    %jmp/1 T_20.19, 6;
    %dup/vec4;
    %pushi/vec4 2, 0, 4;
    %cmp/u;
    %jmp/1 T_20.20, 6;
    %dup/vec4;
    %pushi/vec4 3, 0, 4;
    %cmp/u;
    %jmp/1 T_20.21, 6;
    %dup/vec4;
    %pushi/vec4 4, 0, 4;
    %cmp/u;
    %jmp/1 T_20.22, 6;
    %dup/vec4;
    %pushi/vec4 5, 0, 4;
    %cmp/u;
    %jmp/1 T_20.23, 6;
    %dup/vec4;
    %pushi/vec4 6, 0, 4;
    %cmp/u;
    %jmp/1 T_20.24, 6;
    %dup/vec4;
    %pushi/vec4 7, 0, 4;
    %cmp/u;
    %jmp/1 T_20.25, 6;
    %dup/vec4;
    %pushi/vec4 8, 0, 4;
    %cmp/u;
    %jmp/1 T_20.26, 6;
    %pushi/vec4 0, 0, 4;
    %assign/vec4 v000001f813e06ec0_0, 0;
    %jmp T_20.28;
T_20.18 ;
    %load/vec4 v000001f813e06060_0;
    %flag_set/vec4 11;
    %flag_get/vec4 11;
    %jmp/0 T_20.33, 11;
    %load/vec4 v000001f813e05e80_0;
    %and;
T_20.33;
    %flag_set/vec4 10;
    %flag_get/vec4 10;
    %jmp/0 T_20.32, 10;
    %load/vec4 v000001f813e03e70_0;
    %and;
T_20.32;
    %flag_set/vec4 9;
    %flag_get/vec4 9;
    %jmp/0 T_20.31, 9;
    %load/vec4 v000001f813e03bf0_0;
    %and;
T_20.31;
    %flag_set/vec4 8;
    %jmp/0xz  T_20.29, 8;
    %pushi/vec4 1, 0, 1;
    %assign/vec4 v000001f813e07280_0, 0;
    %load/vec4 v000001f813e05ac0_0;
    %assign/vec4 v000001f813e07320_0, 0;
    %load/vec4 v000001f813e042d0_0;
    %assign/vec4 v000001f813e07140_0, 0;
    %load/vec4 v000001f813e040f0_0;
    %assign/vec4 v000001f813e05f20_0, 0;
    %pushi/vec4 1, 0, 4;
    %assign/vec4 v000001f813e06ec0_0, 0;
T_20.29 ;
    %jmp T_20.28;
T_20.19 ;
    %load/vec4 v000001f813e07140_0;
    %assign/vec4 v000001f813e06420_0, 0;
    %load/vec4 v000001f813e05f20_0;
    %assign/vec4 v000001f813e06560_0, 0;
    %load/vec4 v000001f813e07140_0;
    %cmpi/ne 1, 0, 8;
    %flag_get/vec4 4;
    %jmp/0 T_20.38, 4;
    %load/vec4 v000001f813e07140_0;
    %pushi/vec4 2, 0, 8;
    %cmp/ne;
    %flag_get/vec4 4;
    %and;
T_20.38;
    %flag_set/vec4 10;
    %flag_get/vec4 10;
    %jmp/0 T_20.37, 10;
    %load/vec4 v000001f813e07140_0;
    %pushi/vec4 3, 0, 8;
    %cmp/ne;
    %flag_get/vec4 4;
    %and;
T_20.37;
    %flag_set/vec4 9;
    %flag_get/vec4 9;
    %jmp/0 T_20.36, 9;
    %load/vec4 v000001f813e07140_0;
    %pushi/vec4 4, 0, 8;
    %cmp/ne;
    %flag_get/vec4 4;
    %and;
T_20.36;
    %flag_set/vec4 8;
    %jmp/0xz  T_20.34, 8;
    %pushi/vec4 0, 0, 16;
    %assign/vec4 v000001f813e067e0_0, 0;
    %pushi/vec4 0, 0, 11;
    %assign/vec4 v000001f813e073c0_0, 0;
    %pushi/vec4 4, 0, 8;
    %assign/vec4 v000001f813e075a0_0, 0;
    %pushi/vec4 8, 0, 4;
    %assign/vec4 v000001f813e06ec0_0, 0;
    %jmp T_20.35;
T_20.34 ;
    %load/vec4 v000001f813e1c0a0_0;
    %flag_set/vec4 8;
    %jmp/0xz  T_20.39, 8;
    %pushi/vec4 0, 0, 16;
    %assign/vec4 v000001f813e067e0_0, 0;
    %pushi/vec4 0, 0, 11;
    %assign/vec4 v000001f813e073c0_0, 0;
    %pushi/vec4 1, 0, 8;
    %assign/vec4 v000001f813e075a0_0, 0;
    %pushi/vec4 8, 0, 4;
    %assign/vec4 v000001f813e06ec0_0, 0;
    %jmp T_20.40;
T_20.39 ;
    %load/vec4 v000001f813e07140_0;
    %cmpi/e 1, 0, 8;
    %jmp/1 T_20.44, 4;
    %flag_mov 9, 4;
    %load/vec4 v000001f813e07140_0;
    %cmpi/e 2, 0, 8;
    %flag_or 4, 9;
T_20.44;
    %flag_get/vec4 4;
    %jmp/0 T_20.43, 4;
    %load/vec4 v000001f813e07320_0;
    %pushi/vec4 4, 0, 16;
    %cmp/ne;
    %flag_get/vec4 4;
    %and;
T_20.43;
    %flag_set/vec4 8;
    %jmp/0xz  T_20.41, 8;
    %pushi/vec4 0, 0, 16;
    %assign/vec4 v000001f813e067e0_0, 0;
    %pushi/vec4 0, 0, 11;
    %assign/vec4 v000001f813e073c0_0, 0;
    %pushi/vec4 3, 0, 8;
    %assign/vec4 v000001f813e075a0_0, 0;
    %pushi/vec4 8, 0, 4;
    %assign/vec4 v000001f813e06ec0_0, 0;
    %jmp T_20.42;
T_20.41 ;
    %load/vec4 v000001f813e07140_0;
    %cmpi/e 3, 0, 8;
    %flag_get/vec4 4;
    %jmp/0 T_20.47, 4;
    %load/vec4 v000001f813e078c0_0;
    %cmpi/u 4, 0, 16;
    %jmp/1 T_20.49, 5;
    %flag_mov 9, 5;
    %load/vec4 v000001f813e078c0_0;
    %pad/u 32;
    %cmpi/u 1024, 0, 32;
    %flag_or 5, 4; GT is !LE
    %flag_inv 5;
    %flag_or 5, 9;
T_20.49;
    %flag_get/vec4 5;
    %jmp/1 T_20.48, 5;
    %load/vec4 v000001f813e078c0_0;
    %parti/s 2, 0, 2;
    %pushi/vec4 0, 0, 2;
    %cmp/ne;
    %flag_get/vec4 4;
    %or;
T_20.48;
    %and;
T_20.47;
    %flag_set/vec4 8;
    %jmp/0xz  T_20.45, 8;
    %pushi/vec4 0, 0, 16;
    %assign/vec4 v000001f813e067e0_0, 0;
    %pushi/vec4 0, 0, 11;
    %assign/vec4 v000001f813e073c0_0, 0;
    %pushi/vec4 3, 0, 8;
    %assign/vec4 v000001f813e075a0_0, 0;
    %pushi/vec4 8, 0, 4;
    %assign/vec4 v000001f813e06ec0_0, 0;
    %jmp T_20.46;
T_20.45 ;
    %load/vec4 v000001f813e07140_0;
    %cmpi/e 4, 0, 8;
    %flag_get/vec4 4;
    %jmp/0 T_20.52, 4;
    %load/vec4 v000001f813e078c0_0;
    %cmpi/u 1, 0, 16;
    %flag_get/vec4 5;
    %jmp/1 T_20.53, 5;
    %pushi/vec4 1024, 0, 32;
    %load/vec4 v000001f813e078c0_0;
    %pad/u 32;
    %cmp/u;
    %flag_get/vec4 5;
    %or;
T_20.53;
    %and;
T_20.52;
    %flag_set/vec4 8;
    %jmp/0xz  T_20.50, 8;
    %pushi/vec4 0, 0, 16;
    %assign/vec4 v000001f813e067e0_0, 0;
    %pushi/vec4 0, 0, 11;
    %assign/vec4 v000001f813e073c0_0, 0;
    %pushi/vec4 3, 0, 8;
    %assign/vec4 v000001f813e075a0_0, 0;
    %pushi/vec4 8, 0, 4;
    %assign/vec4 v000001f813e06ec0_0, 0;
    %jmp T_20.51;
T_20.50 ;
    %load/vec4 v000001f813e07140_0;
    %cmpi/e 1, 0, 8;
    %jmp/1 T_20.56, 4;
    %flag_mov 8, 4;
    %load/vec4 v000001f813e07140_0;
    %cmpi/e 2, 0, 8;
    %flag_or 4, 8;
T_20.56;
    %jmp/0xz  T_20.54, 4;
    %load/vec4 v000001f813e07140_0;
    %pushi/vec4 1, 0, 8;
    %cmp/e;
    %flag_get/vec4 4;
    %assign/vec4 v000001f813e062e0_0, 0;
    %load/vec4 v000001f813e05f20_0;
    %assign/vec4 v000001f813e06b00_0, 0;
    %load/vec4 v000001f813e06240_0;
    %assign/vec4 v000001f813e06ce0_0, 0;
    %pushi/vec4 2, 0, 4;
    %assign/vec4 v000001f813e06ec0_0, 0;
    %jmp T_20.55;
T_20.54 ;
    %load/vec4 v000001f813e07140_0;
    %pushi/vec4 3, 0, 8;
    %cmp/e;
    %flag_get/vec4 4;
    %assign/vec4 v000001f813e05d40_0, 0;
    %load/vec4 v000001f813e05f20_0;
    %assign/vec4 v000001f813e06ba0_0, 0;
    %load/vec4 v000001f813e07140_0;
    %cmpi/e 3, 0, 8;
    %flag_mov 8, 4;
    %jmp/0 T_20.57, 8;
    %load/vec4 v000001f813e061a0_0;
    %jmp/1 T_20.58, 8;
T_20.57 ; End of true expr.
    %load/vec4 v000001f813e06a60_0;
    %jmp/0 T_20.58, 8;
 ; End of false expr.
    %blend;
T_20.58;
    %assign/vec4 v000001f813e06100_0, 0;
    %load/vec4 v000001f813e07140_0;
    %cmpi/e 3, 0, 8;
    %flag_mov 8, 4;
    %jmp/0 T_20.59, 8;
    %load/vec4 v000001f813e061a0_0;
    %jmp/1 T_20.60, 8;
T_20.59 ; End of true expr.
    %load/vec4 v000001f813e06a60_0;
    %jmp/0 T_20.60, 8;
 ; End of false expr.
    %blend;
T_20.60;
    %assign/vec4 v000001f813e06f60_0, 0;
    %pushi/vec4 0, 0, 9;
    %assign/vec4 v000001f813e06600_0, 0;
    %pushi/vec4 0, 0, 11;
    %assign/vec4 v000001f813e07640_0, 0;
    %pushi/vec4 4, 0, 4;
    %assign/vec4 v000001f813e06ec0_0, 0;
T_20.55 ;
T_20.51 ;
T_20.46 ;
T_20.42 ;
T_20.40 ;
T_20.35 ;
    %jmp T_20.28;
T_20.20 ;
    %pushi/vec4 1, 0, 1;
    %assign/vec4 v000001f813e07500_0, 0;
    %load/vec4 v000001f813e03e70_0;
    %flag_set/vec4 8;
    %jmp/0xz  T_20.61, 8;
    %pushi/vec4 3, 0, 4;
    %assign/vec4 v000001f813e06ec0_0, 0;
T_20.61 ;
    %jmp T_20.28;
T_20.21 ;
    %load/vec4 v000001f813e04230_0;
    %flag_set/vec4 8;
    %jmp/0xz  T_20.63, 8;
    %load/vec4 v000001f813e03ab0_0;
    %flag_set/vec4 8;
    %jmp/1 T_20.67, 8;
    %load/vec4 v000001f813e05950_0;
    %flag_set/vec4 9;
    %flag_or 8, 9;
T_20.67;
    %jmp/0xz  T_20.65, 8;
    %pushi/vec4 0, 0, 16;
    %assign/vec4 v000001f813e067e0_0, 0;
    %pushi/vec4 0, 0, 11;
    %assign/vec4 v000001f813e073c0_0, 0;
    %pushi/vec4 2, 0, 8;
    %assign/vec4 v000001f813e075a0_0, 0;
    %pushi/vec4 8, 0, 4;
    %assign/vec4 v000001f813e06ec0_0, 0;
    %jmp T_20.66;
T_20.65 ;
    %load/vec4 v000001f813e07140_0;
    %cmpi/e 1, 0, 8;
    %jmp/0xz  T_20.68, 4;
    %pushi/vec4 0, 0, 16;
    %assign/vec4 v000001f813e067e0_0, 0;
    %pushi/vec4 0, 0, 11;
    %assign/vec4 v000001f813e073c0_0, 0;
    %pushi/vec4 0, 0, 8;
    %assign/vec4 v000001f813e075a0_0, 0;
    %pushi/vec4 8, 0, 4;
    %assign/vec4 v000001f813e06ec0_0, 0;
    %jmp T_20.69;
T_20.68 ;
    %load/vec4 v000001f813e058b0_0;
    %parti/s 8, 0, 2;
    %ix/load 3, 0, 0;
    %flag_set/imm 4, 0;
    %ix/load 4, 0, 0; Constant delay
    %assign/vec4/a/d v000001f813e06740, 0, 4;
    %load/vec4 v000001f813e058b0_0;
    %parti/s 8, 8, 5;
    %ix/load 3, 1, 0;
    %flag_set/imm 4, 0;
    %ix/load 4, 0, 0; Constant delay
    %assign/vec4/a/d v000001f813e06740, 0, 4;
    %load/vec4 v000001f813e058b0_0;
    %parti/s 8, 16, 6;
    %ix/load 3, 2, 0;
    %flag_set/imm 4, 0;
    %ix/load 4, 0, 0; Constant delay
    %assign/vec4/a/d v000001f813e06740, 0, 4;
    %load/vec4 v000001f813e058b0_0;
    %parti/s 8, 24, 6;
    %ix/load 3, 3, 0;
    %flag_set/imm 4, 0;
    %ix/load 4, 0, 0; Constant delay
    %assign/vec4/a/d v000001f813e06740, 0, 4;
    %pushi/vec4 4, 0, 16;
    %assign/vec4 v000001f813e067e0_0, 0;
    %pushi/vec4 4, 0, 11;
    %assign/vec4 v000001f813e073c0_0, 0;
    %pushi/vec4 0, 0, 8;
    %assign/vec4 v000001f813e075a0_0, 0;
    %pushi/vec4 0, 0, 10;
    %assign/vec4 v000001f813e06e20_0, 0;
    %pushi/vec4 7, 0, 4;
    %assign/vec4 v000001f813e06ec0_0, 0;
T_20.69 ;
T_20.66 ;
T_20.63 ;
    %jmp T_20.28;
T_20.22 ;
    %pushi/vec4 1, 0, 1;
    %assign/vec4 v000001f813e064c0_0, 0;
    %load/vec4 v000001f813e03bf0_0;
    %flag_set/vec4 8;
    %jmp/0xz  T_20.70, 8;
    %load/vec4 v000001f813e07140_0;
    %cmpi/e 3, 0, 8;
    %jmp/0xz  T_20.72, 4;
    %pushi/vec4 5, 0, 4;
    %assign/vec4 v000001f813e06ec0_0, 0;
    %jmp T_20.73;
T_20.72 ;
    %pushi/vec4 6, 0, 4;
    %assign/vec4 v000001f813e06ec0_0, 0;
T_20.73 ;
T_20.70 ;
    %jmp T_20.28;
T_20.23 ;
    %load/vec4 v000001f813e05810_0;
    %flag_set/vec4 9;
    %flag_get/vec4 9;
    %jmp/0 T_20.76, 9;
    %load/vec4 v000001f813e07000_0;
    %and;
T_20.76;
    %flag_set/vec4 8;
    %jmp/0xz  T_20.74, 8;
    %load/vec4 v000001f813e06600_0;
    %addi 1, 0, 9;
    %assign/vec4 v000001f813e06600_0, 0;
T_20.74 ;
    %load/vec4 v000001f813e03b50_0;
    %flag_set/vec4 8;
    %jmp/0xz  T_20.77, 8;
    %load/vec4 v000001f813e045f0_0;
    %flag_set/vec4 8;
    %jmp/1 T_20.81, 8;
    %load/vec4 v000001f813e04f50_0;
    %flag_set/vec4 9;
    %flag_or 8, 9;
T_20.81;
    %jmp/0xz  T_20.79, 8;
    %pushi/vec4 0, 0, 16;
    %assign/vec4 v000001f813e067e0_0, 0;
    %pushi/vec4 0, 0, 11;
    %assign/vec4 v000001f813e073c0_0, 0;
    %pushi/vec4 2, 0, 8;
    %assign/vec4 v000001f813e075a0_0, 0;
    %jmp T_20.80;
T_20.79 ;
    %pushi/vec4 0, 0, 16;
    %assign/vec4 v000001f813e067e0_0, 0;
    %pushi/vec4 0, 0, 11;
    %assign/vec4 v000001f813e073c0_0, 0;
    %pushi/vec4 0, 0, 8;
    %assign/vec4 v000001f813e075a0_0, 0;
T_20.80 ;
    %pushi/vec4 8, 0, 4;
    %assign/vec4 v000001f813e06ec0_0, 0;
T_20.77 ;
    %jmp T_20.28;
T_20.24 ;
    %pushi/vec4 1, 0, 1;
    %assign/vec4 v000001f813e066a0_0, 0;
    %load/vec4 v000001f813e05770_0;
    %flag_set/vec4 8;
    %jmp/0xz  T_20.82, 8;
    %load/vec4 v000001f813e07640_0;
    %addi 4, 0, 11;
    %assign/vec4 v000001f813e07640_0, 0;
T_20.82 ;
    %load/vec4 v000001f813e03b50_0;
    %flag_set/vec4 8;
    %jmp/0xz  T_20.84, 8;
    %load/vec4 v000001f813e045f0_0;
    %flag_set/vec4 8;
    %jmp/1 T_20.88, 8;
    %load/vec4 v000001f813e04f50_0;
    %flag_set/vec4 9;
    %flag_or 8, 9;
T_20.88;
    %jmp/0xz  T_20.86, 8;
    %pushi/vec4 0, 0, 16;
    %assign/vec4 v000001f813e067e0_0, 0;
    %pushi/vec4 0, 0, 11;
    %assign/vec4 v000001f813e073c0_0, 0;
    %pushi/vec4 2, 0, 8;
    %assign/vec4 v000001f813e075a0_0, 0;
    %pushi/vec4 8, 0, 4;
    %assign/vec4 v000001f813e06ec0_0, 0;
    %jmp T_20.87;
T_20.86 ;
    %load/vec4 v000001f813e07320_0;
    %assign/vec4 v000001f813e067e0_0, 0;
    %load/vec4 v000001f813e07320_0;
    %parti/s 11, 0, 2;
    %assign/vec4 v000001f813e073c0_0, 0;
    %pushi/vec4 0, 0, 8;
    %assign/vec4 v000001f813e075a0_0, 0;
    %pushi/vec4 0, 0, 10;
    %assign/vec4 v000001f813e06e20_0, 0;
    %pushi/vec4 7, 0, 4;
    %assign/vec4 v000001f813e06ec0_0, 0;
T_20.87 ;
T_20.84 ;
    %jmp T_20.28;
T_20.25 ;
    %pushi/vec4 1, 0, 1;
    %assign/vec4 v000001f813e06380_0, 0;
    %load/vec4 v000001f813e06e20_0;
    %assign/vec4 v000001f813e070a0_0, 0;
    %load/vec4 v000001f813e06e20_0;
    %pad/u 12;
    %ix/vec4 4;
    %load/vec4a v000001f813e06740, 4;
    %assign/vec4 v000001f813e07820_0, 0;
    %pushi/vec4 0, 0, 1;
    %load/vec4 v000001f813e06e20_0;
    %concat/vec4; draw_concat_vec4
    %load/vec4 v000001f813e073c0_0;
    %subi 1, 0, 11;
    %cmp/e;
    %jmp/0xz  T_20.89, 4;
    %pushi/vec4 8, 0, 4;
    %assign/vec4 v000001f813e06ec0_0, 0;
T_20.89 ;
    %load/vec4 v000001f813e06e20_0;
    %addi 1, 0, 10;
    %assign/vec4 v000001f813e06e20_0, 0;
    %jmp T_20.28;
T_20.26 ;
    %load/vec4 v000001f813e05e80_0;
    %flag_set/vec4 8;
    %jmp/0xz  T_20.91, 8;
    %pushi/vec4 1, 0, 1;
    %assign/vec4 v000001f813e05de0_0, 0;
    %load/vec4 v000001f813e067e0_0;
    %assign/vec4 v000001f813e05b60_0, 0;
    %load/vec4 v000001f813e073c0_0;
    %assign/vec4 v000001f813e06d80_0, 0;
    %load/vec4 v000001f813e075a0_0;
    %assign/vec4 v000001f813e05ca0_0, 0;
    %pushi/vec4 0, 0, 4;
    %assign/vec4 v000001f813e06ec0_0, 0;
T_20.91 ;
    %jmp T_20.28;
T_20.28 ;
    %pop/vec4 1;
T_20.1 ;
    %jmp T_20;
    .thread T_20;
    .scope S_000001f81377c270;
T_21 ;
    %wait E_000001f813d61e80;
    %pushi/vec4 85, 0, 8;
    %store/vec4 v000001f813e1c820_0, 0, 8;
    %load/vec4 v000001f813e1cb40_0;
    %dup/vec4;
    %pushi/vec4 0, 0, 11;
    %cmp/u;
    %jmp/1 T_21.0, 6;
    %dup/vec4;
    %pushi/vec4 1, 0, 11;
    %cmp/u;
    %jmp/1 T_21.1, 6;
    %dup/vec4;
    %pushi/vec4 2, 0, 11;
    %cmp/u;
    %jmp/1 T_21.2, 6;
    %dup/vec4;
    %pushi/vec4 3, 0, 11;
    %cmp/u;
    %jmp/1 T_21.3, 6;
    %dup/vec4;
    %pushi/vec4 4, 0, 11;
    %cmp/u;
    %jmp/1 T_21.4, 6;
    %dup/vec4;
    %pushi/vec4 5, 0, 11;
    %cmp/u;
    %jmp/1 T_21.5, 6;
    %dup/vec4;
    %pushi/vec4 6, 0, 11;
    %cmp/u;
    %jmp/1 T_21.6, 6;
    %dup/vec4;
    %pushi/vec4 7, 0, 11;
    %cmp/u;
    %jmp/1 T_21.7, 6;
    %dup/vec4;
    %pushi/vec4 8, 0, 11;
    %cmp/u;
    %jmp/1 T_21.8, 6;
    %dup/vec4;
    %pushi/vec4 9, 0, 11;
    %cmp/u;
    %jmp/1 T_21.9, 6;
    %load/vec4 v000001f813e1cb40_0;
    %cmpi/u 10, 0, 11;
    %flag_inv 5; GE is !LT
    %flag_get/vec4 5;
    %jmp/0 T_21.14, 5;
    %load/vec4 v000001f813e1cb40_0;
    %load/vec4 v000001f813e1b060_0;
    %cmp/u;
    %flag_get/vec4 5;
    %and;
T_21.14;
    %flag_set/vec4 8;
    %jmp/0xz  T_21.12, 8;
    %load/vec4 v000001f813e1cb40_0;
    %subi 10, 0, 11;
    %pad/u 12;
    %ix/vec4 4;
    %load/vec4a v000001f813e1b4c0, 4;
    %store/vec4 v000001f813e1c820_0, 0, 8;
    %jmp T_21.13;
T_21.12 ;
    %load/vec4 v000001f813e1cb40_0;
    %load/vec4 v000001f813e1b060_0;
    %cmp/e;
    %jmp/0xz  T_21.15, 4;
    %load/vec4 v000001f813e1c5a0_0;
    %store/vec4 v000001f813e1c820_0, 0, 8;
    %jmp T_21.16;
T_21.15 ;
    %pushi/vec4 85, 0, 8;
    %store/vec4 v000001f813e1c820_0, 0, 8;
T_21.16 ;
T_21.13 ;
    %jmp T_21.11;
T_21.0 ;
    %pushi/vec4 170, 0, 8;
    %store/vec4 v000001f813e1c820_0, 0, 8;
    %jmp T_21.11;
T_21.1 ;
    %load/vec4 v000001f813e1c6e0_0;
    %parti/s 8, 8, 5;
    %store/vec4 v000001f813e1c820_0, 0, 8;
    %jmp T_21.11;
T_21.2 ;
    %load/vec4 v000001f813e1c6e0_0;
    %parti/s 8, 0, 2;
    %store/vec4 v000001f813e1c820_0, 0, 8;
    %jmp T_21.11;
T_21.3 ;
    %load/vec4 v000001f813e1ba60_0;
    %store/vec4 v000001f813e1c820_0, 0, 8;
    %jmp T_21.11;
T_21.4 ;
    %load/vec4 v000001f813e1c640_0;
    %parti/s 8, 32, 7;
    %store/vec4 v000001f813e1c820_0, 0, 8;
    %jmp T_21.11;
T_21.5 ;
    %load/vec4 v000001f813e1c640_0;
    %parti/s 8, 24, 6;
    %store/vec4 v000001f813e1c820_0, 0, 8;
    %jmp T_21.11;
T_21.6 ;
    %load/vec4 v000001f813e1c640_0;
    %parti/s 8, 16, 6;
    %store/vec4 v000001f813e1c820_0, 0, 8;
    %jmp T_21.11;
T_21.7 ;
    %load/vec4 v000001f813e1c640_0;
    %parti/s 8, 8, 5;
    %store/vec4 v000001f813e1c820_0, 0, 8;
    %jmp T_21.11;
T_21.8 ;
    %load/vec4 v000001f813e1c640_0;
    %parti/s 8, 0, 2;
    %store/vec4 v000001f813e1c820_0, 0, 8;
    %jmp T_21.11;
T_21.9 ;
    %load/vec4 v000001f813e1c780_0;
    %store/vec4 v000001f813e1c820_0, 0, 8;
    %jmp T_21.11;
T_21.11 ;
    %pop/vec4 1;
    %jmp T_21;
    .thread T_21, $push;
    .scope S_000001f81377c270;
T_22 ;
    %wait E_000001f813d61700;
    %load/vec4 v000001f813e1c280_0;
    %flag_set/vec4 8;
    %jmp/0xz  T_22.0, 8;
    %pushi/vec4 0, 0, 16;
    %assign/vec4 v000001f813e1c6e0_0, 0;
    %pushi/vec4 0, 0, 11;
    %assign/vec4 v000001f813e1b7e0_0, 0;
    %pushi/vec4 0, 0, 8;
    %assign/vec4 v000001f813e1ba60_0, 0;
    %pushi/vec4 0, 0, 40;
    %assign/vec4 v000001f813e1c640_0, 0;
    %pushi/vec4 0, 0, 8;
    %assign/vec4 v000001f813e1c780_0, 0;
    %pushi/vec4 0, 0, 11;
    %assign/vec4 v000001f813e1cb40_0, 0;
    %pushi/vec4 0, 0, 8;
    %assign/vec4 v000001f813e1c5a0_0, 0;
    %pushi/vec4 0, 0, 1;
    %assign/vec4 v000001f813e1c460_0, 0;
    %pushi/vec4 0, 0, 32;
    %store/vec4 v000001f813e1b240_0, 0, 32;
T_22.2 ;
    %load/vec4 v000001f813e1b240_0;
    %cmpi/s 1024, 0, 32;
    %jmp/0xz T_22.3, 5;
    %pushi/vec4 0, 0, 8;
    %ix/getv/s 3, v000001f813e1b240_0;
    %ix/load 4, 0, 0; Constant delay
    %assign/vec4/a/d v000001f813e1b4c0, 0, 4;
    %load/vec4 v000001f813e1b240_0;
    %addi 1, 0, 32;
    %store/vec4 v000001f813e1b240_0, 0, 32;
    %jmp T_22.2;
T_22.3 ;
    %jmp T_22.1;
T_22.0 ;
    %load/vec4 v000001f813e1b6a0_0;
    %flag_set/vec4 8;
    %jmp/0xz  T_22.4, 8;
    %load/vec4 v000001f813e1bc40_0;
    %load/vec4 v000001f813e1bd80_0;
    %pad/u 12;
    %ix/vec4 3;
    %ix/load 4, 0, 0; Constant delay
    %assign/vec4/a/d v000001f813e1b4c0, 0, 4;
T_22.4 ;
    %load/vec4 v000001f813e1c460_0;
    %nor/r;
    %flag_set/vec4 8;
    %jmp/0xz  T_22.6, 8;
    %load/vec4 v000001f813e1b920_0;
    %flag_set/vec4 8;
    %jmp/0xz  T_22.8, 8;
    %load/vec4 v000001f813e1b740_0;
    %assign/vec4 v000001f813e1c6e0_0, 0;
    %load/vec4 v000001f813e1c320_0;
    %assign/vec4 v000001f813e1b7e0_0, 0;
    %load/vec4 v000001f813e1b380_0;
    %assign/vec4 v000001f813e1ba60_0, 0;
    %load/vec4 v000001f813e1cd20_0;
    %assign/vec4 v000001f813e1c640_0, 0;
    %load/vec4 v000001f813e1c1e0_0;
    %assign/vec4 v000001f813e1c780_0, 0;
    %pushi/vec4 0, 0, 11;
    %assign/vec4 v000001f813e1cb40_0, 0;
    %pushi/vec4 0, 0, 8;
    %assign/vec4 v000001f813e1c5a0_0, 0;
    %pushi/vec4 1, 0, 1;
    %assign/vec4 v000001f813e1c460_0, 0;
T_22.8 ;
    %jmp T_22.7;
T_22.6 ;
    %load/vec4 v000001f813e1cbe0_0;
    %flag_set/vec4 8;
    %jmp/0xz  T_22.10, 8;
    %load/vec4 v000001f813e1cb40_0;
    %load/vec4 v000001f813e1b060_0;
    %cmp/u;
    %jmp/0xz  T_22.12, 5;
    %load/vec4 v000001f813e1c5a0_0;
    %load/vec4 v000001f813e1c820_0;
    %xor;
    %assign/vec4 v000001f813e1c5a0_0, 0;
T_22.12 ;
    %load/vec4 v000001f813e1cb40_0;
    %load/vec4 v000001f813e1bb00_0;
    %cmp/e;
    %jmp/0xz  T_22.14, 4;
    %pushi/vec4 0, 0, 1;
    %assign/vec4 v000001f813e1c460_0, 0;
    %jmp T_22.15;
T_22.14 ;
    %load/vec4 v000001f813e1cb40_0;
    %addi 1, 0, 11;
    %assign/vec4 v000001f813e1cb40_0, 0;
T_22.15 ;
T_22.10 ;
T_22.7 ;
T_22.1 ;
    %jmp T_22;
    .thread T_22;
    .scope S_000001f813e2b0e0;
T_23 ;
    %wait E_000001f813d61700;
    %load/vec4 v000001f813e29c10_0;
    %flag_set/vec4 8;
    %jmp/0xz  T_23.0, 8;
    %pushi/vec4 0, 0, 3;
    %assign/vec4 v000001f813e2a610_0, 0;
    %pushi/vec4 0, 0, 16;
    %assign/vec4 v000001f813e292b0_0, 0;
    %pushi/vec4 0, 0, 3;
    %assign/vec4 v000001f813e2a070_0, 0;
    %pushi/vec4 0, 0, 8;
    %assign/vec4 v000001f813e2a110_0, 0;
    %pushi/vec4 1, 0, 1;
    %assign/vec4 v000001f813e2abb0_0, 0;
    %pushi/vec4 0, 0, 1;
    %assign/vec4 v000001f813e29350_0, 0;
    %jmp T_23.1;
T_23.0 ;
    %load/vec4 v000001f813e2a610_0;
    %dup/vec4;
    %pushi/vec4 0, 0, 3;
    %cmp/u;
    %jmp/1 T_23.2, 6;
    %dup/vec4;
    %pushi/vec4 1, 0, 3;
    %cmp/u;
    %jmp/1 T_23.3, 6;
    %dup/vec4;
    %pushi/vec4 2, 0, 3;
    %cmp/u;
    %jmp/1 T_23.4, 6;
    %dup/vec4;
    %pushi/vec4 3, 0, 3;
    %cmp/u;
    %jmp/1 T_23.5, 6;
    %dup/vec4;
    %pushi/vec4 4, 0, 3;
    %cmp/u;
    %jmp/1 T_23.6, 6;
    %pushi/vec4 0, 0, 3;
    %assign/vec4 v000001f813e2a610_0, 0;
    %jmp T_23.8;
T_23.2 ;
    %pushi/vec4 1, 0, 1;
    %assign/vec4 v000001f813e2abb0_0, 0;
    %pushi/vec4 0, 0, 1;
    %assign/vec4 v000001f813e29350_0, 0;
    %pushi/vec4 0, 0, 16;
    %assign/vec4 v000001f813e292b0_0, 0;
    %pushi/vec4 0, 0, 3;
    %assign/vec4 v000001f813e2a070_0, 0;
    %load/vec4 v000001f813e29490_0;
    %flag_set/vec4 8;
    %jmp/0xz  T_23.9, 8;
    %load/vec4 v000001f813e2a6b0_0;
    %assign/vec4 v000001f813e2a110_0, 0;
    %pushi/vec4 1, 0, 1;
    %assign/vec4 v000001f813e29350_0, 0;
    %pushi/vec4 1, 0, 3;
    %assign/vec4 v000001f813e2a610_0, 0;
T_23.9 ;
    %jmp T_23.8;
T_23.3 ;
    %pushi/vec4 0, 0, 1;
    %assign/vec4 v000001f813e2abb0_0, 0;
    %load/vec4 v000001f813e292b0_0;
    %pad/u 32;
    %cmpi/e 7, 0, 32;
    %jmp/0xz  T_23.11, 4;
    %pushi/vec4 0, 0, 16;
    %assign/vec4 v000001f813e292b0_0, 0;
    %pushi/vec4 2, 0, 3;
    %assign/vec4 v000001f813e2a610_0, 0;
    %jmp T_23.12;
T_23.11 ;
    %load/vec4 v000001f813e292b0_0;
    %addi 1, 0, 16;
    %assign/vec4 v000001f813e292b0_0, 0;
T_23.12 ;
    %jmp T_23.8;
T_23.4 ;
    %load/vec4 v000001f813e2a110_0;
    %load/vec4 v000001f813e2a070_0;
    %part/u 1;
    %assign/vec4 v000001f813e2abb0_0, 0;
    %load/vec4 v000001f813e292b0_0;
    %pad/u 32;
    %cmpi/e 7, 0, 32;
    %jmp/0xz  T_23.13, 4;
    %pushi/vec4 0, 0, 16;
    %assign/vec4 v000001f813e292b0_0, 0;
    %load/vec4 v000001f813e2a070_0;
    %cmpi/e 7, 0, 3;
    %jmp/0xz  T_23.15, 4;
    %pushi/vec4 0, 0, 3;
    %assign/vec4 v000001f813e2a070_0, 0;
    %pushi/vec4 3, 0, 3;
    %assign/vec4 v000001f813e2a610_0, 0;
    %jmp T_23.16;
T_23.15 ;
    %load/vec4 v000001f813e2a070_0;
    %addi 1, 0, 3;
    %assign/vec4 v000001f813e2a070_0, 0;
T_23.16 ;
    %jmp T_23.14;
T_23.13 ;
    %load/vec4 v000001f813e292b0_0;
    %addi 1, 0, 16;
    %assign/vec4 v000001f813e292b0_0, 0;
T_23.14 ;
    %jmp T_23.8;
T_23.5 ;
    %pushi/vec4 1, 0, 1;
    %assign/vec4 v000001f813e2abb0_0, 0;
    %load/vec4 v000001f813e292b0_0;
    %pad/u 32;
    %cmpi/e 7, 0, 32;
    %jmp/0xz  T_23.17, 4;
    %pushi/vec4 0, 0, 16;
    %assign/vec4 v000001f813e292b0_0, 0;
    %pushi/vec4 4, 0, 3;
    %assign/vec4 v000001f813e2a610_0, 0;
    %jmp T_23.18;
T_23.17 ;
    %load/vec4 v000001f813e292b0_0;
    %addi 1, 0, 16;
    %assign/vec4 v000001f813e292b0_0, 0;
T_23.18 ;
    %jmp T_23.8;
T_23.6 ;
    %pushi/vec4 1, 0, 1;
    %assign/vec4 v000001f813e2abb0_0, 0;
    %pushi/vec4 0, 0, 1;
    %assign/vec4 v000001f813e29350_0, 0;
    %pushi/vec4 0, 0, 3;
    %assign/vec4 v000001f813e2a610_0, 0;
    %jmp T_23.8;
T_23.8 ;
    %pop/vec4 1;
T_23.1 ;
    %jmp T_23;
    .thread T_23;
    .scope S_000001f813b69270;
T_24 ;
    %wait E_000001f813d61700;
    %load/vec4 v000001f813e02220_0;
    %flag_set/vec4 8;
    %jmp/0xz  T_24.0, 8;
    %pushi/vec4 0, 0, 3;
    %assign/vec4 v000001f813e03940_0, 0;
    %pushi/vec4 0, 0, 32;
    %assign/vec4 v000001f813e036c0_0, 0;
    %pushi/vec4 0, 0, 1;
    %assign/vec4 v000001f813e02ea0_0, 0;
    %pushi/vec4 0, 0, 1;
    %assign/vec4 v000001f813e01c80_0, 0;
    %pushi/vec4 0, 0, 1;
    %assign/vec4 v000001f813e03120_0, 0;
    %pushi/vec4 0, 0, 32;
    %assign/vec4 v000001f813e034e0_0, 0;
    %pushi/vec4 0, 0, 40;
    %assign/vec4 v000001f813e027c0_0, 0;
    %pushi/vec4 0, 0, 3;
    %assign/vec4 v000001f813e02180_0, 0;
    %pushi/vec4 0, 0, 1;
    %assign/vec4 v000001f813e022c0_0, 0;
    %pushi/vec4 0, 0, 32;
    %assign/vec4 v000001f813e02860_0, 0;
    %pushi/vec4 15, 0, 4;
    %assign/vec4 v000001f813e02f40_0, 0;
    %pushi/vec4 0, 0, 1;
    %assign/vec4 v000001f813e02fe0_0, 0;
    %pushi/vec4 0, 0, 1;
    %assign/vec4 v000001f813e03580_0, 0;
    %pushi/vec4 0, 0, 40;
    %assign/vec4 v000001f813e02720_0, 0;
    %pushi/vec4 0, 0, 3;
    %assign/vec4 v000001f813e02400_0, 0;
    %pushi/vec4 0, 0, 1;
    %assign/vec4 v000001f813e033a0_0, 0;
    %pushi/vec4 0, 0, 1;
    %assign/vec4 v000001f813e03620_0, 0;
    %jmp T_24.1;
T_24.0 ;
    %pushi/vec4 0, 0, 1;
    %assign/vec4 v000001f813e02ea0_0, 0;
    %pushi/vec4 0, 0, 1;
    %assign/vec4 v000001f813e01c80_0, 0;
    %pushi/vec4 0, 0, 1;
    %assign/vec4 v000001f813e03120_0, 0;
    %load/vec4 v000001f813e03940_0;
    %dup/vec4;
    %pushi/vec4 0, 0, 3;
    %cmp/u;
    %jmp/1 T_24.2, 6;
    %dup/vec4;
    %pushi/vec4 1, 0, 3;
    %cmp/u;
    %jmp/1 T_24.3, 6;
    %dup/vec4;
    %pushi/vec4 2, 0, 3;
    %cmp/u;
    %jmp/1 T_24.4, 6;
    %dup/vec4;
    %pushi/vec4 3, 0, 3;
    %cmp/u;
    %jmp/1 T_24.5, 6;
    %dup/vec4;
    %pushi/vec4 4, 0, 3;
    %cmp/u;
    %jmp/1 T_24.6, 6;
    %dup/vec4;
    %pushi/vec4 5, 0, 3;
    %cmp/u;
    %jmp/1 T_24.7, 6;
    %pushi/vec4 0, 0, 3;
    %assign/vec4 v000001f813e03940_0, 0;
    %jmp T_24.9;
T_24.2 ;
    %pushi/vec4 0, 0, 32;
    %assign/vec4 v000001f813e036c0_0, 0;
    %load/vec4 v000001f813e025e0_0;
    %flag_set/vec4 8;
    %jmp/0xz  T_24.10, 8;
    %load/vec4 v000001f813e02e00_0;
    %flag_set/vec4 8;
    %jmp/0xz  T_24.12, 8;
    %load/vec4 v000001f813e038a0_0;
    %assign/vec4 v000001f813e027c0_0, 0;
    %pushi/vec4 0, 0, 3;
    %assign/vec4 v000001f813e02180_0, 0;
    %pushi/vec4 1, 0, 1;
    %assign/vec4 v000001f813e022c0_0, 0;
    %load/vec4 v000001f813e01f00_0;
    %assign/vec4 v000001f813e02860_0, 0;
    %pushi/vec4 15, 0, 4;
    %assign/vec4 v000001f813e02f40_0, 0;
    %pushi/vec4 1, 0, 3;
    %assign/vec4 v000001f813e03940_0, 0;
    %jmp T_24.13;
T_24.12 ;
    %load/vec4 v000001f813e038a0_0;
    %assign/vec4 v000001f813e02720_0, 0;
    %pushi/vec4 0, 0, 3;
    %assign/vec4 v000001f813e02400_0, 0;
    %pushi/vec4 1, 0, 1;
    %assign/vec4 v000001f813e033a0_0, 0;
    %pushi/vec4 4, 0, 3;
    %assign/vec4 v000001f813e03940_0, 0;
T_24.13 ;
T_24.10 ;
    %jmp T_24.9;
T_24.3 ;
    %load/vec4 v000001f813e022c0_0;
    %flag_set/vec4 9;
    %flag_get/vec4 9;
    %jmp/0 T_24.16, 9;
    %load/vec4 v000001f813e01be0_0;
    %and;
T_24.16;
    %flag_set/vec4 8;
    %jmp/0xz  T_24.14, 8;
    %pushi/vec4 0, 0, 1;
    %assign/vec4 v000001f813e022c0_0, 0;
    %pushi/vec4 1, 0, 1;
    %assign/vec4 v000001f813e02fe0_0, 0;
    %pushi/vec4 0, 0, 32;
    %assign/vec4 v000001f813e036c0_0, 0;
    %pushi/vec4 2, 0, 3;
    %assign/vec4 v000001f813e03940_0, 0;
    %jmp T_24.15;
T_24.14 ;
    %load/vec4 v000001f813e036c0_0;
    %cmpi/u 31, 0, 32;
    %flag_inv 5; GE is !LT
    %jmp/0xz  T_24.17, 5;
    %pushi/vec4 0, 0, 1;
    %assign/vec4 v000001f813e022c0_0, 0;
    %pushi/vec4 1, 0, 1;
    %assign/vec4 v000001f813e02ea0_0, 0;
    %pushi/vec4 1, 0, 1;
    %assign/vec4 v000001f813e01c80_0, 0;
    %pushi/vec4 1, 0, 1;
    %assign/vec4 v000001f813e03120_0, 0;
    %pushi/vec4 0, 0, 32;
    %assign/vec4 v000001f813e036c0_0, 0;
    %pushi/vec4 0, 0, 3;
    %assign/vec4 v000001f813e03940_0, 0;
    %jmp T_24.18;
T_24.17 ;
    %load/vec4 v000001f813e036c0_0;
    %addi 1, 0, 32;
    %assign/vec4 v000001f813e036c0_0, 0;
T_24.18 ;
T_24.15 ;
    %jmp T_24.9;
T_24.4 ;
    %load/vec4 v000001f813e02fe0_0;
    %flag_set/vec4 9;
    %flag_get/vec4 9;
    %jmp/0 T_24.21, 9;
    %load/vec4 v000001f813e03300_0;
    %and;
T_24.21;
    %flag_set/vec4 8;
    %jmp/0xz  T_24.19, 8;
    %pushi/vec4 0, 0, 1;
    %assign/vec4 v000001f813e02fe0_0, 0;
    %pushi/vec4 1, 0, 1;
    %assign/vec4 v000001f813e03580_0, 0;
    %pushi/vec4 0, 0, 32;
    %assign/vec4 v000001f813e036c0_0, 0;
    %pushi/vec4 3, 0, 3;
    %assign/vec4 v000001f813e03940_0, 0;
    %jmp T_24.20;
T_24.19 ;
    %load/vec4 v000001f813e036c0_0;
    %cmpi/u 31, 0, 32;
    %flag_inv 5; GE is !LT
    %jmp/0xz  T_24.22, 5;
    %pushi/vec4 0, 0, 1;
    %assign/vec4 v000001f813e02fe0_0, 0;
    %pushi/vec4 1, 0, 1;
    %assign/vec4 v000001f813e02ea0_0, 0;
    %pushi/vec4 1, 0, 1;
    %assign/vec4 v000001f813e01c80_0, 0;
    %pushi/vec4 1, 0, 1;
    %assign/vec4 v000001f813e03120_0, 0;
    %pushi/vec4 0, 0, 32;
    %assign/vec4 v000001f813e036c0_0, 0;
    %pushi/vec4 0, 0, 3;
    %assign/vec4 v000001f813e03940_0, 0;
    %jmp T_24.23;
T_24.22 ;
    %load/vec4 v000001f813e036c0_0;
    %addi 1, 0, 32;
    %assign/vec4 v000001f813e036c0_0, 0;
T_24.23 ;
T_24.20 ;
    %jmp T_24.9;
T_24.5 ;
    %load/vec4 v000001f813e02900_0;
    %flag_set/vec4 9;
    %flag_get/vec4 9;
    %jmp/0 T_24.26, 9;
    %load/vec4 v000001f813e03580_0;
    %and;
T_24.26;
    %flag_set/vec4 8;
    %jmp/0xz  T_24.24, 8;
    %pushi/vec4 0, 0, 1;
    %assign/vec4 v000001f813e03580_0, 0;
    %pushi/vec4 1, 0, 1;
    %assign/vec4 v000001f813e02ea0_0, 0;
    %load/vec4 v000001f813e03260_0;
    %pushi/vec4 0, 0, 2;
    %cmp/ne;
    %flag_get/vec4 4;
    %assign/vec4 v000001f813e01c80_0, 0;
    %pushi/vec4 0, 0, 32;
    %assign/vec4 v000001f813e036c0_0, 0;
    %pushi/vec4 0, 0, 3;
    %assign/vec4 v000001f813e03940_0, 0;
    %jmp T_24.25;
T_24.24 ;
    %load/vec4 v000001f813e036c0_0;
    %cmpi/u 31, 0, 32;
    %flag_inv 5; GE is !LT
    %jmp/0xz  T_24.27, 5;
    %pushi/vec4 0, 0, 1;
    %assign/vec4 v000001f813e03580_0, 0;
    %pushi/vec4 1, 0, 1;
    %assign/vec4 v000001f813e02ea0_0, 0;
    %pushi/vec4 1, 0, 1;
    %assign/vec4 v000001f813e01c80_0, 0;
    %pushi/vec4 1, 0, 1;
    %assign/vec4 v000001f813e03120_0, 0;
    %pushi/vec4 0, 0, 32;
    %assign/vec4 v000001f813e036c0_0, 0;
    %pushi/vec4 0, 0, 3;
    %assign/vec4 v000001f813e03940_0, 0;
    %jmp T_24.28;
T_24.27 ;
    %load/vec4 v000001f813e036c0_0;
    %addi 1, 0, 32;
    %assign/vec4 v000001f813e036c0_0, 0;
T_24.28 ;
T_24.25 ;
    %jmp T_24.9;
T_24.6 ;
    %load/vec4 v000001f813e033a0_0;
    %flag_set/vec4 9;
    %flag_get/vec4 9;
    %jmp/0 T_24.31, 9;
    %load/vec4 v000001f813e020e0_0;
    %and;
T_24.31;
    %flag_set/vec4 8;
    %jmp/0xz  T_24.29, 8;
    %pushi/vec4 0, 0, 1;
    %assign/vec4 v000001f813e033a0_0, 0;
    %pushi/vec4 1, 0, 1;
    %assign/vec4 v000001f813e03620_0, 0;
    %pushi/vec4 0, 0, 32;
    %assign/vec4 v000001f813e036c0_0, 0;
    %pushi/vec4 5, 0, 3;
    %assign/vec4 v000001f813e03940_0, 0;
    %jmp T_24.30;
T_24.29 ;
    %load/vec4 v000001f813e036c0_0;
    %cmpi/u 31, 0, 32;
    %flag_inv 5; GE is !LT
    %jmp/0xz  T_24.32, 5;
    %pushi/vec4 0, 0, 1;
    %assign/vec4 v000001f813e033a0_0, 0;
    %pushi/vec4 1, 0, 1;
    %assign/vec4 v000001f813e02ea0_0, 0;
    %pushi/vec4 1, 0, 1;
    %assign/vec4 v000001f813e01c80_0, 0;
    %pushi/vec4 1, 0, 1;
    %assign/vec4 v000001f813e03120_0, 0;
    %pushi/vec4 0, 0, 32;
    %assign/vec4 v000001f813e036c0_0, 0;
    %pushi/vec4 0, 0, 3;
    %assign/vec4 v000001f813e03940_0, 0;
    %jmp T_24.33;
T_24.32 ;
    %load/vec4 v000001f813e036c0_0;
    %addi 1, 0, 32;
    %assign/vec4 v000001f813e036c0_0, 0;
T_24.33 ;
T_24.30 ;
    %jmp T_24.9;
T_24.7 ;
    %load/vec4 v000001f813e029a0_0;
    %flag_set/vec4 9;
    %flag_get/vec4 9;
    %jmp/0 T_24.36, 9;
    %load/vec4 v000001f813e03620_0;
    %and;
T_24.36;
    %flag_set/vec4 8;
    %jmp/0xz  T_24.34, 8;
    %pushi/vec4 0, 0, 1;
    %assign/vec4 v000001f813e03620_0, 0;
    %load/vec4 v000001f813e03760_0;
    %assign/vec4 v000001f813e034e0_0, 0;
    %pushi/vec4 1, 0, 1;
    %assign/vec4 v000001f813e02ea0_0, 0;
    %load/vec4 v000001f813e03440_0;
    %pushi/vec4 0, 0, 2;
    %cmp/ne;
    %flag_get/vec4 4;
    %assign/vec4 v000001f813e01c80_0, 0;
    %pushi/vec4 0, 0, 32;
    %assign/vec4 v000001f813e036c0_0, 0;
    %pushi/vec4 0, 0, 3;
    %assign/vec4 v000001f813e03940_0, 0;
    %jmp T_24.35;
T_24.34 ;
    %load/vec4 v000001f813e036c0_0;
    %cmpi/u 31, 0, 32;
    %flag_inv 5; GE is !LT
    %jmp/0xz  T_24.37, 5;
    %pushi/vec4 0, 0, 1;
    %assign/vec4 v000001f813e03620_0, 0;
    %pushi/vec4 1, 0, 1;
    %assign/vec4 v000001f813e02ea0_0, 0;
    %pushi/vec4 1, 0, 1;
    %assign/vec4 v000001f813e01c80_0, 0;
    %pushi/vec4 1, 0, 1;
    %assign/vec4 v000001f813e03120_0, 0;
    %pushi/vec4 0, 0, 32;
    %assign/vec4 v000001f813e036c0_0, 0;
    %pushi/vec4 0, 0, 3;
    %assign/vec4 v000001f813e03940_0, 0;
    %jmp T_24.38;
T_24.37 ;
    %load/vec4 v000001f813e036c0_0;
    %addi 1, 0, 32;
    %assign/vec4 v000001f813e036c0_0, 0;
T_24.38 ;
T_24.35 ;
    %jmp T_24.9;
T_24.9 ;
    %pop/vec4 1;
T_24.1 ;
    %jmp T_24;
    .thread T_24;
    .scope S_000001f813b690e0;
T_25 ;
    %wait E_000001f813d61700;
    %load/vec4 v000001f813dffef0_0;
    %flag_set/vec4 8;
    %jmp/0xz  T_25.0, 8;
    %pushi/vec4 0, 0, 3;
    %assign/vec4 v000001f813e02ae0_0, 0;
    %pushi/vec4 0, 0, 9;
    %assign/vec4 v000001f813e02540_0, 0;
    %pushi/vec4 0, 0, 9;
    %assign/vec4 v000001f813e02cc0_0, 0;
    %pushi/vec4 0, 0, 9;
    %assign/vec4 v000001f813e02360_0, 0;
    %pushi/vec4 0, 0, 32;
    %assign/vec4 v000001f813e02b80_0, 0;
    %pushi/vec4 0, 0, 1;
    %assign/vec4 v000001f813e031c0_0, 0;
    %pushi/vec4 0, 0, 1;
    %assign/vec4 v000001f813e003f0_0, 0;
    %pushi/vec4 0, 0, 1;
    %assign/vec4 v000001f813e007b0_0, 0;
    %pushi/vec4 0, 0, 1;
    %assign/vec4 v000001f813e00490_0, 0;
    %pushi/vec4 0, 0, 32;
    %assign/vec4 v000001f813e024a0_0, 0;
    %pushi/vec4 0, 0, 1;
    %assign/vec4 v000001f813e02c20_0, 0;
    %pushi/vec4 0, 0, 40;
    %assign/vec4 v000001f813e00530_0, 0;
    %pushi/vec4 0, 0, 8;
    %assign/vec4 v000001f813dffa90_0, 0;
    %pushi/vec4 2, 0, 3;
    %assign/vec4 v000001f813e00fd0_0, 0;
    %pushi/vec4 1, 0, 2;
    %assign/vec4 v000001f813e012f0_0, 0;
    %pushi/vec4 0, 0, 1;
    %assign/vec4 v000001f813dffb30_0, 0;
    %pushi/vec4 3, 0, 4;
    %assign/vec4 v000001f813e017f0_0, 0;
    %pushi/vec4 0, 0, 3;
    %assign/vec4 v000001f813e00e90_0, 0;
    %pushi/vec4 0, 0, 4;
    %assign/vec4 v000001f813dfff90_0, 0;
    %pushi/vec4 0, 0, 1;
    %assign/vec4 v000001f813e00210_0, 0;
    %pushi/vec4 0, 0, 1;
    %assign/vec4 v000001f813e01390_0, 0;
    %pushi/vec4 0, 0, 40;
    %assign/vec4 v000001f813e00df0_0, 0;
    %pushi/vec4 0, 0, 8;
    %assign/vec4 v000001f813e01110_0, 0;
    %pushi/vec4 2, 0, 3;
    %assign/vec4 v000001f813e00170_0, 0;
    %pushi/vec4 1, 0, 2;
    %assign/vec4 v000001f813dffdb0_0, 0;
    %pushi/vec4 0, 0, 1;
    %assign/vec4 v000001f813e01890_0, 0;
    %pushi/vec4 3, 0, 4;
    %assign/vec4 v000001f813dffe50_0, 0;
    %pushi/vec4 0, 0, 3;
    %assign/vec4 v000001f813e008f0_0, 0;
    %pushi/vec4 0, 0, 4;
    %assign/vec4 v000001f813e014d0_0, 0;
    %pushi/vec4 0, 0, 1;
    %assign/vec4 v000001f813e01570_0, 0;
    %jmp T_25.1;
T_25.0 ;
    %pushi/vec4 0, 0, 1;
    %assign/vec4 v000001f813e003f0_0, 0;
    %pushi/vec4 0, 0, 1;
    %assign/vec4 v000001f813e007b0_0, 0;
    %pushi/vec4 0, 0, 1;
    %assign/vec4 v000001f813e00490_0, 0;
    %pushi/vec4 0, 0, 1;
    %assign/vec4 v000001f813e02c20_0, 0;
    %load/vec4 v000001f813e02ae0_0;
    %dup/vec4;
    %pushi/vec4 0, 0, 3;
    %cmp/u;
    %jmp/1 T_25.2, 6;
    %dup/vec4;
    %pushi/vec4 1, 0, 3;
    %cmp/u;
    %jmp/1 T_25.3, 6;
    %dup/vec4;
    %pushi/vec4 2, 0, 3;
    %cmp/u;
    %jmp/1 T_25.4, 6;
    %dup/vec4;
    %pushi/vec4 3, 0, 3;
    %cmp/u;
    %jmp/1 T_25.5, 6;
    %dup/vec4;
    %pushi/vec4 4, 0, 3;
    %cmp/u;
    %jmp/1 T_25.6, 6;
    %dup/vec4;
    %pushi/vec4 5, 0, 3;
    %cmp/u;
    %jmp/1 T_25.7, 6;
    %pushi/vec4 0, 0, 3;
    %assign/vec4 v000001f813e02ae0_0, 0;
    %jmp T_25.9;
T_25.2 ;
    %pushi/vec4 0, 0, 32;
    %assign/vec4 v000001f813e02b80_0, 0;
    %pushi/vec4 0, 0, 9;
    %assign/vec4 v000001f813e02cc0_0, 0;
    %pushi/vec4 0, 0, 9;
    %assign/vec4 v000001f813e02360_0, 0;
    %pushi/vec4 0, 0, 1;
    %assign/vec4 v000001f813e031c0_0, 0;
    %load/vec4 v000001f813e01430_0;
    %flag_set/vec4 8;
    %jmp/0xz  T_25.10, 8;
    %load/vec4 v000001f813e01930_0;
    %cmpi/e 0, 0, 9;
    %jmp/0xz  T_25.12, 4;
    %pushi/vec4 1, 0, 1;
    %assign/vec4 v000001f813e003f0_0, 0;
    %pushi/vec4 1, 0, 1;
    %assign/vec4 v000001f813e007b0_0, 0;
    %jmp T_25.13;
T_25.12 ;
    %load/vec4 v000001f813e01930_0;
    %assign/vec4 v000001f813e02540_0, 0;
    %load/vec4 v000001f813dffc70_0;
    %flag_set/vec4 8;
    %jmp/0xz  T_25.14, 8;
    %load/vec4 v000001f813e01750_0;
    %assign/vec4 v000001f813e00530_0, 0;
    %load/vec4 v000001f813e01930_0;
    %subi 1, 0, 9;
    %pad/u 8;
    %assign/vec4 v000001f813dffa90_0, 0;
    %pushi/vec4 2, 0, 3;
    %assign/vec4 v000001f813e00fd0_0, 0;
    %pushi/vec4 1, 0, 2;
    %assign/vec4 v000001f813e012f0_0, 0;
    %pushi/vec4 0, 0, 1;
    %assign/vec4 v000001f813dffb30_0, 0;
    %pushi/vec4 3, 0, 4;
    %assign/vec4 v000001f813e017f0_0, 0;
    %pushi/vec4 0, 0, 3;
    %assign/vec4 v000001f813e00e90_0, 0;
    %pushi/vec4 0, 0, 4;
    %assign/vec4 v000001f813dfff90_0, 0;
    %pushi/vec4 1, 0, 1;
    %assign/vec4 v000001f813e00210_0, 0;
    %pushi/vec4 1, 0, 3;
    %assign/vec4 v000001f813e02ae0_0, 0;
    %jmp T_25.15;
T_25.14 ;
    %load/vec4 v000001f813e01750_0;
    %assign/vec4 v000001f813e00df0_0, 0;
    %load/vec4 v000001f813e01930_0;
    %subi 1, 0, 9;
    %pad/u 8;
    %assign/vec4 v000001f813e01110_0, 0;
    %pushi/vec4 2, 0, 3;
    %assign/vec4 v000001f813e00170_0, 0;
    %pushi/vec4 1, 0, 2;
    %assign/vec4 v000001f813dffdb0_0, 0;
    %pushi/vec4 0, 0, 1;
    %assign/vec4 v000001f813e01890_0, 0;
    %pushi/vec4 3, 0, 4;
    %assign/vec4 v000001f813dffe50_0, 0;
    %pushi/vec4 0, 0, 3;
    %assign/vec4 v000001f813e008f0_0, 0;
    %pushi/vec4 0, 0, 4;
    %assign/vec4 v000001f813e014d0_0, 0;
    %pushi/vec4 1, 0, 1;
    %assign/vec4 v000001f813e01570_0, 0;
    %pushi/vec4 4, 0, 3;
    %assign/vec4 v000001f813e02ae0_0, 0;
T_25.15 ;
T_25.13 ;
T_25.10 ;
    %jmp T_25.9;
T_25.3 ;
    %load/vec4 v000001f813e00210_0;
    %flag_set/vec4 9;
    %flag_get/vec4 9;
    %jmp/0 T_25.18, 9;
    %load/vec4 v000001f813e00670_0;
    %and;
T_25.18;
    %flag_set/vec4 8;
    %jmp/0xz  T_25.16, 8;
    %pushi/vec4 0, 0, 1;
    %assign/vec4 v000001f813e00210_0, 0;
    %pushi/vec4 0, 0, 32;
    %assign/vec4 v000001f813e02b80_0, 0;
    %pushi/vec4 2, 0, 3;
    %assign/vec4 v000001f813e02ae0_0, 0;
    %jmp T_25.17;
T_25.16 ;
    %load/vec4 v000001f813e02b80_0;
    %cmpi/u 31, 0, 32;
    %flag_inv 5; GE is !LT
    %jmp/0xz  T_25.19, 5;
    %pushi/vec4 0, 0, 1;
    %assign/vec4 v000001f813e00210_0, 0;
    %pushi/vec4 1, 0, 1;
    %assign/vec4 v000001f813e003f0_0, 0;
    %pushi/vec4 1, 0, 1;
    %assign/vec4 v000001f813e007b0_0, 0;
    %pushi/vec4 1, 0, 1;
    %assign/vec4 v000001f813e00490_0, 0;
    %pushi/vec4 0, 0, 32;
    %assign/vec4 v000001f813e02b80_0, 0;
    %pushi/vec4 0, 0, 3;
    %assign/vec4 v000001f813e02ae0_0, 0;
    %jmp T_25.20;
T_25.19 ;
    %load/vec4 v000001f813e02b80_0;
    %addi 1, 0, 32;
    %assign/vec4 v000001f813e02b80_0, 0;
T_25.20 ;
T_25.17 ;
    %jmp T_25.9;
T_25.4 ;
    %load/vec4 v000001f813e01e60_0;
    %flag_set/vec4 8;
    %jmp/0xz  T_25.21, 8;
    %pushi/vec4 0, 0, 32;
    %assign/vec4 v000001f813e02b80_0, 0;
    %load/vec4 v000001f813e01fa0_0;
    %flag_set/vec4 8;
    %jmp/0xz  T_25.23, 8;
    %pushi/vec4 1, 0, 1;
    %assign/vec4 v000001f813e01390_0, 0;
    %pushi/vec4 3, 0, 3;
    %assign/vec4 v000001f813e02ae0_0, 0;
T_25.23 ;
    %load/vec4 v000001f813e02cc0_0;
    %addi 1, 0, 9;
    %assign/vec4 v000001f813e02cc0_0, 0;
    %jmp T_25.22;
T_25.21 ;
    %load/vec4 v000001f813e02b80_0;
    %cmpi/u 31, 0, 32;
    %flag_inv 5; GE is !LT
    %jmp/0xz  T_25.25, 5;
    %pushi/vec4 0, 0, 1;
    %assign/vec4 v000001f813e01390_0, 0;
    %pushi/vec4 1, 0, 1;
    %assign/vec4 v000001f813e003f0_0, 0;
    %pushi/vec4 1, 0, 1;
    %assign/vec4 v000001f813e007b0_0, 0;
    %pushi/vec4 1, 0, 1;
    %assign/vec4 v000001f813e00490_0, 0;
    %pushi/vec4 0, 0, 32;
    %assign/vec4 v000001f813e02b80_0, 0;
    %pushi/vec4 0, 0, 3;
    %assign/vec4 v000001f813e02ae0_0, 0;
    %jmp T_25.26;
T_25.25 ;
    %load/vec4 v000001f813e02b80_0;
    %addi 1, 0, 32;
    %assign/vec4 v000001f813e02b80_0, 0;
T_25.26 ;
T_25.22 ;
    %jmp T_25.9;
T_25.5 ;
    %load/vec4 v000001f813e01070_0;
    %flag_set/vec4 9;
    %flag_get/vec4 9;
    %jmp/0 T_25.29, 9;
    %load/vec4 v000001f813e01390_0;
    %and;
T_25.29;
    %flag_set/vec4 8;
    %jmp/0xz  T_25.27, 8;
    %pushi/vec4 0, 0, 1;
    %assign/vec4 v000001f813e01390_0, 0;
    %pushi/vec4 1, 0, 1;
    %assign/vec4 v000001f813e003f0_0, 0;
    %load/vec4 v000001f813e00350_0;
    %pushi/vec4 0, 0, 2;
    %cmp/ne;
    %flag_get/vec4 4;
    %assign/vec4 v000001f813e007b0_0, 0;
    %pushi/vec4 0, 0, 32;
    %assign/vec4 v000001f813e02b80_0, 0;
    %pushi/vec4 0, 0, 3;
    %assign/vec4 v000001f813e02ae0_0, 0;
    %jmp T_25.28;
T_25.27 ;
    %load/vec4 v000001f813e02b80_0;
    %cmpi/u 31, 0, 32;
    %flag_inv 5; GE is !LT
    %jmp/0xz  T_25.30, 5;
    %pushi/vec4 0, 0, 1;
    %assign/vec4 v000001f813e01390_0, 0;
    %pushi/vec4 1, 0, 1;
    %assign/vec4 v000001f813e003f0_0, 0;
    %pushi/vec4 1, 0, 1;
    %assign/vec4 v000001f813e007b0_0, 0;
    %pushi/vec4 1, 0, 1;
    %assign/vec4 v000001f813e00490_0, 0;
    %pushi/vec4 0, 0, 32;
    %assign/vec4 v000001f813e02b80_0, 0;
    %pushi/vec4 0, 0, 3;
    %assign/vec4 v000001f813e02ae0_0, 0;
    %jmp T_25.31;
T_25.30 ;
    %load/vec4 v000001f813e02b80_0;
    %addi 1, 0, 32;
    %assign/vec4 v000001f813e02b80_0, 0;
T_25.31 ;
T_25.28 ;
    %jmp T_25.9;
T_25.6 ;
    %load/vec4 v000001f813e01570_0;
    %flag_set/vec4 9;
    %flag_get/vec4 9;
    %jmp/0 T_25.34, 9;
    %load/vec4 v000001f813e00f30_0;
    %and;
T_25.34;
    %flag_set/vec4 8;
    %jmp/0xz  T_25.32, 8;
    %pushi/vec4 0, 0, 1;
    %assign/vec4 v000001f813e01570_0, 0;
    %pushi/vec4 0, 0, 32;
    %assign/vec4 v000001f813e02b80_0, 0;
    %pushi/vec4 5, 0, 3;
    %assign/vec4 v000001f813e02ae0_0, 0;
    %jmp T_25.33;
T_25.32 ;
    %load/vec4 v000001f813e02b80_0;
    %cmpi/u 31, 0, 32;
    %flag_inv 5; GE is !LT
    %jmp/0xz  T_25.35, 5;
    %pushi/vec4 0, 0, 1;
    %assign/vec4 v000001f813e01570_0, 0;
    %pushi/vec4 1, 0, 1;
    %assign/vec4 v000001f813e003f0_0, 0;
    %pushi/vec4 1, 0, 1;
    %assign/vec4 v000001f813e007b0_0, 0;
    %pushi/vec4 1, 0, 1;
    %assign/vec4 v000001f813e00490_0, 0;
    %pushi/vec4 0, 0, 32;
    %assign/vec4 v000001f813e02b80_0, 0;
    %pushi/vec4 0, 0, 3;
    %assign/vec4 v000001f813e02ae0_0, 0;
    %jmp T_25.36;
T_25.35 ;
    %load/vec4 v000001f813e02b80_0;
    %addi 1, 0, 32;
    %assign/vec4 v000001f813e02b80_0, 0;
T_25.36 ;
T_25.33 ;
    %jmp T_25.9;
T_25.7 ;
    %load/vec4 v000001f813e01dc0_0;
    %flag_set/vec4 8;
    %jmp/0xz  T_25.37, 8;
    %load/vec4 v000001f813e00cb0_0;
    %assign/vec4 v000001f813e024a0_0, 0;
    %pushi/vec4 1, 0, 1;
    %assign/vec4 v000001f813e02c20_0, 0;
    %pushi/vec4 0, 0, 32;
    %assign/vec4 v000001f813e02b80_0, 0;
    %load/vec4 v000001f813e016b0_0;
    %cmpi/ne 0, 0, 2;
    %jmp/0xz  T_25.39, 4;
    %pushi/vec4 1, 0, 1;
    %assign/vec4 v000001f813e031c0_0, 0;
T_25.39 ;
    %load/vec4 v000001f813e01610_0;
    %load/vec4 v000001f813e02360_0;
    %load/vec4 v000001f813e02540_0;
    %subi 1, 0, 9;
    %cmp/e;
    %flag_get/vec4 4;
    %cmp/ne;
    %jmp/0xz  T_25.41, 4;
    %pushi/vec4 1, 0, 1;
    %assign/vec4 v000001f813e031c0_0, 0;
T_25.41 ;
    %load/vec4 v000001f813e02360_0;
    %load/vec4 v000001f813e02540_0;
    %subi 1, 0, 9;
    %cmp/e;
    %jmp/0xz  T_25.43, 4;
    %pushi/vec4 1, 0, 1;
    %assign/vec4 v000001f813e003f0_0, 0;
    %load/vec4 v000001f813e031c0_0;
    %load/vec4 v000001f813e016b0_0;
    %pushi/vec4 0, 0, 2;
    %cmp/ne;
    %flag_get/vec4 4;
    %or;
    %load/vec4 v000001f813e01610_0;
    %pushi/vec4 1, 0, 1;
    %cmp/ne;
    %flag_get/vec4 4;
    %or;
    %assign/vec4 v000001f813e007b0_0, 0;
    %pushi/vec4 0, 0, 3;
    %assign/vec4 v000001f813e02ae0_0, 0;
T_25.43 ;
    %load/vec4 v000001f813e02360_0;
    %addi 1, 0, 9;
    %assign/vec4 v000001f813e02360_0, 0;
    %jmp T_25.38;
T_25.37 ;
    %load/vec4 v000001f813e02b80_0;
    %cmpi/u 31, 0, 32;
    %flag_inv 5; GE is !LT
    %jmp/0xz  T_25.45, 5;
    %pushi/vec4 1, 0, 1;
    %assign/vec4 v000001f813e003f0_0, 0;
    %pushi/vec4 1, 0, 1;
    %assign/vec4 v000001f813e007b0_0, 0;
    %pushi/vec4 1, 0, 1;
    %assign/vec4 v000001f813e00490_0, 0;
    %pushi/vec4 0, 0, 32;
    %assign/vec4 v000001f813e02b80_0, 0;
    %pushi/vec4 0, 0, 3;
    %assign/vec4 v000001f813e02ae0_0, 0;
    %jmp T_25.46;
T_25.45 ;
    %load/vec4 v000001f813e02b80_0;
    %addi 1, 0, 32;
    %assign/vec4 v000001f813e02b80_0, 0;
T_25.46 ;
T_25.38 ;
    %jmp T_25.9;
T_25.9 ;
    %pop/vec4 1;
T_25.1 ;
    %jmp T_25;
    .thread T_25;
    .scope S_000001f813e2b8b0;
T_26 ;
    %wait E_000001f813d61700;
    %load/vec4 v000001f813e34100_0;
    %flag_set/vec4 8;
    %jmp/0xz  T_26.0, 8;
    %pushi/vec4 0, 0, 3;
    %assign/vec4 v000001f813e32260_0, 0;
    %pushi/vec4 0, 0, 16;
    %assign/vec4 v000001f813e33fc0_0, 0;
    %pushi/vec4 0, 0, 3;
    %assign/vec4 v000001f813e32300_0, 0;
    %pushi/vec4 0, 0, 8;
    %assign/vec4 v000001f813e34560_0, 0;
    %pushi/vec4 0, 0, 1;
    %assign/vec4 v000001f813e33840_0, 0;
    %pushi/vec4 0, 0, 8;
    %assign/vec4 v000001f813e32440_0, 0;
    %jmp T_26.1;
T_26.0 ;
    %pushi/vec4 0, 0, 1;
    %assign/vec4 v000001f813e33840_0, 0;
    %load/vec4 v000001f813e32260_0;
    %dup/vec4;
    %pushi/vec4 0, 0, 3;
    %cmp/u;
    %jmp/1 T_26.2, 6;
    %dup/vec4;
    %pushi/vec4 1, 0, 3;
    %cmp/u;
    %jmp/1 T_26.3, 6;
    %dup/vec4;
    %pushi/vec4 2, 0, 3;
    %cmp/u;
    %jmp/1 T_26.4, 6;
    %dup/vec4;
    %pushi/vec4 3, 0, 3;
    %cmp/u;
    %jmp/1 T_26.5, 6;
    %dup/vec4;
    %pushi/vec4 4, 0, 3;
    %cmp/u;
    %jmp/1 T_26.6, 6;
    %pushi/vec4 0, 0, 3;
    %assign/vec4 v000001f813e32260_0, 0;
    %jmp T_26.8;
T_26.2 ;
    %pushi/vec4 0, 0, 16;
    %assign/vec4 v000001f813e33fc0_0, 0;
    %pushi/vec4 0, 0, 3;
    %assign/vec4 v000001f813e32300_0, 0;
    %load/vec4 v000001f813e33200_0;
    %nor/r;
    %flag_set/vec4 8;
    %jmp/0xz  T_26.9, 8;
    %pushi/vec4 1, 0, 3;
    %assign/vec4 v000001f813e32260_0, 0;
T_26.9 ;
    %jmp T_26.8;
T_26.3 ;
    %load/vec4 v000001f813e33fc0_0;
    %pad/u 32;
    %cmpi/e 3, 0, 32;
    %jmp/0xz  T_26.11, 4;
    %load/vec4 v000001f813e33200_0;
    %nor/r;
    %flag_set/vec4 8;
    %jmp/0xz  T_26.13, 8;
    %pushi/vec4 0, 0, 16;
    %assign/vec4 v000001f813e33fc0_0, 0;
    %pushi/vec4 2, 0, 3;
    %assign/vec4 v000001f813e32260_0, 0;
    %jmp T_26.14;
T_26.13 ;
    %pushi/vec4 0, 0, 3;
    %assign/vec4 v000001f813e32260_0, 0;
T_26.14 ;
    %jmp T_26.12;
T_26.11 ;
    %load/vec4 v000001f813e33fc0_0;
    %addi 1, 0, 16;
    %assign/vec4 v000001f813e33fc0_0, 0;
T_26.12 ;
    %jmp T_26.8;
T_26.4 ;
    %load/vec4 v000001f813e33fc0_0;
    %pad/u 32;
    %cmpi/e 7, 0, 32;
    %jmp/0xz  T_26.15, 4;
    %pushi/vec4 0, 0, 16;
    %assign/vec4 v000001f813e33fc0_0, 0;
    %load/vec4 v000001f813e33200_0;
    %ix/load 5, 0, 0;
    %ix/getv 4, v000001f813e32300_0;
    %assign/vec4/off/d v000001f813e34560_0, 4, 5;
    %load/vec4 v000001f813e32300_0;
    %cmpi/e 7, 0, 3;
    %jmp/0xz  T_26.17, 4;
    %pushi/vec4 0, 0, 3;
    %assign/vec4 v000001f813e32300_0, 0;
    %pushi/vec4 3, 0, 3;
    %assign/vec4 v000001f813e32260_0, 0;
    %jmp T_26.18;
T_26.17 ;
    %load/vec4 v000001f813e32300_0;
    %addi 1, 0, 3;
    %assign/vec4 v000001f813e32300_0, 0;
T_26.18 ;
    %jmp T_26.16;
T_26.15 ;
    %load/vec4 v000001f813e33fc0_0;
    %addi 1, 0, 16;
    %assign/vec4 v000001f813e33fc0_0, 0;
T_26.16 ;
    %jmp T_26.8;
T_26.5 ;
    %load/vec4 v000001f813e33fc0_0;
    %pad/u 32;
    %cmpi/e 7, 0, 32;
    %jmp/0xz  T_26.19, 4;
    %pushi/vec4 0, 0, 16;
    %assign/vec4 v000001f813e33fc0_0, 0;
    %load/vec4 v000001f813e34560_0;
    %assign/vec4 v000001f813e32440_0, 0;
    %pushi/vec4 4, 0, 3;
    %assign/vec4 v000001f813e32260_0, 0;
    %jmp T_26.20;
T_26.19 ;
    %load/vec4 v000001f813e33fc0_0;
    %addi 1, 0, 16;
    %assign/vec4 v000001f813e33fc0_0, 0;
T_26.20 ;
    %jmp T_26.8;
T_26.6 ;
    %pushi/vec4 1, 0, 1;
    %assign/vec4 v000001f813e33840_0, 0;
    %pushi/vec4 0, 0, 3;
    %assign/vec4 v000001f813e32260_0, 0;
    %jmp T_26.8;
T_26.8 ;
    %pop/vec4 1;
T_26.1 ;
    %jmp T_26;
    .thread T_26;
    .scope S_000001f813e2b720;
T_27 ;
    %wait E_000001f813d61700;
    %load/vec4 v000001f813e35820_0;
    %flag_set/vec4 8;
    %jmp/0xz  T_27.0, 8;
    %pushi/vec4 0, 0, 3;
    %assign/vec4 v000001f813e34420_0, 0;
    %pushi/vec4 0, 0, 8;
    %assign/vec4 v000001f813e34380_0, 0;
    %pushi/vec4 0, 0, 40;
    %assign/vec4 v000001f813e35000_0, 0;
    %pushi/vec4 0, 0, 1;
    %assign/vec4 v000001f813e34c40_0, 0;
    %pushi/vec4 0, 0, 1;
    %assign/vec4 v000001f813e34f60_0, 0;
    %pushi/vec4 0, 0, 2;
    %assign/vec4 v000001f813e34ce0_0, 0;
    %pushi/vec4 0, 0, 1;
    %assign/vec4 v000001f813e34920_0, 0;
    %pushi/vec4 0, 0, 1;
    %assign/vec4 v000001f813e35dc0_0, 0;
    %pushi/vec4 0, 0, 32;
    %assign/vec4 v000001f813e34d80_0, 0;
    %pushi/vec4 0, 0, 2;
    %assign/vec4 v000001f813e34e20_0, 0;
    %pushi/vec4 0, 0, 1;
    %assign/vec4 v000001f813e34ec0_0, 0;
    %pushi/vec4 0, 0, 32;
    %store/vec4 v000001f813e33a20_0, 0, 32;
T_27.2 ;
    %load/vec4 v000001f813e33a20_0;
    %cmpi/s 256, 0, 32;
    %jmp/0xz T_27.3, 5;
    %pushi/vec4 0, 0, 32;
    %ix/getv/s 3, v000001f813e33a20_0;
    %ix/load 4, 0, 0; Constant delay
    %assign/vec4/a/d v000001f813e34060, 0, 4;
    %load/vec4 v000001f813e33a20_0;
    %addi 1, 0, 32;
    %store/vec4 v000001f813e33a20_0, 0, 32;
    %jmp T_27.2;
T_27.3 ;
    %jmp T_27.1;
T_27.0 ;
    %load/vec4 v000001f813e34420_0;
    %dup/vec4;
    %pushi/vec4 0, 0, 3;
    %cmp/u;
    %jmp/1 T_27.4, 6;
    %dup/vec4;
    %pushi/vec4 1, 0, 3;
    %cmp/u;
    %jmp/1 T_27.5, 6;
    %dup/vec4;
    %pushi/vec4 2, 0, 3;
    %cmp/u;
    %jmp/1 T_27.6, 6;
    %dup/vec4;
    %pushi/vec4 3, 0, 3;
    %cmp/u;
    %jmp/1 T_27.7, 6;
    %dup/vec4;
    %pushi/vec4 4, 0, 3;
    %cmp/u;
    %jmp/1 T_27.8, 6;
    %dup/vec4;
    %pushi/vec4 5, 0, 3;
    %cmp/u;
    %jmp/1 T_27.9, 6;
    %pushi/vec4 0, 0, 3;
    %assign/vec4 v000001f813e34420_0, 0;
    %jmp T_27.11;
T_27.4 ;
    %pushi/vec4 0, 0, 8;
    %assign/vec4 v000001f813e34380_0, 0;
    %pushi/vec4 0, 0, 1;
    %assign/vec4 v000001f813e34c40_0, 0;
    %pushi/vec4 0, 0, 1;
    %assign/vec4 v000001f813e34f60_0, 0;
    %pushi/vec4 0, 0, 1;
    %assign/vec4 v000001f813e34920_0, 0;
    %pushi/vec4 0, 0, 1;
    %assign/vec4 v000001f813e35dc0_0, 0;
    %pushi/vec4 0, 0, 1;
    %assign/vec4 v000001f813e34ec0_0, 0;
    %load/vec4 v000001f813e351e0_0;
    %flag_set/vec4 8;
    %jmp/0xz  T_27.12, 8;
    %pushi/vec4 1, 0, 3;
    %assign/vec4 v000001f813e34420_0, 0;
    %jmp T_27.13;
T_27.12 ;
    %load/vec4 v000001f813e350a0_0;
    %flag_set/vec4 8;
    %jmp/0xz  T_27.14, 8;
    %pushi/vec4 4, 0, 3;
    %assign/vec4 v000001f813e34420_0, 0;
T_27.14 ;
T_27.13 ;
    %jmp T_27.11;
T_27.5 ;
    %load/vec4 v000001f813e34c40_0;
    %flag_set/vec4 9;
    %flag_get/vec4 9;
    %jmp/0 T_27.18, 9;
    %load/vec4 v000001f813e351e0_0;
    %and;
T_27.18;
    %flag_set/vec4 8;
    %jmp/0xz  T_27.16, 8;
    %pushi/vec4 0, 0, 1;
    %assign/vec4 v000001f813e34c40_0, 0;
    %load/vec4 v000001f813e35b40_0;
    %assign/vec4 v000001f813e35000_0, 0;
    %pushi/vec4 0, 0, 8;
    %assign/vec4 v000001f813e34380_0, 0;
    %pushi/vec4 2, 0, 3;
    %assign/vec4 v000001f813e34420_0, 0;
    %jmp T_27.17;
T_27.16 ;
    %load/vec4 v000001f813e35460_0;
    %nor/r;
    %flag_set/vec4 8;
    %jmp/0xz  T_27.19, 8;
    %load/vec4 v000001f813e34a60_0;
    %load/vec4 v000001f813e34380_0;
    %cmp/u;
    %flag_or 5, 4;
    %jmp/0xz  T_27.21, 5;
    %pushi/vec4 1, 0, 1;
    %assign/vec4 v000001f813e34c40_0, 0;
    %jmp T_27.22;
T_27.21 ;
    %load/vec4 v000001f813e34380_0;
    %addi 1, 0, 8;
    %assign/vec4 v000001f813e34380_0, 0;
T_27.22 ;
T_27.19 ;
T_27.17 ;
    %jmp T_27.11;
T_27.6 ;
    %load/vec4 v000001f813e34f60_0;
    %flag_set/vec4 9;
    %flag_get/vec4 9;
    %jmp/0 T_27.25, 9;
    %load/vec4 v000001f813e35960_0;
    %and;
T_27.25;
    %flag_set/vec4 8;
    %jmp/0xz  T_27.23, 8;
    %pushi/vec4 0, 0, 1;
    %assign/vec4 v000001f813e34f60_0, 0;
    %load/vec4 v000001f813e35aa0_0;
    %load/vec4 v000001f813e35000_0;
    %parti/s 8, 2, 3;
    %pad/u 10;
    %ix/vec4 3;
    %ix/load 4, 0, 0; Constant delay
    %assign/vec4/a/d v000001f813e34060, 0, 4;
    %load/vec4 v000001f813e35500_0;
    %flag_set/vec4 8;
    %jmp/0 T_27.26, 8;
    %pushi/vec4 2, 0, 2;
    %jmp/1 T_27.27, 8;
T_27.26 ; End of true expr.
    %pushi/vec4 0, 0, 2;
    %jmp/0 T_27.27, 8;
 ; End of false expr.
    %blend;
T_27.27;
    %assign/vec4 v000001f813e34ce0_0, 0;
    %pushi/vec4 0, 0, 8;
    %assign/vec4 v000001f813e34380_0, 0;
    %pushi/vec4 3, 0, 3;
    %assign/vec4 v000001f813e34420_0, 0;
    %jmp T_27.24;
T_27.23 ;
    %load/vec4 v000001f813e349c0_0;
    %nor/r;
    %flag_set/vec4 8;
    %jmp/0xz  T_27.28, 8;
    %load/vec4 v000001f813e35be0_0;
    %load/vec4 v000001f813e34380_0;
    %cmp/u;
    %flag_or 5, 4;
    %jmp/0xz  T_27.30, 5;
    %pushi/vec4 1, 0, 1;
    %assign/vec4 v000001f813e34f60_0, 0;
    %jmp T_27.31;
T_27.30 ;
    %load/vec4 v000001f813e34380_0;
    %addi 1, 0, 8;
    %assign/vec4 v000001f813e34380_0, 0;
T_27.31 ;
T_27.28 ;
T_27.24 ;
    %jmp T_27.11;
T_27.7 ;
    %load/vec4 v000001f813e34920_0;
    %flag_set/vec4 9;
    %flag_get/vec4 9;
    %jmp/0 T_27.34, 9;
    %load/vec4 v000001f813e35140_0;
    %and;
T_27.34;
    %flag_set/vec4 8;
    %jmp/0xz  T_27.32, 8;
    %pushi/vec4 0, 0, 1;
    %assign/vec4 v000001f813e34920_0, 0;
    %pushi/vec4 0, 0, 8;
    %assign/vec4 v000001f813e34380_0, 0;
    %pushi/vec4 0, 0, 3;
    %assign/vec4 v000001f813e34420_0, 0;
    %jmp T_27.33;
T_27.32 ;
    %load/vec4 v000001f813e35280_0;
    %nor/r;
    %flag_set/vec4 8;
    %jmp/0xz  T_27.35, 8;
    %load/vec4 v000001f813e34b00_0;
    %load/vec4 v000001f813e34380_0;
    %cmp/u;
    %flag_or 5, 4;
    %jmp/0xz  T_27.37, 5;
    %pushi/vec4 1, 0, 1;
    %assign/vec4 v000001f813e34920_0, 0;
    %jmp T_27.38;
T_27.37 ;
    %load/vec4 v000001f813e34380_0;
    %addi 1, 0, 8;
    %assign/vec4 v000001f813e34380_0, 0;
T_27.38 ;
T_27.35 ;
T_27.33 ;
    %jmp T_27.11;
T_27.8 ;
    %load/vec4 v000001f813e35dc0_0;
    %flag_set/vec4 9;
    %flag_get/vec4 9;
    %jmp/0 T_27.41, 9;
    %load/vec4 v000001f813e350a0_0;
    %and;
T_27.41;
    %flag_set/vec4 8;
    %jmp/0xz  T_27.39, 8;
    %pushi/vec4 0, 0, 1;
    %assign/vec4 v000001f813e35dc0_0, 0;
    %load/vec4 v000001f813e34ba0_0;
    %assign/vec4 v000001f813e35000_0, 0;
    %pushi/vec4 0, 0, 8;
    %assign/vec4 v000001f813e34380_0, 0;
    %pushi/vec4 5, 0, 3;
    %assign/vec4 v000001f813e34420_0, 0;
    %jmp T_27.40;
T_27.39 ;
    %load/vec4 v000001f813e35e60_0;
    %nor/r;
    %flag_set/vec4 8;
    %jmp/0xz  T_27.42, 8;
    %load/vec4 v000001f813e356e0_0;
    %load/vec4 v000001f813e34380_0;
    %cmp/u;
    %flag_or 5, 4;
    %jmp/0xz  T_27.44, 5;
    %pushi/vec4 1, 0, 1;
    %assign/vec4 v000001f813e35dc0_0, 0;
    %jmp T_27.45;
T_27.44 ;
    %load/vec4 v000001f813e34380_0;
    %addi 1, 0, 8;
    %assign/vec4 v000001f813e34380_0, 0;
T_27.45 ;
T_27.42 ;
T_27.40 ;
    %jmp T_27.11;
T_27.9 ;
    %load/vec4 v000001f813e34ec0_0;
    %flag_set/vec4 9;
    %flag_get/vec4 9;
    %jmp/0 T_27.48, 9;
    %load/vec4 v000001f813e355a0_0;
    %and;
T_27.48;
    %flag_set/vec4 8;
    %jmp/0xz  T_27.46, 8;
    %pushi/vec4 0, 0, 1;
    %assign/vec4 v000001f813e34ec0_0, 0;
    %pushi/vec4 0, 0, 8;
    %assign/vec4 v000001f813e34380_0, 0;
    %pushi/vec4 0, 0, 3;
    %assign/vec4 v000001f813e34420_0, 0;
    %jmp T_27.47;
T_27.46 ;
    %load/vec4 v000001f813e35a00_0;
    %nor/r;
    %flag_set/vec4 8;
    %jmp/0xz  T_27.49, 8;
    %load/vec4 v000001f813e35c80_0;
    %load/vec4 v000001f813e34380_0;
    %cmp/u;
    %flag_or 5, 4;
    %jmp/0xz  T_27.51, 5;
    %pushi/vec4 1, 0, 1;
    %assign/vec4 v000001f813e34ec0_0, 0;
    %load/vec4 v000001f813e35000_0;
    %parti/s 8, 2, 3;
    %pad/u 10;
    %ix/vec4 4;
    %load/vec4a v000001f813e34060, 4;
    %assign/vec4 v000001f813e34d80_0, 0;
    %load/vec4 v000001f813e353c0_0;
    %flag_set/vec4 8;
    %jmp/0 T_27.53, 8;
    %pushi/vec4 2, 0, 2;
    %jmp/1 T_27.54, 8;
T_27.53 ; End of true expr.
    %pushi/vec4 0, 0, 2;
    %jmp/0 T_27.54, 8;
 ; End of false expr.
    %blend;
T_27.54;
    %assign/vec4 v000001f813e34e20_0, 0;
    %jmp T_27.52;
T_27.51 ;
    %load/vec4 v000001f813e34380_0;
    %addi 1, 0, 8;
    %assign/vec4 v000001f813e34380_0, 0;
T_27.52 ;
T_27.49 ;
T_27.47 ;
    %jmp T_27.11;
T_27.11 ;
    %pop/vec4 1;
T_27.1 ;
    %jmp T_27;
    .thread T_27;
    .scope S_000001f813e2bd60;
T_28 ;
    %wait E_000001f813d61700;
    %load/vec4 v000001f813e2eed0_0;
    %flag_set/vec4 8;
    %jmp/0xz  T_28.0, 8;
    %pushi/vec4 0, 0, 3;
    %assign/vec4 v000001f813e35fa0_0, 0;
    %pushi/vec4 0, 0, 8;
    %assign/vec4 v000001f813e35d20_0, 0;
    %pushi/vec4 0, 0, 40;
    %assign/vec4 v000001f813e30cd0_0, 0;
    %pushi/vec4 0, 0, 9;
    %assign/vec4 v000001f813e30eb0_0, 0;
    %pushi/vec4 0, 0, 9;
    %assign/vec4 v000001f813e30d70_0, 0;
    %pushi/vec4 0, 0, 1;
    %assign/vec4 v000001f813e30ff0_0, 0;
    %pushi/vec4 0, 0, 1;
    %assign/vec4 v000001f813e30c30_0, 0;
    %pushi/vec4 0, 0, 2;
    %assign/vec4 v000001f813e31950_0, 0;
    %pushi/vec4 0, 0, 1;
    %assign/vec4 v000001f813e31b30_0, 0;
    %pushi/vec4 0, 0, 1;
    %assign/vec4 v000001f813e31a90_0, 0;
    %pushi/vec4 0, 0, 32;
    %assign/vec4 v000001f813e31f90_0, 0;
    %pushi/vec4 0, 0, 2;
    %assign/vec4 v000001f813e30e10_0, 0;
    %pushi/vec4 0, 0, 1;
    %assign/vec4 v000001f813e30910_0, 0;
    %pushi/vec4 0, 0, 1;
    %assign/vec4 v000001f813e30b90_0, 0;
    %pushi/vec4 0, 0, 32;
    %store/vec4 v000001f813e31090_0, 0, 32;
T_28.2 ;
    %load/vec4 v000001f813e31090_0;
    %cmpi/s 1024, 0, 32;
    %jmp/0xz T_28.3, 5;
    %pushi/vec4 0, 0, 32;
    %ix/getv/s 3, v000001f813e31090_0;
    %ix/load 4, 0, 0; Constant delay
    %assign/vec4/a/d v000001f813e35780, 0, 4;
    %load/vec4 v000001f813e31090_0;
    %addi 1, 0, 32;
    %store/vec4 v000001f813e31090_0, 0, 32;
    %jmp T_28.2;
T_28.3 ;
    %jmp T_28.1;
T_28.0 ;
    %load/vec4 v000001f813e35fa0_0;
    %dup/vec4;
    %pushi/vec4 0, 0, 3;
    %cmp/u;
    %jmp/1 T_28.4, 6;
    %dup/vec4;
    %pushi/vec4 1, 0, 3;
    %cmp/u;
    %jmp/1 T_28.5, 6;
    %dup/vec4;
    %pushi/vec4 2, 0, 3;
    %cmp/u;
    %jmp/1 T_28.6, 6;
    %dup/vec4;
    %pushi/vec4 3, 0, 3;
    %cmp/u;
    %jmp/1 T_28.7, 6;
    %dup/vec4;
    %pushi/vec4 4, 0, 3;
    %cmp/u;
    %jmp/1 T_28.8, 6;
    %dup/vec4;
    %pushi/vec4 5, 0, 3;
    %cmp/u;
    %jmp/1 T_28.9, 6;
    %pushi/vec4 0, 0, 3;
    %assign/vec4 v000001f813e35fa0_0, 0;
    %jmp T_28.11;
T_28.4 ;
    %pushi/vec4 0, 0, 8;
    %assign/vec4 v000001f813e35d20_0, 0;
    %pushi/vec4 0, 0, 9;
    %assign/vec4 v000001f813e30d70_0, 0;
    %pushi/vec4 0, 0, 1;
    %assign/vec4 v000001f813e30ff0_0, 0;
    %pushi/vec4 0, 0, 1;
    %assign/vec4 v000001f813e30c30_0, 0;
    %pushi/vec4 0, 0, 1;
    %assign/vec4 v000001f813e31b30_0, 0;
    %pushi/vec4 0, 0, 1;
    %assign/vec4 v000001f813e31a90_0, 0;
    %pushi/vec4 0, 0, 1;
    %assign/vec4 v000001f813e30b90_0, 0;
    %pushi/vec4 0, 0, 1;
    %assign/vec4 v000001f813e30910_0, 0;
    %load/vec4 v000001f813e31310_0;
    %flag_set/vec4 8;
    %jmp/0xz  T_28.12, 8;
    %pushi/vec4 1, 0, 3;
    %assign/vec4 v000001f813e35fa0_0, 0;
    %jmp T_28.13;
T_28.12 ;
    %load/vec4 v000001f813e31590_0;
    %flag_set/vec4 8;
    %jmp/0xz  T_28.14, 8;
    %pushi/vec4 4, 0, 3;
    %assign/vec4 v000001f813e35fa0_0, 0;
T_28.14 ;
T_28.13 ;
    %jmp T_28.11;
T_28.5 ;
    %load/vec4 v000001f813e30ff0_0;
    %flag_set/vec4 9;
    %flag_get/vec4 9;
    %jmp/0 T_28.18, 9;
    %load/vec4 v000001f813e31310_0;
    %and;
T_28.18;
    %flag_set/vec4 8;
    %jmp/0xz  T_28.16, 8;
    %pushi/vec4 0, 0, 1;
    %assign/vec4 v000001f813e30ff0_0, 0;
    %load/vec4 v000001f813e31e50_0;
    %assign/vec4 v000001f813e30cd0_0, 0;
    %pushi/vec4 0, 0, 1;
    %load/vec4 v000001f813e309b0_0;
    %concat/vec4; draw_concat_vec4
    %addi 1, 0, 9;
    %assign/vec4 v000001f813e30eb0_0, 0;
    %pushi/vec4 0, 0, 9;
    %assign/vec4 v000001f813e30d70_0, 0;
    %pushi/vec4 0, 0, 8;
    %assign/vec4 v000001f813e35d20_0, 0;
    %pushi/vec4 2, 0, 3;
    %assign/vec4 v000001f813e35fa0_0, 0;
    %jmp T_28.17;
T_28.16 ;
    %load/vec4 v000001f813e2e430_0;
    %nor/r;
    %flag_set/vec4 8;
    %jmp/0xz  T_28.19, 8;
    %load/vec4 v000001f813e2fdd0_0;
    %load/vec4 v000001f813e35d20_0;
    %cmp/u;
    %flag_or 5, 4;
    %jmp/0xz  T_28.21, 5;
    %pushi/vec4 1, 0, 1;
    %assign/vec4 v000001f813e30ff0_0, 0;
    %jmp T_28.22;
T_28.21 ;
    %load/vec4 v000001f813e35d20_0;
    %addi 1, 0, 8;
    %assign/vec4 v000001f813e35d20_0, 0;
T_28.22 ;
T_28.19 ;
T_28.17 ;
    %jmp T_28.11;
T_28.6 ;
    %load/vec4 v000001f813e30c30_0;
    %flag_set/vec4 9;
    %flag_get/vec4 9;
    %jmp/0 T_28.25, 9;
    %load/vec4 v000001f813e318b0_0;
    %and;
T_28.25;
    %flag_set/vec4 8;
    %jmp/0xz  T_28.23, 8;
    %pushi/vec4 0, 0, 1;
    %assign/vec4 v000001f813e30c30_0, 0;
    %load/vec4 v000001f813e31270_0;
    %load/vec4 v000001f813e30cd0_0;
    %parti/s 10, 2, 3;
    %load/vec4 v000001f813e30d70_0;
    %pad/u 10;
    %add;
    %pad/u 12;
    %ix/vec4 3;
    %ix/load 4, 0, 0; Constant delay
    %assign/vec4/a/d v000001f813e35780, 0, 4;
    %pushi/vec4 0, 0, 8;
    %assign/vec4 v000001f813e35d20_0, 0;
    %load/vec4 v000001f813e30d70_0;
    %load/vec4 v000001f813e30eb0_0;
    %subi 1, 0, 9;
    %cmp/e;
    %jmp/0xz  T_28.26, 4;
    %load/vec4 v000001f813e2e7f0_0;
    %flag_set/vec4 8;
    %jmp/0 T_28.28, 8;
    %pushi/vec4 2, 0, 2;
    %jmp/1 T_28.29, 8;
T_28.28 ; End of true expr.
    %pushi/vec4 0, 0, 2;
    %jmp/0 T_28.29, 8;
 ; End of false expr.
    %blend;
T_28.29;
    %assign/vec4 v000001f813e31950_0, 0;
    %pushi/vec4 3, 0, 3;
    %assign/vec4 v000001f813e35fa0_0, 0;
T_28.26 ;
    %load/vec4 v000001f813e30d70_0;
    %addi 1, 0, 9;
    %assign/vec4 v000001f813e30d70_0, 0;
    %jmp T_28.24;
T_28.23 ;
    %load/vec4 v000001f813e2e610_0;
    %nor/r;
    %flag_set/vec4 8;
    %jmp/0xz  T_28.30, 8;
    %load/vec4 v000001f813e31130_0;
    %load/vec4 v000001f813e35d20_0;
    %cmp/u;
    %flag_or 5, 4;
    %jmp/0xz  T_28.32, 5;
    %pushi/vec4 1, 0, 1;
    %assign/vec4 v000001f813e30c30_0, 0;
    %jmp T_28.33;
T_28.32 ;
    %load/vec4 v000001f813e35d20_0;
    %addi 1, 0, 8;
    %assign/vec4 v000001f813e35d20_0, 0;
T_28.33 ;
T_28.30 ;
T_28.24 ;
    %jmp T_28.11;
T_28.7 ;
    %load/vec4 v000001f813e31b30_0;
    %flag_set/vec4 9;
    %flag_get/vec4 9;
    %jmp/0 T_28.36, 9;
    %load/vec4 v000001f813e31ef0_0;
    %and;
T_28.36;
    %flag_set/vec4 8;
    %jmp/0xz  T_28.34, 8;
    %pushi/vec4 0, 0, 1;
    %assign/vec4 v000001f813e31b30_0, 0;
    %pushi/vec4 0, 0, 8;
    %assign/vec4 v000001f813e35d20_0, 0;
    %pushi/vec4 0, 0, 3;
    %assign/vec4 v000001f813e35fa0_0, 0;
    %jmp T_28.35;
T_28.34 ;
    %load/vec4 v000001f813e2eb10_0;
    %nor/r;
    %flag_set/vec4 8;
    %jmp/0xz  T_28.37, 8;
    %load/vec4 v000001f813e2e250_0;
    %load/vec4 v000001f813e35d20_0;
    %cmp/u;
    %flag_or 5, 4;
    %jmp/0xz  T_28.39, 5;
    %pushi/vec4 1, 0, 1;
    %assign/vec4 v000001f813e31b30_0, 0;
    %jmp T_28.40;
T_28.39 ;
    %load/vec4 v000001f813e35d20_0;
    %addi 1, 0, 8;
    %assign/vec4 v000001f813e35d20_0, 0;
T_28.40 ;
T_28.37 ;
T_28.35 ;
    %jmp T_28.11;
T_28.8 ;
    %load/vec4 v000001f813e31a90_0;
    %flag_set/vec4 9;
    %flag_get/vec4 9;
    %jmp/0 T_28.43, 9;
    %load/vec4 v000001f813e31590_0;
    %and;
T_28.43;
    %flag_set/vec4 8;
    %jmp/0xz  T_28.41, 8;
    %pushi/vec4 0, 0, 1;
    %assign/vec4 v000001f813e31a90_0, 0;
    %load/vec4 v000001f813e2f010_0;
    %assign/vec4 v000001f813e30cd0_0, 0;
    %pushi/vec4 0, 0, 1;
    %load/vec4 v000001f813e31c70_0;
    %concat/vec4; draw_concat_vec4
    %addi 1, 0, 9;
    %assign/vec4 v000001f813e30eb0_0, 0;
    %pushi/vec4 0, 0, 9;
    %assign/vec4 v000001f813e30d70_0, 0;
    %pushi/vec4 0, 0, 8;
    %assign/vec4 v000001f813e35d20_0, 0;
    %pushi/vec4 5, 0, 3;
    %assign/vec4 v000001f813e35fa0_0, 0;
    %jmp T_28.42;
T_28.41 ;
    %load/vec4 v000001f813e2e390_0;
    %nor/r;
    %flag_set/vec4 8;
    %jmp/0xz  T_28.44, 8;
    %load/vec4 v000001f813e2e1b0_0;
    %load/vec4 v000001f813e35d20_0;
    %cmp/u;
    %flag_or 5, 4;
    %jmp/0xz  T_28.46, 5;
    %pushi/vec4 1, 0, 1;
    %assign/vec4 v000001f813e31a90_0, 0;
    %jmp T_28.47;
T_28.46 ;
    %load/vec4 v000001f813e35d20_0;
    %addi 1, 0, 8;
    %assign/vec4 v000001f813e35d20_0, 0;
T_28.47 ;
T_28.44 ;
T_28.42 ;
    %jmp T_28.11;
T_28.9 ;
    %load/vec4 v000001f813e30b90_0;
    %flag_set/vec4 9;
    %flag_get/vec4 9;
    %jmp/0 T_28.50, 9;
    %load/vec4 v000001f813e30f50_0;
    %and;
T_28.50;
    %flag_set/vec4 8;
    %jmp/0xz  T_28.48, 8;
    %pushi/vec4 0, 0, 1;
    %assign/vec4 v000001f813e30b90_0, 0;
    %pushi/vec4 0, 0, 1;
    %assign/vec4 v000001f813e30910_0, 0;
    %pushi/vec4 0, 0, 8;
    %assign/vec4 v000001f813e35d20_0, 0;
    %load/vec4 v000001f813e30d70_0;
    %load/vec4 v000001f813e30eb0_0;
    %subi 1, 0, 9;
    %cmp/e;
    %jmp/0xz  T_28.51, 4;
    %pushi/vec4 0, 0, 3;
    %assign/vec4 v000001f813e35fa0_0, 0;
T_28.51 ;
    %load/vec4 v000001f813e30d70_0;
    %addi 1, 0, 9;
    %assign/vec4 v000001f813e30d70_0, 0;
    %jmp T_28.49;
T_28.48 ;
    %load/vec4 v000001f813e2e4d0_0;
    %nor/r;
    %flag_set/vec4 8;
    %jmp/0xz  T_28.53, 8;
    %load/vec4 v000001f813e2ed90_0;
    %load/vec4 v000001f813e35d20_0;
    %cmp/u;
    %flag_or 5, 4;
    %jmp/0xz  T_28.55, 5;
    %pushi/vec4 1, 0, 1;
    %assign/vec4 v000001f813e30b90_0, 0;
    %load/vec4 v000001f813e30cd0_0;
    %parti/s 10, 2, 3;
    %load/vec4 v000001f813e30d70_0;
    %pad/u 10;
    %add;
    %pad/u 12;
    %ix/vec4 4;
    %load/vec4a v000001f813e35780, 4;
    %assign/vec4 v000001f813e31f90_0, 0;
    %load/vec4 v000001f813e2ecf0_0;
    %flag_set/vec4 8;
    %jmp/0 T_28.57, 8;
    %pushi/vec4 2, 0, 2;
    %jmp/1 T_28.58, 8;
T_28.57 ; End of true expr.
    %pushi/vec4 0, 0, 2;
    %jmp/0 T_28.58, 8;
 ; End of false expr.
    %blend;
T_28.58;
    %assign/vec4 v000001f813e30e10_0, 0;
    %load/vec4 v000001f813e30d70_0;
    %load/vec4 v000001f813e30eb0_0;
    %subi 1, 0, 9;
    %cmp/e;
    %flag_get/vec4 4;
    %assign/vec4 v000001f813e30910_0, 0;
    %jmp T_28.56;
T_28.55 ;
    %load/vec4 v000001f813e35d20_0;
    %addi 1, 0, 8;
    %assign/vec4 v000001f813e35d20_0, 0;
T_28.56 ;
T_28.53 ;
T_28.49 ;
    %jmp T_28.11;
T_28.11 ;
    %pop/vec4 1;
T_28.1 ;
    %jmp T_28;
    .thread T_28;
    .scope S_000001f813787e90;
T_29 ;
    %delay 10000, 0;
    %load/vec4 v000001f813e346a0_0;
    %inv;
    %store/vec4 v000001f813e346a0_0, 0, 1;
    %jmp T_29;
    .thread T_29;
    .scope S_000001f813787e90;
T_30 ;
    %wait E_000001f813d61700;
    %load/vec4 v000001f813e33de0_0;
    %nor/r;
    %flag_set/vec4 8;
    %jmp/0xz  T_30.0, 8;
    %pushi/vec4 0, 0, 32;
    %assign/vec4 v000001f813e33020_0, 0;
    %jmp T_30.1;
T_30.0 ;
    %load/vec4 v000001f813e4f7a0_0;
    %flag_set/vec4 8;
    %jmp/0xz  T_30.2, 8;
    %load/vec4 v000001f813e4f0c0_0;
    %ix/getv/s 3, v000001f813e33020_0;
    %ix/load 4, 0, 0; Constant delay
    %assign/vec4/a/d v000001f813e33e80, 0, 4;
    %load/vec4 v000001f813e33020_0;
    %addi 1, 0, 32;
    %assign/vec4 v000001f813e33020_0, 0;
T_30.2 ;
T_30.1 ;
    %jmp T_30;
    .thread T_30;
    .scope S_000001f813787e90;
T_31 ;
    %wait E_000001f813d61700;
    %load/vec4 v000001f813e33de0_0;
    %nor/r;
    %flag_set/vec4 8;
    %jmp/0xz  T_31.0, 8;
    %pushi/vec4 0, 0, 32;
    %assign/vec4 v000001f813e323a0_0, 0;
    %jmp T_31.1;
T_31.0 ;
    %load/vec4 v000001f813e2e2f0_0;
    %flag_set/vec4 8;
    %jmp/0xz  T_31.2, 8;
    %load/vec4 v000001f813e323a0_0;
    %addi 1, 0, 32;
    %assign/vec4 v000001f813e323a0_0, 0;
T_31.2 ;
T_31.1 ;
    %jmp T_31;
    .thread T_31;
    .scope S_000001f813787e90;
T_32 ;
    %pushi/vec4 0, 0, 1;
    %store/vec4 v000001f813e346a0_0, 0, 1;
    %pushi/vec4 0, 0, 1;
    %store/vec4 v000001f813e33de0_0, 0, 1;
    %pushi/vec4 1, 0, 1;
    %store/vec4 v000001f813e4fc00_0, 0, 1;
    %pushi/vec4 0, 0, 32;
    %store/vec4 v000001f813e33f20_0, 0, 32;
    %pushi/vec4 0, 0, 32;
    %store/vec4 v000001f813e32120_0, 0, 32;
    %pushi/vec4 0, 0, 32;
    %store/vec4 v000001f813e33020_0, 0, 32;
    %pushi/vec4 0, 0, 32;
    %store/vec4 v000001f813e32800_0, 0, 32;
    %pushi/vec4 0, 0, 32;
    %store/vec4 v000001f813e330c0_0, 0, 32;
    %fork TD_tb_uart_axi_bridge.set_default_slave_ctrl, S_000001f813e2b590;
    %join;
    %fork TD_tb_uart_axi_bridge.clear_model_memories, S_000001f813cfca30;
    %join;
    %fork TD_tb_uart_axi_bridge.clear_data_buf, S_000001f813d4edf0;
    %join;
    %pushi/vec4 20, 0, 32;
    %store/vec4 v000001f813e33ca0_0, 0, 32;
    %fork TD_tb_uart_axi_bridge.wait_clocks, S_000001f813e39d10;
    %join;
    %pushi/vec4 1, 0, 1;
    %store/vec4 v000001f813e33de0_0, 0, 1;
    %pushi/vec4 20, 0, 32;
    %store/vec4 v000001f813e33ca0_0, 0, 32;
    %fork TD_tb_uart_axi_bridge.wait_clocks, S_000001f813e39d10;
    %join;
    %load/vec4 v000001f813e32800_0;
    %addi 1, 0, 32;
    %store/vec4 v000001f813e32800_0, 0, 32;
    %fork TD_tb_uart_axi_bridge.clear_rx_buffer, S_000001f813d07970;
    %join;
    %fork TD_tb_uart_axi_bridge.clear_data_buf, S_000001f813d4edf0;
    %join;
    %fork TD_tb_uart_axi_bridge.set_default_slave_ctrl, S_000001f813e2b590;
    %join;
    %pushi/vec4 2, 0, 8;
    %store/vec4 v000001f813e33980_0, 0, 8;
    %pushi/vec4 1, 0, 8;
    %store/vec4 v000001f813e32f80_0, 0, 8;
    %pushi/vec4 2, 0, 8;
    %store/vec4 v000001f813e33160_0, 0, 8;
    %pushi/vec4 120, 0, 8;
    %ix/load 4, 0, 0;
    %flag_set/imm 4, 0;
    %store/vec4a v000001f813e34740, 4, 0;
    %pushi/vec4 86, 0, 8;
    %ix/load 4, 1, 0;
    %flag_set/imm 4, 0;
    %store/vec4a v000001f813e34740, 4, 0;
    %pushi/vec4 52, 0, 8;
    %ix/load 4, 2, 0;
    %flag_set/imm 4, 0;
    %store/vec4a v000001f813e34740, 4, 0;
    %pushi/vec4 18, 0, 8;
    %ix/load 4, 3, 0;
    %flag_set/imm 4, 0;
    %store/vec4a v000001f813e34740, 4, 0;
    %pushi/vec4 4, 0, 16;
    %store/vec4 v000001f813d061c0_0, 0, 16;
    %pushi/vec4 1, 0, 8;
    %store/vec4 v000001f813d06120_0, 0, 8;
    %pushi/vec4 160, 0, 40;
    %store/vec4 v000001f813d06940_0, 0, 40;
    %fork TD_tb_uart_axi_bridge.build_request, S_000001f8137cebf0;
    %join;
    %fork TD_tb_uart_axi_bridge.clear_data_buf, S_000001f813d4edf0;
    %join;
    %pushi/vec4 0, 0, 16;
    %store/vec4 v000001f813d06440_0, 0, 16;
    %pushi/vec4 1, 0, 8;
    %store/vec4 v000001f813d05f40_0, 0, 8;
    %pushi/vec4 160, 0, 40;
    %store/vec4 v000001f813d06080_0, 0, 40;
    %pushi/vec4 0, 0, 8;
    %store/vec4 v000001f813d04dc0_0, 0, 8;
    %fork TD_tb_uart_axi_bridge.build_expected_response, S_000001f813bbd630;
    %join;
    %fork TD_tb_uart_axi_bridge.send_tx_buffer, S_000001f813e2b400;
    %join;
    %load/vec4 v000001f813e32120_0;
    %store/vec4 v000001f813e33ac0_0, 0, 32;
    %pushi/vec4 0, 0, 32; draw_string_vec4
    %pushi/vec4 0, 0, 32; draw_string_vec4
    %concat/vec4; draw_string_vec4
    %pushi/vec4 0, 0, 32; draw_string_vec4
    %concat/vec4; draw_string_vec4
    %pushi/vec4 0, 0, 32; draw_string_vec4
    %concat/vec4; draw_string_vec4
    %pushi/vec4 108, 0, 32; draw_string_vec4
    %concat/vec4; draw_string_vec4
    %pushi/vec4 1769235807, 0, 32; draw_string_vec4
    %concat/vec4; draw_string_vec4
    %pushi/vec4 2003986804, 0, 32; draw_string_vec4
    %concat/vec4; draw_string_vec4
    %pushi/vec4 1700753259, 0, 32; draw_string_vec4
    %concat/vec4; draw_string_vec4
    %store/vec4 v000001f813e33340_0, 0, 256;
    %fork TD_tb_uart_axi_bridge.wait_for_rx_bytes, S_000001f813e38d70;
    %join;
    %pushi/vec4 0, 0, 32; draw_string_vec4
    %pushi/vec4 0, 0, 32; draw_string_vec4
    %concat/vec4; draw_string_vec4
    %pushi/vec4 0, 0, 32; draw_string_vec4
    %concat/vec4; draw_string_vec4
    %pushi/vec4 0, 0, 32; draw_string_vec4
    %concat/vec4; draw_string_vec4
    %pushi/vec4 108, 0, 32; draw_string_vec4
    %concat/vec4; draw_string_vec4
    %pushi/vec4 1769235807, 0, 32; draw_string_vec4
    %concat/vec4; draw_string_vec4
    %pushi/vec4 2003986804, 0, 32; draw_string_vec4
    %concat/vec4; draw_string_vec4
    %pushi/vec4 1700753259, 0, 32; draw_string_vec4
    %concat/vec4; draw_string_vec4
    %store/vec4 v000001f813d06580_0, 0, 256;
    %fork TD_tb_uart_axi_bridge.compare_expected, S_000001f813d22090;
    %join;
    %ix/load 4, 40, 0;
    %flag_set/imm 4, 0;
    %load/vec4a v000001f813e34060, 4;
    %cmpi/ne 305419896, 0, 32;
    %jmp/0xz  T_32.0, 6;
    %vpi_call 2 709 "$display", "[FAIL] lite_write_ok: AXI-Lite memory content r_mismatch" {0 0 0};
    %load/vec4 v000001f813e330c0_0;
    %addi 1, 0, 32;
    %store/vec4 v000001f813e330c0_0, 0, 32;
T_32.0 ;
    %load/vec4 v000001f813e32800_0;
    %addi 1, 0, 32;
    %store/vec4 v000001f813e32800_0, 0, 32;
    %fork TD_tb_uart_axi_bridge.clear_rx_buffer, S_000001f813d07970;
    %join;
    %fork TD_tb_uart_axi_bridge.clear_data_buf, S_000001f813d4edf0;
    %join;
    %fork TD_tb_uart_axi_bridge.set_default_slave_ctrl, S_000001f813e2b590;
    %join;
    %pushi/vec4 2, 0, 8;
    %store/vec4 v000001f813e337a0_0, 0, 8;
    %pushi/vec4 3, 0, 8;
    %store/vec4 v000001f813e32b20_0, 0, 8;
    %pushi/vec4 305419896, 0, 32;
    %ix/load 4, 40, 0;
    %flag_set/imm 4, 0;
    %store/vec4a v000001f813e34060, 4, 0;
    %pushi/vec4 4, 0, 16;
    %store/vec4 v000001f813d061c0_0, 0, 16;
    %pushi/vec4 2, 0, 8;
    %store/vec4 v000001f813d06120_0, 0, 8;
    %pushi/vec4 160, 0, 40;
    %store/vec4 v000001f813d06940_0, 0, 40;
    %fork TD_tb_uart_axi_bridge.build_request, S_000001f8137cebf0;
    %join;
    %pushi/vec4 120, 0, 8;
    %ix/load 4, 0, 0;
    %flag_set/imm 4, 0;
    %store/vec4a v000001f813e34740, 4, 0;
    %pushi/vec4 86, 0, 8;
    %ix/load 4, 1, 0;
    %flag_set/imm 4, 0;
    %store/vec4a v000001f813e34740, 4, 0;
    %pushi/vec4 52, 0, 8;
    %ix/load 4, 2, 0;
    %flag_set/imm 4, 0;
    %store/vec4a v000001f813e34740, 4, 0;
    %pushi/vec4 18, 0, 8;
    %ix/load 4, 3, 0;
    %flag_set/imm 4, 0;
    %store/vec4a v000001f813e34740, 4, 0;
    %pushi/vec4 4, 0, 16;
    %store/vec4 v000001f813d06440_0, 0, 16;
    %pushi/vec4 2, 0, 8;
    %store/vec4 v000001f813d05f40_0, 0, 8;
    %pushi/vec4 160, 0, 40;
    %store/vec4 v000001f813d06080_0, 0, 40;
    %pushi/vec4 0, 0, 8;
    %store/vec4 v000001f813d04dc0_0, 0, 8;
    %fork TD_tb_uart_axi_bridge.build_expected_response, S_000001f813bbd630;
    %join;
    %fork TD_tb_uart_axi_bridge.send_tx_buffer, S_000001f813e2b400;
    %join;
    %load/vec4 v000001f813e32120_0;
    %store/vec4 v000001f813e33ac0_0, 0, 32;
    %pushi/vec4 0, 0, 32; draw_string_vec4
    %pushi/vec4 0, 0, 32; draw_string_vec4
    %concat/vec4; draw_string_vec4
    %pushi/vec4 0, 0, 32; draw_string_vec4
    %concat/vec4; draw_string_vec4
    %pushi/vec4 0, 0, 32; draw_string_vec4
    %concat/vec4; draw_string_vec4
    %pushi/vec4 0, 0, 32; draw_string_vec4
    %concat/vec4; draw_string_vec4
    %pushi/vec4 1818850405, 0, 32; draw_string_vec4
    %concat/vec4; draw_string_vec4
    %pushi/vec4 1601332577, 0, 32; draw_string_vec4
    %concat/vec4; draw_string_vec4
    %pushi/vec4 1683976043, 0, 32; draw_string_vec4
    %concat/vec4; draw_string_vec4
    %store/vec4 v000001f813e33340_0, 0, 256;
    %fork TD_tb_uart_axi_bridge.wait_for_rx_bytes, S_000001f813e38d70;
    %join;
    %pushi/vec4 0, 0, 32; draw_string_vec4
    %pushi/vec4 0, 0, 32; draw_string_vec4
    %concat/vec4; draw_string_vec4
    %pushi/vec4 0, 0, 32; draw_string_vec4
    %concat/vec4; draw_string_vec4
    %pushi/vec4 0, 0, 32; draw_string_vec4
    %concat/vec4; draw_string_vec4
    %pushi/vec4 0, 0, 32; draw_string_vec4
    %concat/vec4; draw_string_vec4
    %pushi/vec4 1818850405, 0, 32; draw_string_vec4
    %concat/vec4; draw_string_vec4
    %pushi/vec4 1601332577, 0, 32; draw_string_vec4
    %concat/vec4; draw_string_vec4
    %pushi/vec4 1683976043, 0, 32; draw_string_vec4
    %concat/vec4; draw_string_vec4
    %store/vec4 v000001f813d06580_0, 0, 256;
    %fork TD_tb_uart_axi_bridge.compare_expected, S_000001f813d22090;
    %join;
    %load/vec4 v000001f813e32800_0;
    %addi 1, 0, 32;
    %store/vec4 v000001f813e32800_0, 0, 32;
    %fork TD_tb_uart_axi_bridge.clear_rx_buffer, S_000001f813d07970;
    %join;
    %fork TD_tb_uart_axi_bridge.clear_data_buf, S_000001f813d4edf0;
    %join;
    %fork TD_tb_uart_axi_bridge.set_default_slave_ctrl, S_000001f813e2b590;
    %join;
    %pushi/vec4 1, 0, 8;
    %store/vec4 v000001f813e33b60_0, 0, 8;
    %pushi/vec4 1, 0, 8;
    %store/vec4 v000001f813e34240_0, 0, 8;
    %pushi/vec4 1, 0, 8;
    %store/vec4 v000001f813e32760_0, 0, 8;
    %pushi/vec4 163, 0, 8;
    %ix/load 4, 0, 0;
    %flag_set/imm 4, 0;
    %store/vec4a v000001f813e34740, 4, 0;
    %pushi/vec4 162, 0, 8;
    %ix/load 4, 1, 0;
    %flag_set/imm 4, 0;
    %store/vec4a v000001f813e34740, 4, 0;
    %pushi/vec4 161, 0, 8;
    %ix/load 4, 2, 0;
    %flag_set/imm 4, 0;
    %store/vec4a v000001f813e34740, 4, 0;
    %pushi/vec4 160, 0, 8;
    %ix/load 4, 3, 0;
    %flag_set/imm 4, 0;
    %store/vec4a v000001f813e34740, 4, 0;
    %pushi/vec4 179, 0, 8;
    %ix/load 4, 4, 0;
    %flag_set/imm 4, 0;
    %store/vec4a v000001f813e34740, 4, 0;
    %pushi/vec4 178, 0, 8;
    %ix/load 4, 5, 0;
    %flag_set/imm 4, 0;
    %store/vec4a v000001f813e34740, 4, 0;
    %pushi/vec4 177, 0, 8;
    %ix/load 4, 6, 0;
    %flag_set/imm 4, 0;
    %store/vec4a v000001f813e34740, 4, 0;
    %pushi/vec4 176, 0, 8;
    %ix/load 4, 7, 0;
    %flag_set/imm 4, 0;
    %store/vec4a v000001f813e34740, 4, 0;
    %pushi/vec4 195, 0, 8;
    %ix/load 4, 8, 0;
    %flag_set/imm 4, 0;
    %store/vec4a v000001f813e34740, 4, 0;
    %pushi/vec4 194, 0, 8;
    %ix/load 4, 9, 0;
    %flag_set/imm 4, 0;
    %store/vec4a v000001f813e34740, 4, 0;
    %pushi/vec4 193, 0, 8;
    %ix/load 4, 10, 0;
    %flag_set/imm 4, 0;
    %store/vec4a v000001f813e34740, 4, 0;
    %pushi/vec4 192, 0, 8;
    %ix/load 4, 11, 0;
    %flag_set/imm 4, 0;
    %store/vec4a v000001f813e34740, 4, 0;
    %pushi/vec4 211, 0, 8;
    %ix/load 4, 12, 0;
    %flag_set/imm 4, 0;
    %store/vec4a v000001f813e34740, 4, 0;
    %pushi/vec4 210, 0, 8;
    %ix/load 4, 13, 0;
    %flag_set/imm 4, 0;
    %store/vec4a v000001f813e34740, 4, 0;
    %pushi/vec4 209, 0, 8;
    %ix/load 4, 14, 0;
    %flag_set/imm 4, 0;
    %store/vec4a v000001f813e34740, 4, 0;
    %pushi/vec4 208, 0, 8;
    %ix/load 4, 15, 0;
    %flag_set/imm 4, 0;
    %store/vec4a v000001f813e34740, 4, 0;
    %pushi/vec4 16, 0, 16;
    %store/vec4 v000001f813d061c0_0, 0, 16;
    %pushi/vec4 3, 0, 8;
    %store/vec4 v000001f813d06120_0, 0, 8;
    %pushi/vec4 256, 0, 40;
    %store/vec4 v000001f813d06940_0, 0, 40;
    %fork TD_tb_uart_axi_bridge.build_request, S_000001f8137cebf0;
    %join;
    %fork TD_tb_uart_axi_bridge.clear_data_buf, S_000001f813d4edf0;
    %join;
    %pushi/vec4 0, 0, 16;
    %store/vec4 v000001f813d06440_0, 0, 16;
    %pushi/vec4 3, 0, 8;
    %store/vec4 v000001f813d05f40_0, 0, 8;
    %pushi/vec4 256, 0, 40;
    %store/vec4 v000001f813d06080_0, 0, 40;
    %pushi/vec4 0, 0, 8;
    %store/vec4 v000001f813d04dc0_0, 0, 8;
    %fork TD_tb_uart_axi_bridge.build_expected_response, S_000001f813bbd630;
    %join;
    %fork TD_tb_uart_axi_bridge.send_tx_buffer, S_000001f813e2b400;
    %join;
    %load/vec4 v000001f813e32120_0;
    %store/vec4 v000001f813e33ac0_0, 0, 32;
    %pushi/vec4 0, 0, 32; draw_string_vec4
    %pushi/vec4 0, 0, 32; draw_string_vec4
    %concat/vec4; draw_string_vec4
    %pushi/vec4 0, 0, 32; draw_string_vec4
    %concat/vec4; draw_string_vec4
    %pushi/vec4 0, 0, 32; draw_string_vec4
    %concat/vec4; draw_string_vec4
    %pushi/vec4 102, 0, 32; draw_string_vec4
    %concat/vec4; draw_string_vec4
    %pushi/vec4 1970039903, 0, 32; draw_string_vec4
    %concat/vec4; draw_string_vec4
    %pushi/vec4 2003986804, 0, 32; draw_string_vec4
    %concat/vec4; draw_string_vec4
    %pushi/vec4 1700753259, 0, 32; draw_string_vec4
    %concat/vec4; draw_string_vec4
    %store/vec4 v000001f813e33340_0, 0, 256;
    %fork TD_tb_uart_axi_bridge.wait_for_rx_bytes, S_000001f813e38d70;
    %join;
    %pushi/vec4 0, 0, 32; draw_string_vec4
    %pushi/vec4 0, 0, 32; draw_string_vec4
    %concat/vec4; draw_string_vec4
    %pushi/vec4 0, 0, 32; draw_string_vec4
    %concat/vec4; draw_string_vec4
    %pushi/vec4 0, 0, 32; draw_string_vec4
    %concat/vec4; draw_string_vec4
    %pushi/vec4 102, 0, 32; draw_string_vec4
    %concat/vec4; draw_string_vec4
    %pushi/vec4 1970039903, 0, 32; draw_string_vec4
    %concat/vec4; draw_string_vec4
    %pushi/vec4 2003986804, 0, 32; draw_string_vec4
    %concat/vec4; draw_string_vec4
    %pushi/vec4 1700753259, 0, 32; draw_string_vec4
    %concat/vec4; draw_string_vec4
    %store/vec4 v000001f813d06580_0, 0, 256;
    %fork TD_tb_uart_axi_bridge.compare_expected, S_000001f813d22090;
    %join;
    %ix/load 4, 64, 0;
    %flag_set/imm 4, 0;
    %load/vec4a v000001f813e35780, 4;
    %cmpi/ne 2694947491, 0, 32;
    %jmp/1 T_32.6, 6;
    %flag_mov 8, 6;
    %ix/load 4, 65, 0;
    %flag_set/imm 4, 0;
    %load/vec4a v000001f813e35780, 4;
    %cmpi/ne 2964435635, 0, 32;
    %flag_or 6, 8;
T_32.6;
    %jmp/1 T_32.5, 6;
    %flag_mov 8, 6;
    %ix/load 4, 66, 0;
    %flag_set/imm 4, 0;
    %load/vec4a v000001f813e35780, 4;
    %cmpi/ne 3233923779, 0, 32;
    %flag_or 6, 8;
T_32.5;
    %jmp/1 T_32.4, 6;
    %flag_mov 8, 6;
    %ix/load 4, 67, 0;
    %flag_set/imm 4, 0;
    %load/vec4a v000001f813e35780, 4;
    %cmpi/ne 3503411923, 0, 32;
    %flag_or 6, 8;
T_32.4;
    %jmp/0xz  T_32.2, 6;
    %vpi_call 2 751 "$display", "[FAIL] full_write_ok: AXI memory content r_mismatch" {0 0 0};
    %load/vec4 v000001f813e330c0_0;
    %addi 1, 0, 32;
    %store/vec4 v000001f813e330c0_0, 0, 32;
T_32.2 ;
    %load/vec4 v000001f813e32800_0;
    %addi 1, 0, 32;
    %store/vec4 v000001f813e32800_0, 0, 32;
    %fork TD_tb_uart_axi_bridge.clear_rx_buffer, S_000001f813d07970;
    %join;
    %fork TD_tb_uart_axi_bridge.clear_data_buf, S_000001f813d4edf0;
    %join;
    %fork TD_tb_uart_axi_bridge.set_default_slave_ctrl, S_000001f813e2b590;
    %join;
    %pushi/vec4 2, 0, 8;
    %store/vec4 v000001f813e326c0_0, 0, 8;
    %pushi/vec4 1, 0, 8;
    %store/vec4 v000001f813e33700_0, 0, 8;
    %pushi/vec4 2694947491, 0, 32;
    %ix/load 4, 64, 0;
    %flag_set/imm 4, 0;
    %store/vec4a v000001f813e35780, 4, 0;
    %pushi/vec4 2964435635, 0, 32;
    %ix/load 4, 65, 0;
    %flag_set/imm 4, 0;
    %store/vec4a v000001f813e35780, 4, 0;
    %pushi/vec4 8, 0, 16;
    %store/vec4 v000001f813d061c0_0, 0, 16;
    %pushi/vec4 4, 0, 8;
    %store/vec4 v000001f813d06120_0, 0, 8;
    %pushi/vec4 256, 0, 40;
    %store/vec4 v000001f813d06940_0, 0, 40;
    %fork TD_tb_uart_axi_bridge.build_request, S_000001f8137cebf0;
    %join;
    %pushi/vec4 163, 0, 8;
    %ix/load 4, 0, 0;
    %flag_set/imm 4, 0;
    %store/vec4a v000001f813e34740, 4, 0;
    %pushi/vec4 162, 0, 8;
    %ix/load 4, 1, 0;
    %flag_set/imm 4, 0;
    %store/vec4a v000001f813e34740, 4, 0;
    %pushi/vec4 161, 0, 8;
    %ix/load 4, 2, 0;
    %flag_set/imm 4, 0;
    %store/vec4a v000001f813e34740, 4, 0;
    %pushi/vec4 160, 0, 8;
    %ix/load 4, 3, 0;
    %flag_set/imm 4, 0;
    %store/vec4a v000001f813e34740, 4, 0;
    %pushi/vec4 179, 0, 8;
    %ix/load 4, 4, 0;
    %flag_set/imm 4, 0;
    %store/vec4a v000001f813e34740, 4, 0;
    %pushi/vec4 178, 0, 8;
    %ix/load 4, 5, 0;
    %flag_set/imm 4, 0;
    %store/vec4a v000001f813e34740, 4, 0;
    %pushi/vec4 177, 0, 8;
    %ix/load 4, 6, 0;
    %flag_set/imm 4, 0;
    %store/vec4a v000001f813e34740, 4, 0;
    %pushi/vec4 176, 0, 8;
    %ix/load 4, 7, 0;
    %flag_set/imm 4, 0;
    %store/vec4a v000001f813e34740, 4, 0;
    %pushi/vec4 8, 0, 16;
    %store/vec4 v000001f813d06440_0, 0, 16;
    %pushi/vec4 4, 0, 8;
    %store/vec4 v000001f813d05f40_0, 0, 8;
    %pushi/vec4 256, 0, 40;
    %store/vec4 v000001f813d06080_0, 0, 40;
    %pushi/vec4 0, 0, 8;
    %store/vec4 v000001f813d04dc0_0, 0, 8;
    %fork TD_tb_uart_axi_bridge.build_expected_response, S_000001f813bbd630;
    %join;
    %fork TD_tb_uart_axi_bridge.send_tx_buffer, S_000001f813e2b400;
    %join;
    %load/vec4 v000001f813e32120_0;
    %store/vec4 v000001f813e33ac0_0, 0, 32;
    %pushi/vec4 0, 0, 32; draw_string_vec4
    %pushi/vec4 0, 0, 32; draw_string_vec4
    %concat/vec4; draw_string_vec4
    %pushi/vec4 0, 0, 32; draw_string_vec4
    %concat/vec4; draw_string_vec4
    %pushi/vec4 0, 0, 32; draw_string_vec4
    %concat/vec4; draw_string_vec4
    %pushi/vec4 0, 0, 32; draw_string_vec4
    %concat/vec4; draw_string_vec4
    %pushi/vec4 1718971500, 0, 32; draw_string_vec4
    %concat/vec4; draw_string_vec4
    %pushi/vec4 1601332577, 0, 32; draw_string_vec4
    %concat/vec4; draw_string_vec4
    %pushi/vec4 1683976043, 0, 32; draw_string_vec4
    %concat/vec4; draw_string_vec4
    %store/vec4 v000001f813e33340_0, 0, 256;
    %fork TD_tb_uart_axi_bridge.wait_for_rx_bytes, S_000001f813e38d70;
    %join;
    %pushi/vec4 0, 0, 32; draw_string_vec4
    %pushi/vec4 0, 0, 32; draw_string_vec4
    %concat/vec4; draw_string_vec4
    %pushi/vec4 0, 0, 32; draw_string_vec4
    %concat/vec4; draw_string_vec4
    %pushi/vec4 0, 0, 32; draw_string_vec4
    %concat/vec4; draw_string_vec4
    %pushi/vec4 0, 0, 32; draw_string_vec4
    %concat/vec4; draw_string_vec4
    %pushi/vec4 1718971500, 0, 32; draw_string_vec4
    %concat/vec4; draw_string_vec4
    %pushi/vec4 1601332577, 0, 32; draw_string_vec4
    %concat/vec4; draw_string_vec4
    %pushi/vec4 1683976043, 0, 32; draw_string_vec4
    %concat/vec4; draw_string_vec4
    %store/vec4 v000001f813d06580_0, 0, 256;
    %fork TD_tb_uart_axi_bridge.compare_expected, S_000001f813d22090;
    %join;
    %load/vec4 v000001f813e32800_0;
    %addi 1, 0, 32;
    %store/vec4 v000001f813e32800_0, 0, 32;
    %fork TD_tb_uart_axi_bridge.clear_rx_buffer, S_000001f813d07970;
    %join;
    %fork TD_tb_uart_axi_bridge.clear_data_buf, S_000001f813d4edf0;
    %join;
    %fork TD_tb_uart_axi_bridge.set_default_slave_ctrl, S_000001f813e2b590;
    %join;
    %pushi/vec4 2, 0, 8;
    %store/vec4 v000001f813e33b60_0, 0, 8;
    %pushi/vec4 1, 0, 8;
    %store/vec4 v000001f813e34240_0, 0, 8;
    %pushi/vec4 2, 0, 8;
    %store/vec4 v000001f813e32760_0, 0, 8;
    %pushi/vec4 0, 0, 32;
    %store/vec4 v000001f813e32940_0, 0, 32;
T_32.7 ;
    %load/vec4 v000001f813e32940_0;
    %cmpi/s 64, 0, 32;
    %jmp/0xz T_32.8, 5;
    %load/vec4 v000001f813e32940_0;
    %parti/s 8, 0, 2;
    %load/vec4 v000001f813e32940_0;
    %muli 4, 0, 32;
    %ix/vec4/s 4;
    %store/vec4a v000001f813e34740, 4, 0;
    %pushi/vec4 64, 0, 8;
    %load/vec4 v000001f813e32940_0;
    %parti/s 8, 0, 2;
    %add;
    %load/vec4 v000001f813e32940_0;
    %muli 4, 0, 32;
    %addi 1, 0, 32;
    %ix/vec4/s 4;
    %store/vec4a v000001f813e34740, 4, 0;
    %pushi/vec4 128, 0, 8;
    %load/vec4 v000001f813e32940_0;
    %parti/s 8, 0, 2;
    %add;
    %load/vec4 v000001f813e32940_0;
    %muli 4, 0, 32;
    %addi 2, 0, 32;
    %ix/vec4/s 4;
    %store/vec4a v000001f813e34740, 4, 0;
    %pushi/vec4 192, 0, 8;
    %load/vec4 v000001f813e32940_0;
    %parti/s 8, 0, 2;
    %add;
    %load/vec4 v000001f813e32940_0;
    %muli 4, 0, 32;
    %addi 3, 0, 32;
    %ix/vec4/s 4;
    %store/vec4a v000001f813e34740, 4, 0;
    %load/vec4 v000001f813e32940_0;
    %addi 1, 0, 32;
    %store/vec4 v000001f813e32940_0, 0, 32;
    %jmp T_32.7;
T_32.8 ;
    %pushi/vec4 256, 0, 16;
    %store/vec4 v000001f813d061c0_0, 0, 16;
    %pushi/vec4 3, 0, 8;
    %store/vec4 v000001f813d06120_0, 0, 8;
    %pushi/vec4 1280, 0, 40;
    %store/vec4 v000001f813d06940_0, 0, 40;
    %fork TD_tb_uart_axi_bridge.build_request, S_000001f8137cebf0;
    %join;
    %pushi/vec4 0, 0, 16;
    %store/vec4 v000001f813d06440_0, 0, 16;
    %pushi/vec4 3, 0, 8;
    %store/vec4 v000001f813d05f40_0, 0, 8;
    %pushi/vec4 1280, 0, 40;
    %store/vec4 v000001f813d06080_0, 0, 40;
    %pushi/vec4 0, 0, 8;
    %store/vec4 v000001f813d04dc0_0, 0, 8;
    %fork TD_tb_uart_axi_bridge.build_expected_response, S_000001f813bbd630;
    %join;
    %fork TD_tb_uart_axi_bridge.send_tx_buffer, S_000001f813e2b400;
    %join;
    %load/vec4 v000001f813e32120_0;
    %store/vec4 v000001f813e33ac0_0, 0, 32;
    %pushi/vec4 0, 0, 32; draw_string_vec4
    %pushi/vec4 0, 0, 32; draw_string_vec4
    %concat/vec4; draw_string_vec4
    %pushi/vec4 0, 0, 32; draw_string_vec4
    %concat/vec4; draw_string_vec4
    %pushi/vec4 0, 0, 32; draw_string_vec4
    %concat/vec4; draw_string_vec4
    %pushi/vec4 6714732, 0, 32; draw_string_vec4
    %concat/vec4; draw_string_vec4
    %pushi/vec4 1818195826, 0, 32; draw_string_vec4
    %concat/vec4; draw_string_vec4
    %pushi/vec4 1769235807, 0, 32; draw_string_vec4
    %concat/vec4; draw_string_vec4
    %pushi/vec4 842348130, 0, 32; draw_string_vec4
    %concat/vec4; draw_string_vec4
    %store/vec4 v000001f813e33340_0, 0, 256;
    %fork TD_tb_uart_axi_bridge.wait_for_rx_bytes, S_000001f813e38d70;
    %join;
    %pushi/vec4 0, 0, 32; draw_string_vec4
    %pushi/vec4 0, 0, 32; draw_string_vec4
    %concat/vec4; draw_string_vec4
    %pushi/vec4 0, 0, 32; draw_string_vec4
    %concat/vec4; draw_string_vec4
    %pushi/vec4 0, 0, 32; draw_string_vec4
    %concat/vec4; draw_string_vec4
    %pushi/vec4 6714732, 0, 32; draw_string_vec4
    %concat/vec4; draw_string_vec4
    %pushi/vec4 1818195826, 0, 32; draw_string_vec4
    %concat/vec4; draw_string_vec4
    %pushi/vec4 1769235807, 0, 32; draw_string_vec4
    %concat/vec4; draw_string_vec4
    %pushi/vec4 842348130, 0, 32; draw_string_vec4
    %concat/vec4; draw_string_vec4
    %store/vec4 v000001f813d06580_0, 0, 256;
    %fork TD_tb_uart_axi_bridge.compare_expected, S_000001f813d22090;
    %join;
    %pushi/vec4 0, 0, 1;
    %store/vec4 v000001f813e329e0_0, 0, 1;
    %pushi/vec4 0, 0, 32;
    %store/vec4 v000001f813e32940_0, 0, 32;
T_32.9 ;
    %load/vec4 v000001f813e32940_0;
    %cmpi/s 64, 0, 32;
    %jmp/0xz T_32.10, 5;
    %pushi/vec4 320, 0, 32;
    %load/vec4 v000001f813e32940_0;
    %add;
    %ix/vec4 4;
    %load/vec4a v000001f813e35780, 4;
    %pushi/vec4 192, 0, 8;
    %load/vec4 v000001f813e32940_0;
    %parti/s 8, 0, 2;
    %add;
    %pushi/vec4 128, 0, 8;
    %load/vec4 v000001f813e32940_0;
    %parti/s 8, 0, 2;
    %add;
    %concat/vec4; draw_concat_vec4
    %pushi/vec4 64, 0, 8;
    %load/vec4 v000001f813e32940_0;
    %parti/s 8, 0, 2;
    %add;
    %concat/vec4; draw_concat_vec4
    %load/vec4 v000001f813e32940_0;
    %parti/s 8, 0, 2;
    %concat/vec4; draw_concat_vec4
    %cmp/ne;
    %jmp/0xz  T_32.11, 6;
    %pushi/vec4 1, 0, 1;
    %store/vec4 v000001f813e329e0_0, 0, 1;
T_32.11 ;
    %load/vec4 v000001f813e32940_0;
    %addi 1, 0, 32;
    %store/vec4 v000001f813e32940_0, 0, 32;
    %jmp T_32.9;
T_32.10 ;
    %load/vec4 v000001f813e329e0_0;
    %flag_set/vec4 8;
    %jmp/0xz  T_32.13, 8;
    %vpi_call 2 795 "$display", "[FAIL] full_write_256b: AXI memory content r_mismatch" {0 0 0};
    %load/vec4 v000001f813e330c0_0;
    %addi 1, 0, 32;
    %store/vec4 v000001f813e330c0_0, 0, 32;
T_32.13 ;
    %load/vec4 v000001f813e32800_0;
    %addi 1, 0, 32;
    %store/vec4 v000001f813e32800_0, 0, 32;
    %fork TD_tb_uart_axi_bridge.clear_rx_buffer, S_000001f813d07970;
    %join;
    %fork TD_tb_uart_axi_bridge.clear_data_buf, S_000001f813d4edf0;
    %join;
    %fork TD_tb_uart_axi_bridge.set_default_slave_ctrl, S_000001f813e2b590;
    %join;
    %pushi/vec4 3735928559, 0, 32;
    %ix/load 4, 128, 0;
    %flag_set/imm 4, 0;
    %store/vec4a v000001f813e35780, 4, 0;
    %pushi/vec4 305419896, 0, 32;
    %ix/load 4, 129, 0;
    %flag_set/imm 4, 0;
    %store/vec4a v000001f813e35780, 4, 0;
    %pushi/vec4 5, 0, 16;
    %store/vec4 v000001f813d061c0_0, 0, 16;
    %pushi/vec4 4, 0, 8;
    %store/vec4 v000001f813d06120_0, 0, 8;
    %pushi/vec4 512, 0, 40;
    %store/vec4 v000001f813d06940_0, 0, 40;
    %fork TD_tb_uart_axi_bridge.build_request, S_000001f8137cebf0;
    %join;
    %pushi/vec4 239, 0, 8;
    %ix/load 4, 0, 0;
    %flag_set/imm 4, 0;
    %store/vec4a v000001f813e34740, 4, 0;
    %pushi/vec4 190, 0, 8;
    %ix/load 4, 1, 0;
    %flag_set/imm 4, 0;
    %store/vec4a v000001f813e34740, 4, 0;
    %pushi/vec4 173, 0, 8;
    %ix/load 4, 2, 0;
    %flag_set/imm 4, 0;
    %store/vec4a v000001f813e34740, 4, 0;
    %pushi/vec4 222, 0, 8;
    %ix/load 4, 3, 0;
    %flag_set/imm 4, 0;
    %store/vec4a v000001f813e34740, 4, 0;
    %pushi/vec4 120, 0, 8;
    %ix/load 4, 4, 0;
    %flag_set/imm 4, 0;
    %store/vec4a v000001f813e34740, 4, 0;
    %pushi/vec4 5, 0, 16;
    %store/vec4 v000001f813d06440_0, 0, 16;
    %pushi/vec4 4, 0, 8;
    %store/vec4 v000001f813d05f40_0, 0, 8;
    %pushi/vec4 512, 0, 40;
    %store/vec4 v000001f813d06080_0, 0, 40;
    %pushi/vec4 0, 0, 8;
    %store/vec4 v000001f813d04dc0_0, 0, 8;
    %fork TD_tb_uart_axi_bridge.build_expected_response, S_000001f813bbd630;
    %join;
    %fork TD_tb_uart_axi_bridge.send_tx_buffer, S_000001f813e2b400;
    %join;
    %load/vec4 v000001f813e32120_0;
    %store/vec4 v000001f813e33ac0_0, 0, 32;
    %pushi/vec4 0, 0, 32; draw_string_vec4
    %pushi/vec4 0, 0, 32; draw_string_vec4
    %concat/vec4; draw_string_vec4
    %pushi/vec4 0, 0, 32; draw_string_vec4
    %concat/vec4; draw_string_vec4
    %pushi/vec4 1718971500, 0, 32; draw_string_vec4
    %concat/vec4; draw_string_vec4
    %pushi/vec4 1601332577, 0, 32; draw_string_vec4
    %concat/vec4; draw_string_vec4
    %pushi/vec4 1683976289, 0, 32; draw_string_vec4
    %concat/vec4; draw_string_vec4
    %pushi/vec4 1920231777, 0, 32; draw_string_vec4
    %concat/vec4; draw_string_vec4
    %pushi/vec4 1818193771, 0, 32; draw_string_vec4
    %concat/vec4; draw_string_vec4
    %store/vec4 v000001f813e33340_0, 0, 256;
    %fork TD_tb_uart_axi_bridge.wait_for_rx_bytes, S_000001f813e38d70;
    %join;
    %pushi/vec4 0, 0, 32; draw_string_vec4
    %pushi/vec4 0, 0, 32; draw_string_vec4
    %concat/vec4; draw_string_vec4
    %pushi/vec4 0, 0, 32; draw_string_vec4
    %concat/vec4; draw_string_vec4
    %pushi/vec4 1718971500, 0, 32; draw_string_vec4
    %concat/vec4; draw_string_vec4
    %pushi/vec4 1601332577, 0, 32; draw_string_vec4
    %concat/vec4; draw_string_vec4
    %pushi/vec4 1683976289, 0, 32; draw_string_vec4
    %concat/vec4; draw_string_vec4
    %pushi/vec4 1920231777, 0, 32; draw_string_vec4
    %concat/vec4; draw_string_vec4
    %pushi/vec4 1818193771, 0, 32; draw_string_vec4
    %concat/vec4; draw_string_vec4
    %store/vec4 v000001f813d06580_0, 0, 256;
    %fork TD_tb_uart_axi_bridge.compare_expected, S_000001f813d22090;
    %join;
    %load/vec4 v000001f813e32800_0;
    %addi 1, 0, 32;
    %store/vec4 v000001f813e32800_0, 0, 32;
    %fork TD_tb_uart_axi_bridge.clear_rx_buffer, S_000001f813d07970;
    %join;
    %fork TD_tb_uart_axi_bridge.clear_data_buf, S_000001f813d4edf0;
    %join;
    %fork TD_tb_uart_axi_bridge.set_default_slave_ctrl, S_000001f813e2b590;
    %join;
    %pushi/vec4 0, 0, 32;
    %store/vec4 v000001f813e32940_0, 0, 32;
T_32.15 ;
    %load/vec4 v000001f813e32940_0;
    %cmpi/s 64, 0, 32;
    %jmp/0xz T_32.16, 5;
    %pushi/vec4 48, 0, 8;
    %load/vec4 v000001f813e32940_0;
    %parti/s 8, 0, 2;
    %add;
    %pushi/vec4 32, 0, 8;
    %load/vec4 v000001f813e32940_0;
    %parti/s 8, 0, 2;
    %add;
    %concat/vec4; draw_concat_vec4
    %pushi/vec4 16, 0, 8;
    %load/vec4 v000001f813e32940_0;
    %parti/s 8, 0, 2;
    %add;
    %concat/vec4; draw_concat_vec4
    %load/vec4 v000001f813e32940_0;
    %parti/s 8, 0, 2;
    %concat/vec4; draw_concat_vec4
    %pushi/vec4 192, 0, 32;
    %load/vec4 v000001f813e32940_0;
    %add;
    %ix/vec4 4;
    %store/vec4a v000001f813e35780, 4, 0;
    %load/vec4 v000001f813e32940_0;
    %parti/s 8, 0, 2;
    %load/vec4 v000001f813e32940_0;
    %muli 4, 0, 32;
    %ix/vec4/s 4;
    %store/vec4a v000001f813e34740, 4, 0;
    %pushi/vec4 16, 0, 8;
    %load/vec4 v000001f813e32940_0;
    %parti/s 8, 0, 2;
    %add;
    %load/vec4 v000001f813e32940_0;
    %muli 4, 0, 32;
    %addi 1, 0, 32;
    %ix/vec4/s 4;
    %store/vec4a v000001f813e34740, 4, 0;
    %pushi/vec4 32, 0, 8;
    %load/vec4 v000001f813e32940_0;
    %parti/s 8, 0, 2;
    %add;
    %load/vec4 v000001f813e32940_0;
    %muli 4, 0, 32;
    %addi 2, 0, 32;
    %ix/vec4/s 4;
    %store/vec4a v000001f813e34740, 4, 0;
    %pushi/vec4 48, 0, 8;
    %load/vec4 v000001f813e32940_0;
    %parti/s 8, 0, 2;
    %add;
    %load/vec4 v000001f813e32940_0;
    %muli 4, 0, 32;
    %addi 3, 0, 32;
    %ix/vec4/s 4;
    %store/vec4a v000001f813e34740, 4, 0;
    %load/vec4 v000001f813e32940_0;
    %addi 1, 0, 32;
    %store/vec4 v000001f813e32940_0, 0, 32;
    %jmp T_32.15;
T_32.16 ;
    %pushi/vec4 256, 0, 16;
    %store/vec4 v000001f813d061c0_0, 0, 16;
    %pushi/vec4 4, 0, 8;
    %store/vec4 v000001f813d06120_0, 0, 8;
    %pushi/vec4 768, 0, 40;
    %store/vec4 v000001f813d06940_0, 0, 40;
    %fork TD_tb_uart_axi_bridge.build_request, S_000001f8137cebf0;
    %join;
    %pushi/vec4 256, 0, 16;
    %store/vec4 v000001f813d06440_0, 0, 16;
    %pushi/vec4 4, 0, 8;
    %store/vec4 v000001f813d05f40_0, 0, 8;
    %pushi/vec4 768, 0, 40;
    %store/vec4 v000001f813d06080_0, 0, 40;
    %pushi/vec4 0, 0, 8;
    %store/vec4 v000001f813d04dc0_0, 0, 8;
    %fork TD_tb_uart_axi_bridge.build_expected_response, S_000001f813bbd630;
    %join;
    %fork TD_tb_uart_axi_bridge.send_tx_buffer, S_000001f813e2b400;
    %join;
    %load/vec4 v000001f813e32120_0;
    %store/vec4 v000001f813e33ac0_0, 0, 32;
    %pushi/vec4 0, 0, 32; draw_string_vec4
    %pushi/vec4 0, 0, 32; draw_string_vec4
    %concat/vec4; draw_string_vec4
    %pushi/vec4 0, 0, 32; draw_string_vec4
    %concat/vec4; draw_string_vec4
    %pushi/vec4 0, 0, 32; draw_string_vec4
    %concat/vec4; draw_string_vec4
    %pushi/vec4 26229, 0, 32; draw_string_vec4
    %concat/vec4; draw_string_vec4
    %pushi/vec4 1819041650, 0, 32; draw_string_vec4
    %concat/vec4; draw_string_vec4
    %pushi/vec4 1700881503, 0, 32; draw_string_vec4
    %concat/vec4; draw_string_vec4
    %pushi/vec4 842348130, 0, 32; draw_string_vec4
    %concat/vec4; draw_string_vec4
    %store/vec4 v000001f813e33340_0, 0, 256;
    %fork TD_tb_uart_axi_bridge.wait_for_rx_bytes, S_000001f813e38d70;
    %join;
    %pushi/vec4 0, 0, 32; draw_string_vec4
    %pushi/vec4 0, 0, 32; draw_string_vec4
    %concat/vec4; draw_string_vec4
    %pushi/vec4 0, 0, 32; draw_string_vec4
    %concat/vec4; draw_string_vec4
    %pushi/vec4 0, 0, 32; draw_string_vec4
    %concat/vec4; draw_string_vec4
    %pushi/vec4 26229, 0, 32; draw_string_vec4
    %concat/vec4; draw_string_vec4
    %pushi/vec4 1819041650, 0, 32; draw_string_vec4
    %concat/vec4; draw_string_vec4
    %pushi/vec4 1700881503, 0, 32; draw_string_vec4
    %concat/vec4; draw_string_vec4
    %pushi/vec4 842348130, 0, 32; draw_string_vec4
    %concat/vec4; draw_string_vec4
    %store/vec4 v000001f813d06580_0, 0, 256;
    %fork TD_tb_uart_axi_bridge.compare_expected, S_000001f813d22090;
    %join;
    %load/vec4 v000001f813e32800_0;
    %addi 1, 0, 32;
    %store/vec4 v000001f813e32800_0, 0, 32;
    %fork TD_tb_uart_axi_bridge.clear_rx_buffer, S_000001f813d07970;
    %join;
    %fork TD_tb_uart_axi_bridge.clear_data_buf, S_000001f813d4edf0;
    %join;
    %fork TD_tb_uart_axi_bridge.set_default_slave_ctrl, S_000001f813e2b590;
    %join;
    %pushi/vec4 2, 0, 8;
    %store/vec4 v000001f813e33b60_0, 0, 8;
    %pushi/vec4 1, 0, 8;
    %store/vec4 v000001f813e34240_0, 0, 8;
    %pushi/vec4 2, 0, 8;
    %store/vec4 v000001f813e32760_0, 0, 8;
    %pushi/vec4 0, 0, 32;
    %store/vec4 v000001f813e32940_0, 0, 32;
T_32.17 ;
    %load/vec4 v000001f813e32940_0;
    %cmpi/s 256, 0, 32;
    %jmp/0xz T_32.18, 5;
    %load/vec4 v000001f813e32940_0;
    %parti/s 8, 0, 2;
    %load/vec4 v000001f813e32940_0;
    %muli 4, 0, 32;
    %ix/vec4/s 4;
    %store/vec4a v000001f813e34740, 4, 0;
    %pushi/vec4 85, 0, 8;
    %load/vec4 v000001f813e32940_0;
    %parti/s 8, 0, 2;
    %xor;
    %load/vec4 v000001f813e32940_0;
    %muli 4, 0, 32;
    %addi 1, 0, 32;
    %ix/vec4/s 4;
    %store/vec4a v000001f813e34740, 4, 0;
    %pushi/vec4 170, 0, 8;
    %load/vec4 v000001f813e32940_0;
    %parti/s 8, 0, 2;
    %xor;
    %load/vec4 v000001f813e32940_0;
    %muli 4, 0, 32;
    %addi 2, 0, 32;
    %ix/vec4/s 4;
    %store/vec4a v000001f813e34740, 4, 0;
    %pushi/vec4 240, 0, 8;
    %load/vec4 v000001f813e32940_0;
    %parti/s 8, 0, 2;
    %xor;
    %load/vec4 v000001f813e32940_0;
    %muli 4, 0, 32;
    %addi 3, 0, 32;
    %ix/vec4/s 4;
    %store/vec4a v000001f813e34740, 4, 0;
    %load/vec4 v000001f813e32940_0;
    %addi 1, 0, 32;
    %store/vec4 v000001f813e32940_0, 0, 32;
    %jmp T_32.17;
T_32.18 ;
    %pushi/vec4 1024, 0, 16;
    %store/vec4 v000001f813d061c0_0, 0, 16;
    %pushi/vec4 3, 0, 8;
    %store/vec4 v000001f813d06120_0, 0, 8;
    %pushi/vec4 2048, 0, 40;
    %store/vec4 v000001f813d06940_0, 0, 40;
    %fork TD_tb_uart_axi_bridge.build_request, S_000001f8137cebf0;
    %join;
    %pushi/vec4 0, 0, 16;
    %store/vec4 v000001f813d06440_0, 0, 16;
    %pushi/vec4 3, 0, 8;
    %store/vec4 v000001f813d05f40_0, 0, 8;
    %pushi/vec4 2048, 0, 40;
    %store/vec4 v000001f813d06080_0, 0, 40;
    %pushi/vec4 0, 0, 8;
    %store/vec4 v000001f813d04dc0_0, 0, 8;
    %fork TD_tb_uart_axi_bridge.build_expected_response, S_000001f813bbd630;
    %join;
    %fork TD_tb_uart_axi_bridge.send_tx_buffer, S_000001f813e2b400;
    %join;
    %load/vec4 v000001f813e32120_0;
    %store/vec4 v000001f813e33ac0_0, 0, 32;
    %pushi/vec4 0, 0, 32; draw_string_vec4
    %pushi/vec4 0, 0, 32; draw_string_vec4
    %concat/vec4; draw_string_vec4
    %pushi/vec4 0, 0, 32; draw_string_vec4
    %concat/vec4; draw_string_vec4
    %pushi/vec4 0, 0, 32; draw_string_vec4
    %concat/vec4; draw_string_vec4
    %pushi/vec4 1718971500, 0, 32; draw_string_vec4
    %concat/vec4; draw_string_vec4
    %pushi/vec4 1601663593, 0, 32; draw_string_vec4
    %concat/vec4; draw_string_vec4
    %pushi/vec4 1952800561, 0, 32; draw_string_vec4
    %concat/vec4; draw_string_vec4
    %pushi/vec4 808596578, 0, 32; draw_string_vec4
    %concat/vec4; draw_string_vec4
    %store/vec4 v000001f813e33340_0, 0, 256;
    %fork TD_tb_uart_axi_bridge.wait_for_rx_bytes, S_000001f813e38d70;
    %join;
    %pushi/vec4 0, 0, 32; draw_string_vec4
    %pushi/vec4 0, 0, 32; draw_string_vec4
    %concat/vec4; draw_string_vec4
    %pushi/vec4 0, 0, 32; draw_string_vec4
    %concat/vec4; draw_string_vec4
    %pushi/vec4 0, 0, 32; draw_string_vec4
    %concat/vec4; draw_string_vec4
    %pushi/vec4 1718971500, 0, 32; draw_string_vec4
    %concat/vec4; draw_string_vec4
    %pushi/vec4 1601663593, 0, 32; draw_string_vec4
    %concat/vec4; draw_string_vec4
    %pushi/vec4 1952800561, 0, 32; draw_string_vec4
    %concat/vec4; draw_string_vec4
    %pushi/vec4 808596578, 0, 32; draw_string_vec4
    %concat/vec4; draw_string_vec4
    %store/vec4 v000001f813d06580_0, 0, 256;
    %fork TD_tb_uart_axi_bridge.compare_expected, S_000001f813d22090;
    %join;
    %pushi/vec4 0, 0, 1;
    %store/vec4 v000001f813e329e0_0, 0, 1;
    %pushi/vec4 0, 0, 32;
    %store/vec4 v000001f813e32940_0, 0, 32;
T_32.19 ;
    %load/vec4 v000001f813e32940_0;
    %cmpi/s 256, 0, 32;
    %jmp/0xz T_32.20, 5;
    %pushi/vec4 512, 0, 32;
    %load/vec4 v000001f813e32940_0;
    %add;
    %ix/vec4 4;
    %load/vec4a v000001f813e35780, 4;
    %pushi/vec4 240, 0, 8;
    %load/vec4 v000001f813e32940_0;
    %parti/s 8, 0, 2;
    %xor;
    %pushi/vec4 170, 0, 8;
    %load/vec4 v000001f813e32940_0;
    %parti/s 8, 0, 2;
    %xor;
    %concat/vec4; draw_concat_vec4
    %pushi/vec4 85, 0, 8;
    %load/vec4 v000001f813e32940_0;
    %parti/s 8, 0, 2;
    %xor;
    %concat/vec4; draw_concat_vec4
    %load/vec4 v000001f813e32940_0;
    %parti/s 8, 0, 2;
    %concat/vec4; draw_concat_vec4
    %cmp/ne;
    %jmp/0xz  T_32.21, 6;
    %pushi/vec4 1, 0, 1;
    %store/vec4 v000001f813e329e0_0, 0, 1;
T_32.21 ;
    %load/vec4 v000001f813e32940_0;
    %addi 1, 0, 32;
    %store/vec4 v000001f813e32940_0, 0, 32;
    %jmp T_32.19;
T_32.20 ;
    %load/vec4 v000001f813e329e0_0;
    %flag_set/vec4 8;
    %jmp/0xz  T_32.23, 8;
    %vpi_call 2 853 "$display", "[FAIL] full_write_1024b: AXI memory content r_mismatch" {0 0 0};
    %load/vec4 v000001f813e330c0_0;
    %addi 1, 0, 32;
    %store/vec4 v000001f813e330c0_0, 0, 32;
T_32.23 ;
    %load/vec4 v000001f813e32800_0;
    %addi 1, 0, 32;
    %store/vec4 v000001f813e32800_0, 0, 32;
    %fork TD_tb_uart_axi_bridge.clear_rx_buffer, S_000001f813d07970;
    %join;
    %fork TD_tb_uart_axi_bridge.clear_data_buf, S_000001f813d4edf0;
    %join;
    %fork TD_tb_uart_axi_bridge.set_default_slave_ctrl, S_000001f813e2b590;
    %join;
    %pushi/vec4 0, 0, 32;
    %store/vec4 v000001f813e32940_0, 0, 32;
T_32.25 ;
    %load/vec4 v000001f813e32940_0;
    %cmpi/s 256, 0, 32;
    %jmp/0xz T_32.26, 5;
    %pushi/vec4 195, 0, 8;
    %load/vec4 v000001f813e32940_0;
    %parti/s 8, 0, 2;
    %xor;
    %pushi/vec4 165, 0, 8;
    %load/vec4 v000001f813e32940_0;
    %parti/s 8, 0, 2;
    %xor;
    %concat/vec4; draw_concat_vec4
    %pushi/vec4 90, 0, 8;
    %load/vec4 v000001f813e32940_0;
    %parti/s 8, 0, 2;
    %xor;
    %concat/vec4; draw_concat_vec4
    %load/vec4 v000001f813e32940_0;
    %parti/s 8, 0, 2;
    %concat/vec4; draw_concat_vec4
    %pushi/vec4 768, 0, 32;
    %load/vec4 v000001f813e32940_0;
    %add;
    %ix/vec4 4;
    %store/vec4a v000001f813e35780, 4, 0;
    %load/vec4 v000001f813e32940_0;
    %parti/s 8, 0, 2;
    %load/vec4 v000001f813e32940_0;
    %muli 4, 0, 32;
    %ix/vec4/s 4;
    %store/vec4a v000001f813e34740, 4, 0;
    %pushi/vec4 90, 0, 8;
    %load/vec4 v000001f813e32940_0;
    %parti/s 8, 0, 2;
    %xor;
    %load/vec4 v000001f813e32940_0;
    %muli 4, 0, 32;
    %addi 1, 0, 32;
    %ix/vec4/s 4;
    %store/vec4a v000001f813e34740, 4, 0;
    %pushi/vec4 165, 0, 8;
    %load/vec4 v000001f813e32940_0;
    %parti/s 8, 0, 2;
    %xor;
    %load/vec4 v000001f813e32940_0;
    %muli 4, 0, 32;
    %addi 2, 0, 32;
    %ix/vec4/s 4;
    %store/vec4a v000001f813e34740, 4, 0;
    %pushi/vec4 195, 0, 8;
    %load/vec4 v000001f813e32940_0;
    %parti/s 8, 0, 2;
    %xor;
    %load/vec4 v000001f813e32940_0;
    %muli 4, 0, 32;
    %addi 3, 0, 32;
    %ix/vec4/s 4;
    %store/vec4a v000001f813e34740, 4, 0;
    %load/vec4 v000001f813e32940_0;
    %addi 1, 0, 32;
    %store/vec4 v000001f813e32940_0, 0, 32;
    %jmp T_32.25;
T_32.26 ;
    %pushi/vec4 1024, 0, 16;
    %store/vec4 v000001f813d061c0_0, 0, 16;
    %pushi/vec4 4, 0, 8;
    %store/vec4 v000001f813d06120_0, 0, 8;
    %pushi/vec4 3072, 0, 40;
    %store/vec4 v000001f813d06940_0, 0, 40;
    %fork TD_tb_uart_axi_bridge.build_request, S_000001f8137cebf0;
    %join;
    %pushi/vec4 1024, 0, 16;
    %store/vec4 v000001f813d06440_0, 0, 16;
    %pushi/vec4 4, 0, 8;
    %store/vec4 v000001f813d05f40_0, 0, 8;
    %pushi/vec4 3072, 0, 40;
    %store/vec4 v000001f813d06080_0, 0, 40;
    %pushi/vec4 0, 0, 8;
    %store/vec4 v000001f813d04dc0_0, 0, 8;
    %fork TD_tb_uart_axi_bridge.build_expected_response, S_000001f813bbd630;
    %join;
    %fork TD_tb_uart_axi_bridge.send_tx_buffer, S_000001f813e2b400;
    %join;
    %load/vec4 v000001f813e32120_0;
    %store/vec4 v000001f813e33ac0_0, 0, 32;
    %pushi/vec4 0, 0, 32; draw_string_vec4
    %pushi/vec4 0, 0, 32; draw_string_vec4
    %concat/vec4; draw_string_vec4
    %pushi/vec4 0, 0, 32; draw_string_vec4
    %concat/vec4; draw_string_vec4
    %pushi/vec4 0, 0, 32; draw_string_vec4
    %concat/vec4; draw_string_vec4
    %pushi/vec4 6714732, 0, 32; draw_string_vec4
    %concat/vec4; draw_string_vec4
    %pushi/vec4 1818194533, 0, 32; draw_string_vec4
    %concat/vec4; draw_string_vec4
    %pushi/vec4 1633967921, 0, 32; draw_string_vec4
    %concat/vec4; draw_string_vec4
    %pushi/vec4 808596578, 0, 32; draw_string_vec4
    %concat/vec4; draw_string_vec4
    %store/vec4 v000001f813e33340_0, 0, 256;
    %fork TD_tb_uart_axi_bridge.wait_for_rx_bytes, S_000001f813e38d70;
    %join;
    %pushi/vec4 0, 0, 32; draw_string_vec4
    %pushi/vec4 0, 0, 32; draw_string_vec4
    %concat/vec4; draw_string_vec4
    %pushi/vec4 0, 0, 32; draw_string_vec4
    %concat/vec4; draw_string_vec4
    %pushi/vec4 0, 0, 32; draw_string_vec4
    %concat/vec4; draw_string_vec4
    %pushi/vec4 6714732, 0, 32; draw_string_vec4
    %concat/vec4; draw_string_vec4
    %pushi/vec4 1818194533, 0, 32; draw_string_vec4
    %concat/vec4; draw_string_vec4
    %pushi/vec4 1633967921, 0, 32; draw_string_vec4
    %concat/vec4; draw_string_vec4
    %pushi/vec4 808596578, 0, 32; draw_string_vec4
    %concat/vec4; draw_string_vec4
    %store/vec4 v000001f813d06580_0, 0, 256;
    %fork TD_tb_uart_axi_bridge.compare_expected, S_000001f813d22090;
    %join;
    %fork TD_tb_uart_axi_bridge.run_full_1024_stress, S_000001f813e2bbd0;
    %join;
    %load/vec4 v000001f813e32800_0;
    %addi 1, 0, 32;
    %store/vec4 v000001f813e32800_0, 0, 32;
    %fork TD_tb_uart_axi_bridge.clear_rx_buffer, S_000001f813d07970;
    %join;
    %fork TD_tb_uart_axi_bridge.clear_data_buf, S_000001f813d4edf0;
    %join;
    %fork TD_tb_uart_axi_bridge.set_default_slave_ctrl, S_000001f813e2b590;
    %join;
    %pushi/vec4 120, 0, 8;
    %ix/load 4, 0, 0;
    %flag_set/imm 4, 0;
    %store/vec4a v000001f813e34740, 4, 0;
    %pushi/vec4 86, 0, 8;
    %ix/load 4, 1, 0;
    %flag_set/imm 4, 0;
    %store/vec4a v000001f813e34740, 4, 0;
    %pushi/vec4 52, 0, 8;
    %ix/load 4, 2, 0;
    %flag_set/imm 4, 0;
    %store/vec4a v000001f813e34740, 4, 0;
    %pushi/vec4 18, 0, 8;
    %ix/load 4, 3, 0;
    %flag_set/imm 4, 0;
    %store/vec4a v000001f813e34740, 4, 0;
    %pushi/vec4 4, 0, 16;
    %store/vec4 v000001f813d061c0_0, 0, 16;
    %pushi/vec4 1, 0, 8;
    %store/vec4 v000001f813d06120_0, 0, 8;
    %pushi/vec4 163, 0, 40;
    %store/vec4 v000001f813d06940_0, 0, 40;
    %fork TD_tb_uart_axi_bridge.build_request, S_000001f8137cebf0;
    %join;
    %fork TD_tb_uart_axi_bridge.clear_data_buf, S_000001f813d4edf0;
    %join;
    %pushi/vec4 0, 0, 16;
    %store/vec4 v000001f813d06440_0, 0, 16;
    %pushi/vec4 1, 0, 8;
    %store/vec4 v000001f813d05f40_0, 0, 8;
    %pushi/vec4 163, 0, 40;
    %store/vec4 v000001f813d06080_0, 0, 40;
    %pushi/vec4 1, 0, 8;
    %store/vec4 v000001f813d04dc0_0, 0, 8;
    %fork TD_tb_uart_axi_bridge.build_expected_response, S_000001f813bbd630;
    %join;
    %fork TD_tb_uart_axi_bridge.send_tx_buffer, S_000001f813e2b400;
    %join;
    %load/vec4 v000001f813e32120_0;
    %store/vec4 v000001f813e33ac0_0, 0, 32;
    %pushi/vec4 0, 0, 32; draw_string_vec4
    %pushi/vec4 0, 0, 32; draw_string_vec4
    %concat/vec4; draw_string_vec4
    %pushi/vec4 0, 0, 32; draw_string_vec4
    %concat/vec4; draw_string_vec4
    %pushi/vec4 0, 0, 32; draw_string_vec4
    %concat/vec4; draw_string_vec4
    %pushi/vec4 0, 0, 32; draw_string_vec4
    %concat/vec4; draw_string_vec4
    %pushi/vec4 97, 0, 32; draw_string_vec4
    %concat/vec4; draw_string_vec4
    %pushi/vec4 1818847086, 0, 32; draw_string_vec4
    %concat/vec4; draw_string_vec4
    %pushi/vec4 1600483954, 0, 32; draw_string_vec4
    %concat/vec4; draw_string_vec4
    %store/vec4 v000001f813e33340_0, 0, 256;
    %fork TD_tb_uart_axi_bridge.wait_for_rx_bytes, S_000001f813e38d70;
    %join;
    %pushi/vec4 0, 0, 32; draw_string_vec4
    %pushi/vec4 0, 0, 32; draw_string_vec4
    %concat/vec4; draw_string_vec4
    %pushi/vec4 0, 0, 32; draw_string_vec4
    %concat/vec4; draw_string_vec4
    %pushi/vec4 0, 0, 32; draw_string_vec4
    %concat/vec4; draw_string_vec4
    %pushi/vec4 0, 0, 32; draw_string_vec4
    %concat/vec4; draw_string_vec4
    %pushi/vec4 97, 0, 32; draw_string_vec4
    %concat/vec4; draw_string_vec4
    %pushi/vec4 1818847086, 0, 32; draw_string_vec4
    %concat/vec4; draw_string_vec4
    %pushi/vec4 1600483954, 0, 32; draw_string_vec4
    %concat/vec4; draw_string_vec4
    %store/vec4 v000001f813d06580_0, 0, 256;
    %fork TD_tb_uart_axi_bridge.compare_expected, S_000001f813d22090;
    %join;
    %load/vec4 v000001f813e32800_0;
    %addi 1, 0, 32;
    %store/vec4 v000001f813e32800_0, 0, 32;
    %fork TD_tb_uart_axi_bridge.clear_rx_buffer, S_000001f813d07970;
    %join;
    %fork TD_tb_uart_axi_bridge.clear_data_buf, S_000001f813d4edf0;
    %join;
    %fork TD_tb_uart_axi_bridge.set_default_slave_ctrl, S_000001f813e2b590;
    %join;
    %pushi/vec4 1, 0, 8;
    %ix/load 4, 0, 0;
    %flag_set/imm 4, 0;
    %store/vec4a v000001f813e34740, 4, 0;
    %pushi/vec4 2, 0, 8;
    %ix/load 4, 1, 0;
    %flag_set/imm 4, 0;
    %store/vec4a v000001f813e34740, 4, 0;
    %pushi/vec4 3, 0, 8;
    %ix/load 4, 2, 0;
    %flag_set/imm 4, 0;
    %store/vec4a v000001f813e34740, 4, 0;
    %pushi/vec4 4, 0, 8;
    %ix/load 4, 3, 0;
    %flag_set/imm 4, 0;
    %store/vec4a v000001f813e34740, 4, 0;
    %pushi/vec4 5, 0, 8;
    %ix/load 4, 4, 0;
    %flag_set/imm 4, 0;
    %store/vec4a v000001f813e34740, 4, 0;
    %pushi/vec4 6, 0, 8;
    %ix/load 4, 5, 0;
    %flag_set/imm 4, 0;
    %store/vec4a v000001f813e34740, 4, 0;
    %pushi/vec4 6, 0, 16;
    %store/vec4 v000001f813d061c0_0, 0, 16;
    %pushi/vec4 3, 0, 8;
    %store/vec4 v000001f813d06120_0, 0, 8;
    %pushi/vec4 256, 0, 40;
    %store/vec4 v000001f813d06940_0, 0, 40;
    %fork TD_tb_uart_axi_bridge.build_request, S_000001f8137cebf0;
    %join;
    %fork TD_tb_uart_axi_bridge.clear_data_buf, S_000001f813d4edf0;
    %join;
    %pushi/vec4 0, 0, 16;
    %store/vec4 v000001f813d06440_0, 0, 16;
    %pushi/vec4 3, 0, 8;
    %store/vec4 v000001f813d05f40_0, 0, 8;
    %pushi/vec4 256, 0, 40;
    %store/vec4 v000001f813d06080_0, 0, 40;
    %pushi/vec4 3, 0, 8;
    %store/vec4 v000001f813d04dc0_0, 0, 8;
    %fork TD_tb_uart_axi_bridge.build_expected_response, S_000001f813bbd630;
    %join;
    %fork TD_tb_uart_axi_bridge.send_tx_buffer, S_000001f813e2b400;
    %join;
    %load/vec4 v000001f813e32120_0;
    %store/vec4 v000001f813e33ac0_0, 0, 32;
    %pushi/vec4 0, 0, 32; draw_string_vec4
    %pushi/vec4 0, 0, 32; draw_string_vec4
    %concat/vec4; draw_string_vec4
    %pushi/vec4 0, 0, 32; draw_string_vec4
    %concat/vec4; draw_string_vec4
    %pushi/vec4 0, 0, 32; draw_string_vec4
    %concat/vec4; draw_string_vec4
    %pushi/vec4 0, 0, 32; draw_string_vec4
    %concat/vec4; draw_string_vec4
    %pushi/vec4 0, 0, 32; draw_string_vec4
    %concat/vec4; draw_string_vec4
    %pushi/vec4 7103854, 0, 32; draw_string_vec4
    %concat/vec4; draw_string_vec4
    %pushi/vec4 1600483954, 0, 32; draw_string_vec4
    %concat/vec4; draw_string_vec4
    %store/vec4 v000001f813e33340_0, 0, 256;
    %fork TD_tb_uart_axi_bridge.wait_for_rx_bytes, S_000001f813e38d70;
    %join;
    %pushi/vec4 0, 0, 32; draw_string_vec4
    %pushi/vec4 0, 0, 32; draw_string_vec4
    %concat/vec4; draw_string_vec4
    %pushi/vec4 0, 0, 32; draw_string_vec4
    %concat/vec4; draw_string_vec4
    %pushi/vec4 0, 0, 32; draw_string_vec4
    %concat/vec4; draw_string_vec4
    %pushi/vec4 0, 0, 32; draw_string_vec4
    %concat/vec4; draw_string_vec4
    %pushi/vec4 0, 0, 32; draw_string_vec4
    %concat/vec4; draw_string_vec4
    %pushi/vec4 7103854, 0, 32; draw_string_vec4
    %concat/vec4; draw_string_vec4
    %pushi/vec4 1600483954, 0, 32; draw_string_vec4
    %concat/vec4; draw_string_vec4
    %store/vec4 v000001f813d06580_0, 0, 256;
    %fork TD_tb_uart_axi_bridge.compare_expected, S_000001f813d22090;
    %join;
    %load/vec4 v000001f813e32800_0;
    %addi 1, 0, 32;
    %store/vec4 v000001f813e32800_0, 0, 32;
    %fork TD_tb_uart_axi_bridge.clear_rx_buffer, S_000001f813d07970;
    %join;
    %fork TD_tb_uart_axi_bridge.clear_data_buf, S_000001f813d4edf0;
    %join;
    %fork TD_tb_uart_axi_bridge.set_default_slave_ctrl, S_000001f813e2b590;
    %join;
    %pushi/vec4 0, 0, 16;
    %store/vec4 v000001f813d061c0_0, 0, 16;
    %pushi/vec4 4, 0, 8;
    %store/vec4 v000001f813d06120_0, 0, 8;
    %pushi/vec4 0, 0, 40;
    %store/vec4 v000001f813d06940_0, 0, 40;
    %fork TD_tb_uart_axi_bridge.build_request, S_000001f8137cebf0;
    %join;
    %fork TD_tb_uart_axi_bridge.clear_data_buf, S_000001f813d4edf0;
    %join;
    %pushi/vec4 0, 0, 16;
    %store/vec4 v000001f813d06440_0, 0, 16;
    %pushi/vec4 4, 0, 8;
    %store/vec4 v000001f813d05f40_0, 0, 8;
    %pushi/vec4 0, 0, 40;
    %store/vec4 v000001f813d06080_0, 0, 40;
    %pushi/vec4 3, 0, 8;
    %store/vec4 v000001f813d04dc0_0, 0, 8;
    %fork TD_tb_uart_axi_bridge.build_expected_response, S_000001f813bbd630;
    %join;
    %fork TD_tb_uart_axi_bridge.send_tx_buffer, S_000001f813e2b400;
    %join;
    %load/vec4 v000001f813e32120_0;
    %store/vec4 v000001f813e33ac0_0, 0, 32;
    %pushi/vec4 0, 0, 32; draw_string_vec4
    %pushi/vec4 0, 0, 32; draw_string_vec4
    %concat/vec4; draw_string_vec4
    %pushi/vec4 26229, 0, 32; draw_string_vec4
    %concat/vec4; draw_string_vec4
    %pushi/vec4 1819041650, 0, 32; draw_string_vec4
    %concat/vec4; draw_string_vec4
    %pushi/vec4 1700881503, 0, 32; draw_string_vec4
    %concat/vec4; draw_string_vec4
    %pushi/vec4 2053468783, 0, 32; draw_string_vec4
    %concat/vec4; draw_string_vec4
    %pushi/vec4 1600939374, 0, 32; draw_string_vec4
    %concat/vec4; draw_string_vec4
    %pushi/vec4 1600483954, 0, 32; draw_string_vec4
    %concat/vec4; draw_string_vec4
    %store/vec4 v000001f813e33340_0, 0, 256;
    %fork TD_tb_uart_axi_bridge.wait_for_rx_bytes, S_000001f813e38d70;
    %join;
    %pushi/vec4 0, 0, 32; draw_string_vec4
    %pushi/vec4 0, 0, 32; draw_string_vec4
    %concat/vec4; draw_string_vec4
    %pushi/vec4 26229, 0, 32; draw_string_vec4
    %concat/vec4; draw_string_vec4
    %pushi/vec4 1819041650, 0, 32; draw_string_vec4
    %concat/vec4; draw_string_vec4
    %pushi/vec4 1700881503, 0, 32; draw_string_vec4
    %concat/vec4; draw_string_vec4
    %pushi/vec4 2053468783, 0, 32; draw_string_vec4
    %concat/vec4; draw_string_vec4
    %pushi/vec4 1600939374, 0, 32; draw_string_vec4
    %concat/vec4; draw_string_vec4
    %pushi/vec4 1600483954, 0, 32; draw_string_vec4
    %concat/vec4; draw_string_vec4
    %store/vec4 v000001f813d06580_0, 0, 256;
    %fork TD_tb_uart_axi_bridge.compare_expected, S_000001f813d22090;
    %join;
    %load/vec4 v000001f813e32800_0;
    %addi 1, 0, 32;
    %store/vec4 v000001f813e32800_0, 0, 32;
    %fork TD_tb_uart_axi_bridge.clear_rx_buffer, S_000001f813d07970;
    %join;
    %fork TD_tb_uart_axi_bridge.clear_data_buf, S_000001f813d4edf0;
    %join;
    %fork TD_tb_uart_axi_bridge.set_default_slave_ctrl, S_000001f813e2b590;
    %join;
    %pushi/vec4 0, 0, 16;
    %store/vec4 v000001f813d061c0_0, 0, 16;
    %pushi/vec4 7, 0, 8;
    %store/vec4 v000001f813d06120_0, 0, 8;
    %pushi/vec4 0, 0, 40;
    %store/vec4 v000001f813d06940_0, 0, 40;
    %fork TD_tb_uart_axi_bridge.build_request, S_000001f8137cebf0;
    %join;
    %fork TD_tb_uart_axi_bridge.clear_data_buf, S_000001f813d4edf0;
    %join;
    %pushi/vec4 0, 0, 16;
    %store/vec4 v000001f813d06440_0, 0, 16;
    %pushi/vec4 7, 0, 8;
    %store/vec4 v000001f813d05f40_0, 0, 8;
    %pushi/vec4 0, 0, 40;
    %store/vec4 v000001f813d06080_0, 0, 40;
    %pushi/vec4 4, 0, 8;
    %store/vec4 v000001f813d04dc0_0, 0, 8;
    %fork TD_tb_uart_axi_bridge.build_expected_response, S_000001f813bbd630;
    %join;
    %fork TD_tb_uart_axi_bridge.send_tx_buffer, S_000001f813e2b400;
    %join;
    %load/vec4 v000001f813e32120_0;
    %store/vec4 v000001f813e33ac0_0, 0, 32;
    %pushi/vec4 0, 0, 32; draw_string_vec4
    %pushi/vec4 0, 0, 32; draw_string_vec4
    %concat/vec4; draw_string_vec4
    %pushi/vec4 0, 0, 32; draw_string_vec4
    %concat/vec4; draw_string_vec4
    %pushi/vec4 0, 0, 32; draw_string_vec4
    %concat/vec4; draw_string_vec4
    %pushi/vec4 0, 0, 32; draw_string_vec4
    %concat/vec4; draw_string_vec4
    %pushi/vec4 0, 0, 32; draw_string_vec4
    %concat/vec4; draw_string_vec4
    %pushi/vec4 6516068, 0, 32; draw_string_vec4
    %concat/vec4; draw_string_vec4
    %pushi/vec4 1600483954, 0, 32; draw_string_vec4
    %concat/vec4; draw_string_vec4
    %store/vec4 v000001f813e33340_0, 0, 256;
    %fork TD_tb_uart_axi_bridge.wait_for_rx_bytes, S_000001f813e38d70;
    %join;
    %pushi/vec4 0, 0, 32; draw_string_vec4
    %pushi/vec4 0, 0, 32; draw_string_vec4
    %concat/vec4; draw_string_vec4
    %pushi/vec4 0, 0, 32; draw_string_vec4
    %concat/vec4; draw_string_vec4
    %pushi/vec4 0, 0, 32; draw_string_vec4
    %concat/vec4; draw_string_vec4
    %pushi/vec4 0, 0, 32; draw_string_vec4
    %concat/vec4; draw_string_vec4
    %pushi/vec4 0, 0, 32; draw_string_vec4
    %concat/vec4; draw_string_vec4
    %pushi/vec4 6516068, 0, 32; draw_string_vec4
    %concat/vec4; draw_string_vec4
    %pushi/vec4 1600483954, 0, 32; draw_string_vec4
    %concat/vec4; draw_string_vec4
    %store/vec4 v000001f813d06580_0, 0, 256;
    %fork TD_tb_uart_axi_bridge.compare_expected, S_000001f813d22090;
    %join;
    %load/vec4 v000001f813e32800_0;
    %addi 1, 0, 32;
    %store/vec4 v000001f813e32800_0, 0, 32;
    %fork TD_tb_uart_axi_bridge.clear_rx_buffer, S_000001f813d07970;
    %join;
    %fork TD_tb_uart_axi_bridge.clear_data_buf, S_000001f813d4edf0;
    %join;
    %fork TD_tb_uart_axi_bridge.set_default_slave_ctrl, S_000001f813e2b590;
    %join;
    %pushi/vec4 120, 0, 8;
    %ix/load 4, 0, 0;
    %flag_set/imm 4, 0;
    %store/vec4a v000001f813e34740, 4, 0;
    %pushi/vec4 86, 0, 8;
    %ix/load 4, 1, 0;
    %flag_set/imm 4, 0;
    %store/vec4a v000001f813e34740, 4, 0;
    %pushi/vec4 52, 0, 8;
    %ix/load 4, 2, 0;
    %flag_set/imm 4, 0;
    %store/vec4a v000001f813e34740, 4, 0;
    %pushi/vec4 18, 0, 8;
    %ix/load 4, 3, 0;
    %flag_set/imm 4, 0;
    %store/vec4a v000001f813e34740, 4, 0;
    %pushi/vec4 4, 0, 16;
    %store/vec4 v000001f813d061c0_0, 0, 16;
    %pushi/vec4 1, 0, 8;
    %store/vec4 v000001f813d06120_0, 0, 8;
    %pushi/vec4 160, 0, 40;
    %store/vec4 v000001f813d06940_0, 0, 40;
    %fork TD_tb_uart_axi_bridge.build_request, S_000001f8137cebf0;
    %join;
    %load/vec4 v000001f813e33f20_0;
    %subi 2, 0, 32;
    %ix/vec4/s 4;
    %load/vec4a v000001f813e342e0, 4;
    %pushi/vec4 255, 0, 8;
    %xor;
    %load/vec4 v000001f813e33f20_0;
    %subi 2, 0, 32;
    %ix/vec4/s 4;
    %store/vec4a v000001f813e342e0, 4, 0;
    %fork TD_tb_uart_axi_bridge.send_tx_buffer, S_000001f813e2b400;
    %join;
    %pushi/vec4 0, 0, 32; draw_string_vec4
    %pushi/vec4 0, 0, 32; draw_string_vec4
    %concat/vec4; draw_string_vec4
    %pushi/vec4 0, 0, 32; draw_string_vec4
    %concat/vec4; draw_string_vec4
    %pushi/vec4 0, 0, 32; draw_string_vec4
    %concat/vec4; draw_string_vec4
    %pushi/vec4 0, 0, 32; draw_string_vec4
    %concat/vec4; draw_string_vec4
    %pushi/vec4 0, 0, 32; draw_string_vec4
    %concat/vec4; draw_string_vec4
    %pushi/vec4 1667787615, 0, 32; draw_string_vec4
    %concat/vec4; draw_string_vec4
    %pushi/vec4 1685221232, 0, 32; draw_string_vec4
    %concat/vec4; draw_string_vec4
    %store/vec4 v000001f813e2fa10_0, 0, 256;
    %fork TD_tb_uart_axi_bridge.expect_no_response, S_000001f813e2bef0;
    %join;
    %load/vec4 v000001f813e32800_0;
    %addi 1, 0, 32;
    %store/vec4 v000001f813e32800_0, 0, 32;
    %fork TD_tb_uart_axi_bridge.clear_rx_buffer, S_000001f813d07970;
    %join;
    %fork TD_tb_uart_axi_bridge.clear_data_buf, S_000001f813d4edf0;
    %join;
    %fork TD_tb_uart_axi_bridge.set_default_slave_ctrl, S_000001f813e2b590;
    %join;
    %pushi/vec4 1, 0, 1;
    %store/vec4 v000001f813e34880_0, 0, 1;
    %pushi/vec4 4, 0, 16;
    %store/vec4 v000001f813d061c0_0, 0, 16;
    %pushi/vec4 2, 0, 8;
    %store/vec4 v000001f813d06120_0, 0, 8;
    %pushi/vec4 160, 0, 40;
    %store/vec4 v000001f813d06940_0, 0, 40;
    %fork TD_tb_uart_axi_bridge.build_request, S_000001f8137cebf0;
    %join;
    %fork TD_tb_uart_axi_bridge.clear_data_buf, S_000001f813d4edf0;
    %join;
    %pushi/vec4 0, 0, 16;
    %store/vec4 v000001f813d06440_0, 0, 16;
    %pushi/vec4 2, 0, 8;
    %store/vec4 v000001f813d05f40_0, 0, 8;
    %pushi/vec4 160, 0, 40;
    %store/vec4 v000001f813d06080_0, 0, 40;
    %pushi/vec4 2, 0, 8;
    %store/vec4 v000001f813d04dc0_0, 0, 8;
    %fork TD_tb_uart_axi_bridge.build_expected_response, S_000001f813bbd630;
    %join;
    %fork TD_tb_uart_axi_bridge.send_tx_buffer, S_000001f813e2b400;
    %join;
    %load/vec4 v000001f813e32120_0;
    %store/vec4 v000001f813e33ac0_0, 0, 32;
    %pushi/vec4 0, 0, 32; draw_string_vec4
    %pushi/vec4 0, 0, 32; draw_string_vec4
    %concat/vec4; draw_string_vec4
    %pushi/vec4 0, 0, 32; draw_string_vec4
    %concat/vec4; draw_string_vec4
    %pushi/vec4 0, 0, 32; draw_string_vec4
    %concat/vec4; draw_string_vec4
    %pushi/vec4 0, 0, 32; draw_string_vec4
    %concat/vec4; draw_string_vec4
    %pushi/vec4 1635281260, 0, 32; draw_string_vec4
    %concat/vec4; draw_string_vec4
    %pushi/vec4 1601464685, 0, 32; draw_string_vec4
    %concat/vec4; draw_string_vec4
    %pushi/vec4 1701803380, 0, 32; draw_string_vec4
    %concat/vec4; draw_string_vec4
    %store/vec4 v000001f813e33340_0, 0, 256;
    %fork TD_tb_uart_axi_bridge.wait_for_rx_bytes, S_000001f813e38d70;
    %join;
    %pushi/vec4 0, 0, 32; draw_string_vec4
    %pushi/vec4 0, 0, 32; draw_string_vec4
    %concat/vec4; draw_string_vec4
    %pushi/vec4 0, 0, 32; draw_string_vec4
    %concat/vec4; draw_string_vec4
    %pushi/vec4 0, 0, 32; draw_string_vec4
    %concat/vec4; draw_string_vec4
    %pushi/vec4 0, 0, 32; draw_string_vec4
    %concat/vec4; draw_string_vec4
    %pushi/vec4 1635281260, 0, 32; draw_string_vec4
    %concat/vec4; draw_string_vec4
    %pushi/vec4 1601464685, 0, 32; draw_string_vec4
    %concat/vec4; draw_string_vec4
    %pushi/vec4 1701803380, 0, 32; draw_string_vec4
    %concat/vec4; draw_string_vec4
    %store/vec4 v000001f813d06580_0, 0, 256;
    %fork TD_tb_uart_axi_bridge.compare_expected, S_000001f813d22090;
    %join;
    %load/vec4 v000001f813e32800_0;
    %addi 1, 0, 32;
    %store/vec4 v000001f813e32800_0, 0, 32;
    %fork TD_tb_uart_axi_bridge.clear_rx_buffer, S_000001f813d07970;
    %join;
    %fork TD_tb_uart_axi_bridge.clear_data_buf, S_000001f813d4edf0;
    %join;
    %fork TD_tb_uart_axi_bridge.set_default_slave_ctrl, S_000001f813e2b590;
    %join;
    %pushi/vec4 1, 0, 1;
    %store/vec4 v000001f813e341a0_0, 0, 1;
    %pushi/vec4 4, 0, 16;
    %store/vec4 v000001f813d061c0_0, 0, 16;
    %pushi/vec4 4, 0, 8;
    %store/vec4 v000001f813d06120_0, 0, 8;
    %pushi/vec4 256, 0, 40;
    %store/vec4 v000001f813d06940_0, 0, 40;
    %fork TD_tb_uart_axi_bridge.build_request, S_000001f8137cebf0;
    %join;
    %fork TD_tb_uart_axi_bridge.clear_data_buf, S_000001f813d4edf0;
    %join;
    %pushi/vec4 0, 0, 16;
    %store/vec4 v000001f813d06440_0, 0, 16;
    %pushi/vec4 4, 0, 8;
    %store/vec4 v000001f813d05f40_0, 0, 8;
    %pushi/vec4 256, 0, 40;
    %store/vec4 v000001f813d06080_0, 0, 40;
    %pushi/vec4 2, 0, 8;
    %store/vec4 v000001f813d04dc0_0, 0, 8;
    %fork TD_tb_uart_axi_bridge.build_expected_response, S_000001f813bbd630;
    %join;
    %fork TD_tb_uart_axi_bridge.send_tx_buffer, S_000001f813e2b400;
    %join;
    %load/vec4 v000001f813e32120_0;
    %store/vec4 v000001f813e33ac0_0, 0, 32;
    %pushi/vec4 0, 0, 32; draw_string_vec4
    %pushi/vec4 0, 0, 32; draw_string_vec4
    %concat/vec4; draw_string_vec4
    %pushi/vec4 0, 0, 32; draw_string_vec4
    %concat/vec4; draw_string_vec4
    %pushi/vec4 0, 0, 32; draw_string_vec4
    %concat/vec4; draw_string_vec4
    %pushi/vec4 0, 0, 32; draw_string_vec4
    %concat/vec4; draw_string_vec4
    %pushi/vec4 1635281254, 0, 32; draw_string_vec4
    %concat/vec4; draw_string_vec4
    %pushi/vec4 1601464685, 0, 32; draw_string_vec4
    %concat/vec4; draw_string_vec4
    %pushi/vec4 1701803380, 0, 32; draw_string_vec4
    %concat/vec4; draw_string_vec4
    %store/vec4 v000001f813e33340_0, 0, 256;
    %fork TD_tb_uart_axi_bridge.wait_for_rx_bytes, S_000001f813e38d70;
    %join;
    %pushi/vec4 0, 0, 32; draw_string_vec4
    %pushi/vec4 0, 0, 32; draw_string_vec4
    %concat/vec4; draw_string_vec4
    %pushi/vec4 0, 0, 32; draw_string_vec4
    %concat/vec4; draw_string_vec4
    %pushi/vec4 0, 0, 32; draw_string_vec4
    %concat/vec4; draw_string_vec4
    %pushi/vec4 0, 0, 32; draw_string_vec4
    %concat/vec4; draw_string_vec4
    %pushi/vec4 1635281254, 0, 32; draw_string_vec4
    %concat/vec4; draw_string_vec4
    %pushi/vec4 1601464685, 0, 32; draw_string_vec4
    %concat/vec4; draw_string_vec4
    %pushi/vec4 1701803380, 0, 32; draw_string_vec4
    %concat/vec4; draw_string_vec4
    %store/vec4 v000001f813d06580_0, 0, 256;
    %fork TD_tb_uart_axi_bridge.compare_expected, S_000001f813d22090;
    %join;
    %pushi/vec4 100, 0, 32;
    %store/vec4 v000001f813e33ca0_0, 0, 32;
    %fork TD_tb_uart_axi_bridge.wait_clocks, S_000001f813e39d10;
    %join;
    %vpi_call 2 958 "$display", "Cases: %0d, Failures: %0d", v000001f813e32800_0, v000001f813e330c0_0 {0 0 0};
    %load/vec4 v000001f813e330c0_0;
    %cmpi/e 0, 0, 32;
    %jmp/0xz  T_32.27, 4;
    %vpi_call 2 961 "$display", "TB PASS" {0 0 0};
    %jmp T_32.28;
T_32.27 ;
    %vpi_call 2 964 "$fatal", 32'sb00000000000000000000000000000001, "TB FAIL" {0 0 0};
T_32.28 ;
    %vpi_call 2 967 "$finish" {0 0 0};
    %end;
    .thread T_32;
# The file index is used to find the file name in the following table.
:file_names 14;
    "N/A";
    "<interactive>";
    "G:\016-codex\0-xianyu\2-uart_fpga_update\uart_axi_bridge\src\sim\tb_uart_axi_bridge.v";
    "G:\016-codex\0-xianyu\2-uart_fpga_update\uart_axi_bridge\src\sim\..\rtl\uart_axi_bridge.v";
    "G:\016-codex\0-xianyu\2-uart_fpga_update\uart_axi_bridge\src\sim\..\rtl\axi_full_master.v";
    "G:\016-codex\0-xianyu\2-uart_fpga_update\uart_axi_bridge\src\sim\..\rtl\axi_lite_master.v";
    "G:\016-codex\0-xianyu\2-uart_fpga_update\uart_axi_bridge\src\sim\..\rtl\bridge_ctrl.v";
    "G:\016-codex\0-xianyu\2-uart_fpga_update\uart_axi_bridge\src\sim\..\rtl\frame_builder.v";
    "G:\016-codex\0-xianyu\2-uart_fpga_update\uart_axi_bridge\src\sim\..\rtl\frame_parser.v";
    "G:\016-codex\0-xianyu\2-uart_fpga_update\uart_axi_bridge\src\sim\..\rtl\reset_sync.v";
    "G:\016-codex\0-xianyu\2-uart_fpga_update\uart_axi_bridge\src\sim\..\rtl\uart_rx.v";
    "G:\016-codex\0-xianyu\2-uart_fpga_update\uart_axi_bridge\src\sim\..\rtl\uart_tx.v";
    "G:\016-codex\0-xianyu\2-uart_fpga_update\uart_axi_bridge\src\sim\axi_full_slave_model.v";
    "G:\016-codex\0-xianyu\2-uart_fpga_update\uart_axi_bridge\src\sim\axi_lite_slave_model.v";
